{"type": "FeatureCollection", "features": [{"type": "Feature", "geometry": {"type": "Point", "coordinates": [-67.177125, 18.224398]}, "properties": {"canonical_id": "place_bar_arrecife_algarrobo_1", "gnis_id": "1609530", "canonical_name": "Arrecife Algarrobo", "normalized_name": "ARRECIFE ALGARROBO", "feature_type": "bar", "group": "coastal", "feature_class": "Bar", "municipality": "Mayagüez"}}, {"type": "Feature", "geometry": {"type": "Point", "coordinates": [-66.088498, 17.950523]}, "properties": {"canonical_id": "place_bar_arrecife_algarrobo_2", "gnis_id": "1609531", "canonical_name": "Arrecife Algarrobo", "normalized_name": "ARRECIFE ALGARROBO", "feature_type": "bar", "group": "coastal", "feature_class": "Bar", "municipality": "Guayama"}}, {"type": "Feature", "geometry": {"type": "Point", "coordinates": [-66.950176, 17.926357]}, "properties": {"canonical_id": "place_bar_arrecife_baul", "gnis_id": "1609532", "canonical_name": "Arrecife Baúl", "normalized_name": "ARRECIFE BAUL", "feature_type": "bar", "group": "coastal", "feature_class": "Bar", "municipality": "Guánica"}}, {"type": "Feature", "geometry": {"type": "Point", "coordinates": [-66.63259, 17.957842]}, "properties": {"canonical_id": "place_bar_arrecife_cardona", "gnis_id": "2575458", "canonical_name": "Arrecife Cardona", "normalized_name": "ARRECIFE CARDONA", "feature_type": "bar", "group": "coastal", "feature_class": "Bar", "municipality": "Ponce"}}, {"type": "Feature", "geometry": {"type": "Point", "coordinates": [-67.060733, 17.941355]}, "properties": {"canonical_id": "place_bar_arrecife_coral", "gnis_id": "1609534", "canonical_name": "Arrecife Coral", "normalized_name": "ARRECIFE CORAL", "feature_type": "bar", "group": "coastal", "feature_class": "Bar", "municipality": "Lajas"}}, {"type": "Feature", "geometry": {"type": "Point", "coordinates": [-66.072942, 17.953856]}, "properties": {"canonical_id": "place_bar_arrecife_corona_1", "gnis_id": "1609535", "canonical_name": "Arrecife Corona", "normalized_name": "ARRECIFE CORONA", "feature_type": "bar", "group": "coastal", "feature_class": "Bar", "municipality": "Guayama"}}, {"type": "Feature", "geometry": {"type": "Point", "coordinates": [-65.487104, 18.162184]}, "properties": {"canonical_id": "place_bar_arrecife_corona_2", "gnis_id": "1612874", "canonical_name": "Arrecife Corona", "normalized_name": "ARRECIFE CORONA", "feature_type": "bar", "group": "coastal", "feature_class": "Bar", "municipality": "Vieques"}}, {"type": "Feature", "geometry": {"type": "Point", "coordinates": [-65.616272, 18.331342]}, "properties": {"canonical_id": "place_bar_arrecife_corona_carrillo", "gnis_id": "1612976", "canonical_name": "Arrecife Corona Carrillo", "normalized_name": "ARRECIFE CORONA CARRILLO", "feature_type": "bar", "group": "coastal", "feature_class": "Bar", "municipality": "Fajardo"}}, {"type": "Feature", "geometry": {"type": "Point", "coordinates": [-67.010455, 17.945522]}, "properties": {"canonical_id": "place_bar_arrecife_enmedio", "gnis_id": "1609536", "canonical_name": "Arrecife Enmedio", "normalized_name": "ARRECIFE ENMEDIO", "feature_type": "bar", "group": "coastal", "feature_class": "Bar", "municipality": "Lajas"}}, {"type": "Feature", "geometry": {"type": "Point", "coordinates": [-66.759064, 17.967467]}, "properties": {"canonical_id": "place_bar_arrecife_fanduco", "gnis_id": "1609537", "canonical_name": "Arrecife Fanduco", "normalized_name": "ARRECIFE FANDUCO", "feature_type": "bar", "group": "coastal", "feature_class": "Bar", "municipality": "Guayanilla"}}, {"type": "Feature", "geometry": {"type": "Point", "coordinates": [-66.042942, 17.936357]}, "properties": {"canonical_id": "place_bar_arrecife_guayama", "gnis_id": "1609538", "canonical_name": "Arrecife Guayama", "normalized_name": "ARRECIFE GUAYAMA", "feature_type": "bar", "group": "coastal", "feature_class": "Bar", "municipality": "Arroyo"}}, {"type": "Feature", "geometry": {"type": "Point", "coordinates": [-66.785761, 17.957846]}, "properties": {"canonical_id": "place_bar_arrecife_guayanilla", "gnis_id": "1609539", "canonical_name": "Arrecife Guayanilla", "normalized_name": "ARRECIFE GUAYANILLA", "feature_type": "bar", "group": "coastal", "feature_class": "Bar", "municipality": "Guayanilla"}}, {"type": "Feature", "geometry": {"type": "Point", "coordinates": [-67.0949, 17.934133]}, "properties": {"canonical_id": "place_bar_arrecife_laurel", "gnis_id": "1609540", "canonical_name": "Arrecife Laurel", "normalized_name": "ARRECIFE LAUREL", "feature_type": "bar", "group": "coastal", "feature_class": "Bar", "municipality": "Lajas"}}, {"type": "Feature", "geometry": {"type": "Point", "coordinates": [-65.689606, 18.176627]}, "properties": {"canonical_id": "place_bar_arrecife_lima", "gnis_id": "1609541", "canonical_name": "Arrecife Lima", "normalized_name": "ARRECIFE LIMA", "feature_type": "bar", "group": "coastal", "feature_class": "Bar", "municipality": "Naguabo"}}, {"type": "Feature", "geometry": {"type": "Point", "coordinates": [-66.136832, 17.927468]}, "properties": {"canonical_id": "place_bar_arrecife_mareas", "gnis_id": "1609542", "canonical_name": "Arrecife Mareas", "normalized_name": "ARRECIFE MAREAS", "feature_type": "bar", "group": "coastal", "feature_class": "Bar", "municipality": "Guayama"}}, {"type": "Feature", "geometry": {"type": "Point", "coordinates": [-67.110178, 17.920245]}, "properties": {"canonical_id": "place_bar_arrecife_margarita", "gnis_id": "1609543", "canonical_name": "Arrecife Margarita", "normalized_name": "ARRECIFE MARGARITA", "feature_type": "bar", "group": "coastal", "feature_class": "Bar", "municipality": "Lajas"}}, {"type": "Feature", "geometry": {"type": "Point", "coordinates": [-65.619328, 18.333842]}, "properties": {"canonical_id": "place_bar_arrecife_mata_caballos", "gnis_id": "1609544", "canonical_name": "Arrecife Mata Caballos", "normalized_name": "ARRECIFE MATA CABALLOS", "feature_type": "bar", "group": "coastal", "feature_class": "Bar", "municipality": "Fajardo"}}, {"type": "Feature", "geometry": {"type": "Point", "coordinates": [-66.319613, 17.927746]}, "properties": {"canonical_id": "place_bar_arrecife_media_luna_1", "gnis_id": "1609545", "canonical_name": "Arrecife Media Luna", "normalized_name": "ARRECIFE MEDIA LUNA", "feature_type": "bar", "group": "coastal", "feature_class": "Bar", "municipality": "Salinas"}}, {"type": "Feature", "geometry": {"type": "Point", "coordinates": [-67.046011, 17.938578]}, "properties": {"canonical_id": "place_bar_arrecife_media_luna_2", "gnis_id": "1609546", "canonical_name": "Arrecife Media Luna", "normalized_name": "ARRECIFE MEDIA LUNA", "feature_type": "bar", "group": "coastal", "feature_class": "Bar", "municipality": "Lajas"}}, {"type": "Feature", "geometry": {"type": "Point", "coordinates": [-65.496271, 18.162461]}, "properties": {"canonical_id": "place_bar_arrecife_mosquito", "gnis_id": "1612875", "canonical_name": "Arrecife Mosquito", "normalized_name": "ARRECIFE MOSQUITO", "feature_type": "bar", "group": "coastal", "feature_class": "Bar", "municipality": "Vieques"}}, {"type": "Feature", "geometry": {"type": "Point", "coordinates": [-67.244348, 18.301616]}, "properties": {"canonical_id": "place_bar_arrecife_peregrina", "gnis_id": "1609547", "canonical_name": "Arrecife Peregrina", "normalized_name": "ARRECIFE PEREGRINA", "feature_type": "bar", "group": "coastal", "feature_class": "Bar", "municipality": "Rincón"}}, {"type": "Feature", "geometry": {"type": "Point", "coordinates": [-66.678785, 17.951635]}, "properties": {"canonical_id": "place_bar_arrecife_ratones", "gnis_id": "1609548", "canonical_name": "Arrecife Ratones", "normalized_name": "ARRECIFE RATONES", "feature_type": "bar", "group": "coastal", "feature_class": "Bar", "municipality": "Ponce"}}, {"type": "Feature", "geometry": {"type": "Point", "coordinates": [-66.989899, 17.949967]}, "properties": {"canonical_id": "place_bar_arrecife_romero", "gnis_id": "1609549", "canonical_name": "Arrecife Romero", "normalized_name": "ARRECIFE ROMERO", "feature_type": "bar", "group": "coastal", "feature_class": "Bar", "municipality": "Lajas"}}, {"type": "Feature", "geometry": {"type": "Point", "coordinates": [-65.614606, 18.342175]}, "properties": {"canonical_id": "place_bar_arrecife_roncador", "gnis_id": "1609550", "canonical_name": "Arrecife Roncador", "normalized_name": "ARRECIFE RONCADOR", "feature_type": "bar", "group": "coastal", "feature_class": "Bar", "municipality": "Fajardo"}}, {"type": "Feature", "geometry": {"type": "Point", "coordinates": [-65.880162, 17.983579]}, "properties": {"canonical_id": "place_bar_arrecife_sargent", "gnis_id": "1609551", "canonical_name": "Arrecife Sargent", "normalized_name": "ARRECIFE SARGENT", "feature_type": "bar", "group": "coastal", "feature_class": "Bar", "municipality": "Maunabo"}}, {"type": "Feature", "geometry": {"type": "Point", "coordinates": [-66.780175, 17.964134]}, "properties": {"canonical_id": "place_bar_arrecife_unitas", "gnis_id": "1609552", "canonical_name": "Arrecife Unitas", "normalized_name": "ARRECIFE UNITAS", "feature_type": "bar", "group": "coastal", "feature_class": "Bar", "municipality": "Guayanilla"}}, {"type": "Feature", "geometry": {"type": "Point", "coordinates": [-67.161569, 18.214121]}, "properties": {"canonical_id": "place_bar_baja_mondongo", "gnis_id": "1613348", "canonical_name": "Baja Mondongo", "normalized_name": "BAJA MONDONGO", "feature_type": "bar", "group": "coastal", "feature_class": "Bar", "municipality": "Mayagüez"}}, {"type": "Feature", "geometry": {"type": "Point", "coordinates": [-65.264324, 18.277735]}, "properties": {"canonical_id": "place_bar_bajo_amarillo", "gnis_id": "1613321", "canonical_name": "Bajo Amarillo", "normalized_name": "BAJO AMARILLO", "feature_type": "bar", "group": "coastal", "feature_class": "Bar", "municipality": "Culebra"}}, {"type": "Feature", "geometry": {"type": "Point", "coordinates": [-65.618217, 18.338842]}, "properties": {"canonical_id": "place_bar_bajo_blake", "gnis_id": "1613333", "canonical_name": "Bajo Blake", "normalized_name": "BAJO BLAKE", "feature_type": "bar", "group": "coastal", "feature_class": "Bar", "municipality": "Fajardo"}}, {"type": "Feature", "geometry": {"type": "Point", "coordinates": [-65.25849, 18.285235]}, "properties": {"canonical_id": "place_bar_bajo_camaron", "gnis_id": "1613320", "canonical_name": "Bajo Camaron", "normalized_name": "BAJO CAMARON", "feature_type": "bar", "group": "coastal", "feature_class": "Bar", "municipality": "Culebra"}}, {"type": "Feature", "geometry": {"type": "Point", "coordinates": [-66.633046, 17.957322]}, "properties": {"canonical_id": "place_bar_bajo_cardona", "gnis_id": "2575424", "canonical_name": "Bajo Cardona", "normalized_name": "BAJO CARDONA", "feature_type": "bar", "group": "coastal", "feature_class": "Bar", "municipality": "Ponce"}}, {"type": "Feature", "geometry": {"type": "Point", "coordinates": [-67.223513, 17.972465]}, "properties": {"canonical_id": "place_bar_bajo_casabe", "gnis_id": "1609589", "canonical_name": "Bajo Casabe", "normalized_name": "BAJO CASABE", "feature_type": "bar", "group": "coastal", "feature_class": "Bar", "municipality": "Cabo Rojo"}}, {"type": "Feature", "geometry": {"type": "Point", "coordinates": [-65.512383, 18.254402]}, "properties": {"canonical_id": "place_bar_bajo_chinchorro_del_norte", "gnis_id": "1613393", "canonical_name": "Bajo Chinchorro del Norte", "normalized_name": "BAJO CHINCHORRO DEL NORTE", "feature_type": "bar", "group": "coastal", "feature_class": "Bar", "municipality": "Ceiba"}}, {"type": "Feature", "geometry": {"type": "Point", "coordinates": [-65.514882, 18.236625]}, "properties": {"canonical_id": "place_bar_bajo_chinchorro_del_sur", "gnis_id": "1613394", "canonical_name": "Bajo Chinchorro del Sur", "normalized_name": "BAJO CHINCHORRO DEL SUR", "feature_type": "bar", "group": "coastal", "feature_class": "Bar", "municipality": "Ceiba"}}, {"type": "Feature", "geometry": {"type": "Point", "coordinates": [-65.470437, 18.152462]}, "properties": {"canonical_id": "place_bar_bajo_comandante", "gnis_id": "1613354", "canonical_name": "Bajo Comandante", "normalized_name": "BAJO COMANDANTE", "feature_type": "bar", "group": "coastal", "feature_class": "Bar", "municipality": "Vieques"}}, {"type": "Feature", "geometry": {"type": "Point", "coordinates": [-67.207402, 18.022462]}, "properties": {"canonical_id": "place_bar_bajo_enmedio", "gnis_id": "1609590", "canonical_name": "Bajo Enmedio", "normalized_name": "BAJO ENMEDIO", "feature_type": "bar", "group": "coastal", "feature_class": "Bar", "municipality": "Cabo Rojo"}}, {"type": "Feature", "geometry": {"type": "Point", "coordinates": [-65.241823, 18.281068]}, "properties": {"canonical_id": "place_bar_bajo_grouper", "gnis_id": "1613357", "canonical_name": "Bajo Grouper", "normalized_name": "BAJO GROUPER", "feature_type": "bar", "group": "coastal", "feature_class": "Bar", "municipality": "Culebra"}}, {"type": "Feature", "geometry": {"type": "Point", "coordinates": [-65.62405, 18.385229]}, "properties": {"canonical_id": "place_bar_bajo_laja", "gnis_id": "1613342", "canonical_name": "Bajo Laja", "normalized_name": "BAJO LAJA", "feature_type": "bar", "group": "coastal", "feature_class": "Bar", "municipality": "Fajardo"}}, {"type": "Feature", "geometry": {"type": "Point", "coordinates": [-65.496548, 18.148295]}, "properties": {"canonical_id": "place_bar_bajo_merail", "gnis_id": "1613352", "canonical_name": "Bajo Merail", "normalized_name": "BAJO MERAIL", "feature_type": "bar", "group": "coastal", "feature_class": "Bar", "municipality": "Vieques"}}, {"type": "Feature", "geometry": {"type": "Point", "coordinates": [-67.207124, 18.005241]}, "properties": {"canonical_id": "place_bar_bajo_palo", "gnis_id": "1609591", "canonical_name": "Bajo Palo", "normalized_name": "BAJO PALO", "feature_type": "bar", "group": "coastal", "feature_class": "Bar", "municipality": "Cabo Rojo"}}, {"type": "Feature", "geometry": {"type": "Point", "coordinates": [-67.192957, 18.012185]}, "properties": {"canonical_id": "place_bar_bajo_ramito", "gnis_id": "1609592", "canonical_name": "Bajo Ramito", "normalized_name": "BAJO RAMITO", "feature_type": "bar", "group": "coastal", "feature_class": "Bar", "municipality": "Cabo Rojo"}}, {"type": "Feature", "geometry": {"type": "Point", "coordinates": [-67.194069, 18.026073]}, "properties": {"canonical_id": "place_bar_bajo_roman", "gnis_id": "1609593", "canonical_name": "Bajo Román", "normalized_name": "BAJO ROMAN", "feature_type": "bar", "group": "coastal", "feature_class": "Bar", "municipality": "Cabo Rojo"}}, {"type": "Feature", "geometry": {"type": "Point", "coordinates": [-66.116833, 18.464112]}, "properties": {"canonical_id": "place_bar_bajo_san_agustin", "gnis_id": "1613328", "canonical_name": "Bajo San Agustin", "normalized_name": "BAJO SAN AGUSTIN", "feature_type": "bar", "group": "coastal", "feature_class": "Bar", "municipality": "San Juan"}}, {"type": "Feature", "geometry": {"type": "Point", "coordinates": [-66.125166, 18.4705]}, "properties": {"canonical_id": "place_bar_bajo_santa_elena", "gnis_id": "1613329", "canonical_name": "Bajo Santa Elena", "normalized_name": "BAJO SANTA ELENA", "feature_type": "bar", "group": "coastal", "feature_class": "Bar", "municipality": "Cataño"}}, {"type": "Feature", "geometry": {"type": "Point", "coordinates": [-66.121278, 18.45689]}, "properties": {"canonical_id": "place_bar_bajo_tablazo", "gnis_id": "1613327", "canonical_name": "Bajo Tablazo", "normalized_name": "BAJO TABLAZO", "feature_type": "bar", "group": "coastal", "feature_class": "Bar", "municipality": "San Juan"}}, {"type": "Feature", "geometry": {"type": "Point", "coordinates": [-66.609617, 17.930247]}, "properties": {"canonical_id": "place_bar_bajo_tasmanian", "gnis_id": "1613332", "canonical_name": "Bajo Tasmanian", "normalized_name": "BAJO TASMANIAN", "feature_type": "bar", "group": "coastal", "feature_class": "Bar", "municipality": "Ponce"}}, {"type": "Feature", "geometry": {"type": "Point", "coordinates": [-65.252518, 18.296737]}, "properties": {"canonical_id": "place_bar_bajo_de_almodovar", "gnis_id": "2575457", "canonical_name": "Bajo de Almodóvar", "normalized_name": "BAJO DE ALMODOVAR", "feature_type": "bar", "group": "coastal", "feature_class": "Bar", "municipality": "Culebra"}}, {"type": "Feature", "geometry": {"type": "Point", "coordinates": [-65.625995, 18.330231]}, "properties": {"canonical_id": "place_bar_bajo_del_rio", "gnis_id": "1613389", "canonical_name": "Bajo del Río", "normalized_name": "BAJO DEL RIO", "feature_type": "bar", "group": "coastal", "feature_class": "Bar", "municipality": "Fajardo"}}, {"type": "Feature", "geometry": {"type": "Point", "coordinates": [-67.246291, 18.004963]}, "properties": {"canonical_id": "place_bar_bajos_resuello_1", "gnis_id": "1609594", "canonical_name": "Bajos Resuello", "normalized_name": "BAJOS RESUELLO", "feature_type": "bar", "group": "coastal", "feature_class": "Bar", "municipality": "Cabo Rojo"}}, {"type": "Feature", "geometry": {"type": "Point", "coordinates": [-67.246806, 18.0048]}, "properties": {"canonical_id": "place_bar_bajos_resuello_2", "gnis_id": "2575434", "canonical_name": "Bajos Resuello", "normalized_name": "BAJOS RESUELLO", "feature_type": "bar", "group": "coastal", "feature_class": "Bar", "municipality": "Cabo Rojo"}}, {"type": "Feature", "geometry": {"type": "Point", "coordinates": [-66.649618, 17.958857]}, "properties": {"canonical_id": "place_bar_cayo_viejo", "gnis_id": "1610289", "canonical_name": "Cayo Viejo", "normalized_name": "CAYO VIEJO", "feature_type": "bar", "group": "coastal", "feature_class": "Bar", "municipality": "Ponce"}}, {"type": "Feature", "geometry": {"type": "Point", "coordinates": [-66.898787, 17.936912]}, "properties": {"canonical_id": "place_bar_corona_la_laja", "gnis_id": "1610159", "canonical_name": "Corona La Laja", "normalized_name": "CORONA LA LAJA", "feature_type": "bar", "group": "coastal", "feature_class": "Bar", "municipality": "Guánica"}}, {"type": "Feature", "geometry": {"type": "Point", "coordinates": [-65.497382, 18.139129]}, "properties": {"canonical_id": "place_bar_ensanada_claque", "gnis_id": "1613353", "canonical_name": "Ensanada Claque", "normalized_name": "ENSANADA CLAQUE", "feature_type": "bar", "group": "coastal", "feature_class": "Bar", "municipality": "Vieques"}}, {"type": "Feature", "geometry": {"type": "Point", "coordinates": [-66.110166, 18.109961]}, "properties": {"canonical_id": "place_bar_escollo_grande", "gnis_id": "1613326", "canonical_name": "Escollo Grande", "normalized_name": "ESCOLLO GRANDE", "feature_type": "bar", "group": "coastal", "feature_class": "Bar", "municipality": "San Juan"}}, {"type": "Feature", "geometry": {"type": "Point", "coordinates": [-66.097666, 18.435502]}, "properties": {"canonical_id": "place_bar_escollo_mojlganga", "gnis_id": "1613335", "canonical_name": "Escollo Mojlganga", "normalized_name": "ESCOLLO MOJLGANGA", "feature_type": "bar", "group": "coastal", "feature_class": "Bar", "municipality": "San Juan"}}, {"type": "Feature", "geometry": {"type": "Point", "coordinates": [-67.18268, 18.187177]}, "properties": {"canonical_id": "place_bar_escollo_rodriguez", "gnis_id": "1613349", "canonical_name": "Escollo Rodriguez", "normalized_name": "ESCOLLO RODRIGUEZ", "feature_type": "bar", "group": "coastal", "feature_class": "Bar", "municipality": "Mayagüez"}}, {"type": "Feature", "geometry": {"type": "Point", "coordinates": [-65.583333, 18.133333]}, "properties": {"canonical_id": "place_bar_escollo_de_arenas", "gnis_id": "2575429", "canonical_name": "Escollo de Arenas", "normalized_name": "ESCOLLO DE ARENAS", "feature_type": "bar", "group": "coastal", "feature_class": "Bar", "municipality": "Vieques"}}, {"type": "Feature", "geometry": {"type": "Point", "coordinates": [-67.237125, 18.082737]}, "properties": {"canonical_id": "place_bar_las_coronas", "gnis_id": "1611359", "canonical_name": "Las Coronas", "normalized_name": "LAS CORONAS", "feature_type": "bar", "group": "coastal", "feature_class": "Bar", "municipality": "Cabo Rojo"}}, {"type": "Feature", "geometry": {"type": "Point", "coordinates": [-66.637118, 17.966079]}, "properties": {"canonical_id": "place_bar_las_hojitas", "gnis_id": "1609533", "canonical_name": "Las Hojitas", "normalized_name": "LAS HOJITAS", "feature_type": "bar", "group": "coastal", "feature_class": "Bar", "municipality": "Ponce"}}, {"type": "Feature", "geometry": {"type": "Point", "coordinates": [-67.2, 18.233333]}, "properties": {"canonical_id": "place_bar_manchas_banks", "gnis_id": "2575456", "canonical_name": "Manchas Banks", "normalized_name": "MANCHAS BANKS", "feature_type": "bar", "group": "coastal", "feature_class": "Bar", "municipality": "Mayagüez"}}, {"type": "Feature", "geometry": {"type": "Point", "coordinates": [-67.183333, 18.233333]}, "properties": {"canonical_id": "place_bar_manchas_chicas", "gnis_id": "2680295", "canonical_name": "Manchas Chicas", "normalized_name": "MANCHAS CHICAS", "feature_type": "bar", "group": "coastal", "feature_class": "Bar", "municipality": "Mayagüez"}}, {"type": "Feature", "geometry": {"type": "Point", "coordinates": [-67.197125, 18.227453]}, "properties": {"canonical_id": "place_bar_manchas_exteriores", "gnis_id": "1613343", "canonical_name": "Manchas Exteriores", "normalized_name": "MANCHAS EXTERIORES", "feature_type": "bar", "group": "coastal", "feature_class": "Bar", "municipality": "Mayagüez"}}, {"type": "Feature", "geometry": {"type": "Point", "coordinates": [-67.192958, 18.214398]}, "properties": {"canonical_id": "place_bar_manchas_grandes", "gnis_id": "1613344", "canonical_name": "Manchas Grandes", "normalized_name": "MANCHAS GRANDES", "feature_type": "bar", "group": "coastal", "feature_class": "Bar", "municipality": "Mayagüez"}}, {"type": "Feature", "geometry": {"type": "Point", "coordinates": [-67.2, 18.233333]}, "properties": {"canonical_id": "place_bar_manchas_interiores", "gnis_id": "2575454", "canonical_name": "Manchas Interiores", "normalized_name": "MANCHAS INTERIORES", "feature_type": "bar", "group": "coastal", "feature_class": "Bar", "municipality": "Mayagüez"}}, {"type": "Feature", "geometry": {"type": "Point", "coordinates": [-65.500993, 18.164128]}, "properties": {"canonical_id": "place_bar_pasaje_radas_roosevelt", "gnis_id": "1613341", "canonical_name": "Pasaje Radas Roosevelt", "normalized_name": "PASAJE RADAS ROOSEVELT", "feature_type": "bar", "group": "coastal", "feature_class": "Bar", "municipality": "Vieques"}}, {"type": "Feature", "geometry": {"type": "Point", "coordinates": [-65.530994, 18.268568]}, "properties": {"canonical_id": "place_bar_piragua_de_adentro", "gnis_id": "1613397", "canonical_name": "Piragua de Adentro", "normalized_name": "PIRAGUA DE ADENTRO", "feature_type": "bar", "group": "coastal", "feature_class": "Bar", "municipality": "Ceiba"}}, {"type": "Feature", "geometry": {"type": "Point", "coordinates": [-66.600728, 17.96219]}, "properties": {"canonical_id": "place_bar_roca_ahogado", "gnis_id": "1612632", "canonical_name": "Roca Ahogado", "normalized_name": "ROCA AHOGADO", "feature_type": "bar", "group": "coastal", "feature_class": "Bar", "municipality": "Ponce"}}, {"type": "Feature", "geometry": {"type": "Point", "coordinates": [-67.186013, 18.204121]}, "properties": {"canonical_id": "place_bar_roca_blanca", "gnis_id": "1613347", "canonical_name": "Roca Blanca", "normalized_name": "ROCA BLANCA", "feature_type": "bar", "group": "coastal", "feature_class": "Bar", "municipality": "Mayagüez"}}, {"type": "Feature", "geometry": {"type": "Point", "coordinates": [-65.549049, 18.245791]}, "properties": {"canonical_id": "place_bar_roca_descubridor", "gnis_id": "1612634", "canonical_name": "Roca Descubridor", "normalized_name": "ROCA DESCUBRIDOR", "feature_type": "bar", "group": "coastal", "feature_class": "Bar", "municipality": "Ceiba"}}, {"type": "Feature", "geometry": {"type": "Point", "coordinates": [-67.021566, 17.933301]}, "properties": {"canonical_id": "place_bar_turrumoto_i", "gnis_id": "1613392", "canonical_name": "Turrumoto I", "normalized_name": "TURRUMOTO I", "feature_type": "bar", "group": "coastal", "feature_class": "Bar", "municipality": "Lajas"}}, {"type": "Feature", "geometry": {"type": "Point", "coordinates": [-67.93852, 18.077178]}, "properties": {"canonical_id": "place_bay_anclaje_isabela", "gnis_id": "1609516", "canonical_name": "Anclaje Isabela", "normalized_name": "ANCLAJE ISABELA", "feature_type": "bay", "group": "coastal", "feature_class": "Bay", "municipality": "Mayagüez"}}, {"type": "Feature", "geometry": {"type": "Point", "coordinates": [-67.941298, 18.089678]}, "properties": {"canonical_id": "place_bay_anclaje_sardinera", "gnis_id": "1609517", "canonical_name": "Anclaje Sardinera", "normalized_name": "ANCLAJE SARDINERA", "feature_type": "bay", "group": "coastal", "feature_class": "Bay", "municipality": "Mayagüez"}}, {"type": "Feature", "geometry": {"type": "Point", "coordinates": [-66.921843, 17.961911]}, "properties": {"canonical_id": "place_bay_bahia_de_guanica", "gnis_id": "1992712", "canonical_name": "Bahia de Guanica", "normalized_name": "BAHIA DE GUANICA", "feature_type": "bay", "group": "coastal", "feature_class": "Bay", "municipality": "Guánica"}}, {"type": "Feature", "geometry": {"type": "Point", "coordinates": [-66.633229, 17.973856]}, "properties": {"canonical_id": "place_bay_bahia_de_ponce", "gnis_id": "1613358", "canonical_name": "Bahia de Ponce", "normalized_name": "BAHIA DE PONCE", "feature_type": "bay", "group": "coastal", "feature_class": "Bay", "municipality": "Ponce"}}, {"type": "Feature", "geometry": {"type": "Point", "coordinates": [-65.694606, 18.190237]}, "properties": {"canonical_id": "place_bay_bahia_algodones", "gnis_id": "1609566", "canonical_name": "Bahía Algodones", "normalized_name": "BAHIA ALGODONES", "feature_type": "bay", "group": "coastal", "feature_class": "Bay", "municipality": "Naguabo"}}, {"type": "Feature", "geometry": {"type": "Point", "coordinates": [-67.182958, 18.148013]}, "properties": {"canonical_id": "place_bay_bahia_bramadero", "gnis_id": "1609567", "canonical_name": "Bahía Bramadero", "normalized_name": "BAHIA BRAMADERO", "feature_type": "bay", "group": "coastal", "feature_class": "Bay", "municipality": "Cabo Rojo"}}, {"type": "Feature", "geometry": {"type": "Point", "coordinates": [-65.415714, 18.107464]}, "properties": {"canonical_id": "place_bay_bahia_corcho", "gnis_id": "1612877", "canonical_name": "Bahía Corcho", "normalized_name": "BAHIA CORCHO", "feature_type": "bay", "group": "coastal", "feature_class": "Bay", "municipality": "Vieques"}}, {"type": "Feature", "geometry": {"type": "Point", "coordinates": [-65.630161, 18.288289]}, "properties": {"canonical_id": "place_bay_bahia_demajagua", "gnis_id": "1609576", "canonical_name": "Bahía Demajagua", "normalized_name": "BAHIA DEMAJAGUA", "feature_type": "bay", "group": "coastal", "feature_class": "Bay", "municipality": "Fajardo"}}, {"type": "Feature", "geometry": {"type": "Point", "coordinates": [-65.340991, 18.114964]}, "properties": {"canonical_id": "place_bay_bahia_fanduca", "gnis_id": "1609577", "canonical_name": "Bahía Fanduca", "normalized_name": "BAHIA FANDUCA", "feature_type": "bay", "group": "coastal", "feature_class": "Bay", "municipality": "Vieques"}}, {"type": "Feature", "geometry": {"type": "Point", "coordinates": [-65.31627, 18.331344]}, "properties": {"canonical_id": "place_bay_bahia_flamenco", "gnis_id": "1609578", "canonical_name": "Bahía Flamenco", "normalized_name": "BAHIA FLAMENCO", "feature_type": "bay", "group": "coastal", "feature_class": "Bay", "municipality": "Culebra"}}, {"type": "Feature", "geometry": {"type": "Point", "coordinates": [-67.014066, 17.972188]}, "properties": {"canonical_id": "place_bay_bahia_fosforescente", "gnis_id": "1609579", "canonical_name": "Bahía Fosforescénte", "normalized_name": "BAHIA FOSFORESCENTE", "feature_type": "bay", "group": "coastal", "feature_class": "Bay", "municipality": "Lajas"}}, {"type": "Feature", "geometry": {"type": "Point", "coordinates": [-66.77462, 17.989688]}, "properties": {"canonical_id": "place_bay_bahia_guayanilla", "gnis_id": "1609572", "canonical_name": "Bahía Guayanilla", "normalized_name": "BAHIA GUAYANILLA", "feature_type": "bay", "group": "coastal", "feature_class": "Bay", "municipality": "Guayanilla"}}, {"type": "Feature", "geometry": {"type": "Point", "coordinates": [-65.30488, 18.143297]}, "properties": {"canonical_id": "place_bay_bahia_icacos", "gnis_id": "1612878", "canonical_name": "Bahía Icacos", "normalized_name": "BAHIA ICACOS", "feature_type": "bay", "group": "coastal", "feature_class": "Bay", "municipality": "Vieques"}}, {"type": "Feature", "geometry": {"type": "Point", "coordinates": [-65.33238, 18.121631]}, "properties": {"canonical_id": "place_bay_bahia_jalova", "gnis_id": "1612879", "canonical_name": "Bahía Jalova", "normalized_name": "BAHIA JALOVA", "feature_type": "bay", "group": "coastal", "feature_class": "Bay", "municipality": "Vieques"}}, {"type": "Feature", "geometry": {"type": "Point", "coordinates": [-65.698772, 18.182459]}, "properties": {"canonical_id": "place_bay_bahia_lima", "gnis_id": "1609580", "canonical_name": "Bahía Lima", "normalized_name": "BAHIA LIMA", "feature_type": "bay", "group": "coastal", "feature_class": "Bay", "municipality": "Naguabo"}}, {"type": "Feature", "geometry": {"type": "Point", "coordinates": [-65.300991, 18.296346]}, "properties": {"canonical_id": "place_bay_bahia_linda", "gnis_id": "1613375", "canonical_name": "Bahía Linda", "normalized_name": "BAHIA LINDA", "feature_type": "bay", "group": "coastal", "feature_class": "Bay", "municipality": "Culebra"}}, {"type": "Feature", "geometry": {"type": "Point", "coordinates": [-66.992677, 17.965799]}, "properties": {"canonical_id": "place_bay_bahia_montalva", "gnis_id": "1609581", "canonical_name": "Bahía Montalva", "normalized_name": "BAHIA MONTALVA", "feature_type": "bay", "group": "coastal", "feature_class": "Bay", "municipality": "Lajas"}}, {"type": "Feature", "geometry": {"type": "Point", "coordinates": [-65.267657, 18.293845]}, "properties": {"canonical_id": "place_bay_bahia_mosquito", "gnis_id": "1609582", "canonical_name": "Bahía Mosquito", "normalized_name": "BAHIA MOSQUITO", "feature_type": "bay", "group": "coastal", "feature_class": "Bay", "municipality": "Culebra"}}, {"type": "Feature", "geometry": {"type": "Point", "coordinates": [-66.924898, 17.969411]}, "properties": {"canonical_id": "place_bay_bahia_noroeste", "gnis_id": "1609583", "canonical_name": "Bahía Noroeste", "normalized_name": "BAHIA NOROESTE", "feature_type": "bay", "group": "coastal", "feature_class": "Bay", "municipality": "Guánica"}}, {"type": "Feature", "geometry": {"type": "Point", "coordinates": [-65.275435, 18.136352]}, "properties": {"canonical_id": "place_bay_bahia_playa_blanca", "gnis_id": "1612880", "canonical_name": "Bahía Playa Blanca", "normalized_name": "BAHIA PLAYA BLANCA", "feature_type": "bay", "group": "coastal", "feature_class": "Bay", "municipality": "Vieques"}}, {"type": "Feature", "geometry": {"type": "Point", "coordinates": [-65.303769, 18.131352]}, "properties": {"canonical_id": "place_bay_bahia_salina_del_sur", "gnis_id": "1612979", "canonical_name": "Bahía Salina del Sur", "normalized_name": "BAHIA SALINA DEL SUR", "feature_type": "bay", "group": "coastal", "feature_class": "Bay", "municipality": "Vieques"}}, {"type": "Feature", "geometry": {"type": "Point", "coordinates": [-65.297102, 18.14413]}, "properties": {"canonical_id": "place_bay_bahia_salinas_1", "gnis_id": "1612881", "canonical_name": "Bahía Salinas", "normalized_name": "BAHIA SALINAS", "feature_type": "bay", "group": "coastal", "feature_class": "Bay", "municipality": "Vieques"}}, {"type": "Feature", "geometry": {"type": "Point", "coordinates": [-67.199624, 17.948021]}, "properties": {"canonical_id": "place_bay_bahia_salinas_2", "gnis_id": "1612980", "canonical_name": "Bahía Salinas", "normalized_name": "BAHIA SALINAS", "feature_type": "bay", "group": "coastal", "feature_class": "Bay", "municipality": "Cabo Rojo"}}, {"type": "Feature", "geometry": {"type": "Point", "coordinates": [-67.17879, 17.956354]}, "properties": {"canonical_id": "place_bay_bahia_sucia", "gnis_id": "1612981", "canonical_name": "Bahía Sucia", "normalized_name": "BAHIA SUCIA", "feature_type": "bay", "group": "coastal", "feature_class": "Bay", "municipality": "Cabo Rojo"}}, {"type": "Feature", "geometry": {"type": "Point", "coordinates": [-66.733508, 17.985522]}, "properties": {"canonical_id": "place_bay_bahia_tallaboa", "gnis_id": "1609564", "canonical_name": "Bahía Tallaboa", "normalized_name": "BAHIA TALLABOA", "feature_type": "bay", "group": "coastal", "feature_class": "Bay", "municipality": "Guayanilla"}}, {"type": "Feature", "geometry": {"type": "Point", "coordinates": [-65.320436, 18.317456]}, "properties": {"canonical_id": "place_bay_bahia_tamarindo", "gnis_id": "1609584", "canonical_name": "Bahía Tamarindo", "normalized_name": "BAHIA TAMARINDO", "feature_type": "bay", "group": "coastal", "feature_class": "Bay", "municipality": "Culebra"}}, {"type": "Feature", "geometry": {"type": "Point", "coordinates": [-65.408214, 18.111353]}, "properties": {"canonical_id": "place_bay_bahia_tapon", "gnis_id": "1612882", "canonical_name": "Bahía Tapón", "normalized_name": "BAHIA TAPON", "feature_type": "bay", "group": "coastal", "feature_class": "Bay", "municipality": "Vieques"}}, {"type": "Feature", "geometry": {"type": "Point", "coordinates": [-65.312103, 18.304956]}, "properties": {"canonical_id": "place_bay_bahia_tarja", "gnis_id": "1613381", "canonical_name": "Bahía Tarja", "normalized_name": "BAHIA TARJA", "feature_type": "bay", "group": "coastal", "feature_class": "Bay", "municipality": "Culebra"}}, {"type": "Feature", "geometry": {"type": "Point", "coordinates": [-65.33738, 18.11802]}, "properties": {"canonical_id": "place_bay_bahia_yoye", "gnis_id": "1609585", "canonical_name": "Bahía Yoye", "normalized_name": "BAHIA YOYE", "feature_type": "bay", "group": "coastal", "feature_class": "Bay", "municipality": "Vieques"}}, {"type": "Feature", "geometry": {"type": "Point", "coordinates": [-67.16907, 18.431334]}, "properties": {"canonical_id": "place_bay_bahia_de_aguadilla", "gnis_id": "1609568", "canonical_name": "Bahía de Aguadilla", "normalized_name": "BAHIA DE AGUADILLA", "feature_type": "bay", "group": "coastal", "feature_class": "Bay", "municipality": "Aguadilla"}}, {"type": "Feature", "geometry": {"type": "Point", "coordinates": [-65.255157, 18.298012]}, "properties": {"canonical_id": "place_bay_bahia_de_almodovar", "gnis_id": "1609559", "canonical_name": "Bahía de Almodóvar", "normalized_name": "BAHIA DE ALMODOVAR", "feature_type": "bay", "group": "coastal", "feature_class": "Bay", "municipality": "Culebra"}}, {"type": "Feature", "geometry": {"type": "Point", "coordinates": [-67.199625, 18.28134]}, "properties": {"canonical_id": "place_bay_bahia_de_anasco", "gnis_id": "1609569", "canonical_name": "Bahía de Añasco", "normalized_name": "BAHIA DE ANASCO", "feature_type": "bay", "group": "coastal", "feature_class": "Bay", "municipality": "Añasco"}}, {"type": "Feature", "geometry": {"type": "Point", "coordinates": [-67.191291, 18.018852]}, "properties": {"canonical_id": "place_bay_bahia_de_boqueron", "gnis_id": "1609570", "canonical_name": "Bahía de Boquerón", "normalized_name": "BAHIA DE BOQUERON", "feature_type": "bay", "group": "coastal", "feature_class": "Bay", "municipality": "Cabo Rojo"}}, {"type": "Feature", "geometry": {"type": "Point", "coordinates": [-65.628773, 18.340508]}, "properties": {"canonical_id": "place_bay_bahia_de_fajardo", "gnis_id": "1609560", "canonical_name": "Bahía de Fajardo", "normalized_name": "BAHIA DE FAJARDO", "feature_type": "bay", "group": "coastal", "feature_class": "Bay", "municipality": "Fajardo"}}, {"type": "Feature", "geometry": {"type": "Point", "coordinates": [-66.361558, 17.965244]}, "properties": {"canonical_id": "place_bay_bahia_de_jauca", "gnis_id": "1609561", "canonical_name": "Bahía de Jauca", "normalized_name": "BAHIA DE JAUCA", "feature_type": "bay", "group": "coastal", "feature_class": "Bay", "municipality": "Santa Isabel"}}, {"type": "Feature", "geometry": {"type": "Point", "coordinates": [-66.207945, 17.948023]}, "properties": {"canonical_id": "place_bay_bahia_de_jobos", "gnis_id": "1609573", "canonical_name": "Bahía de Jobos", "normalized_name": "BAHIA DE JOBOS", "feature_type": "bay", "group": "coastal", "feature_class": "Bay", "municipality": "Guayama"}}, {"type": "Feature", "geometry": {"type": "Point", "coordinates": [-65.300158, 18.333289]}, "properties": {"canonical_id": "place_bay_bahia_de_marejada", "gnis_id": "1613366", "canonical_name": "Bahía de Marejada", "normalized_name": "BAHIA DE MAREJADA", "feature_type": "bay", "group": "coastal", "feature_class": "Bay", "municipality": "Culebra"}}, {"type": "Feature", "geometry": {"type": "Point", "coordinates": [-67.162124, 18.202177]}, "properties": {"canonical_id": "place_bay_bahia_de_mayaguez", "gnis_id": "1609574", "canonical_name": "Bahía de Mayagüez", "normalized_name": "BAHIA DE MAYAGUEZ", "feature_type": "bay", "group": "coastal", "feature_class": "Bay", "municipality": "Mayagüez"}}, {"type": "Feature", "geometry": {"type": "Point", "coordinates": [-65.450437, 18.150518]}, "properties": {"canonical_id": "place_bay_bahia_de_mulas", "gnis_id": "1613350", "canonical_name": "Bahía de Mulas", "normalized_name": "BAHIA DE MULAS", "feature_type": "bay", "group": "coastal", "feature_class": "Bay", "municipality": "Vieques"}}, {"type": "Feature", "geometry": {"type": "Point", "coordinates": [-65.285268, 18.33314]}, "properties": {"canonical_id": "place_bay_bahia_de_oleaje", "gnis_id": "1613365", "canonical_name": "Bahía de Oleaje", "normalized_name": "BAHIA DE OLEAJE", "feature_type": "bay", "group": "coastal", "feature_class": "Bay", "municipality": "Culebra"}}, {"type": "Feature", "geometry": {"type": "Point", "coordinates": [-65.600439, 18.224403]}, "properties": {"canonical_id": "place_bay_bahia_de_puerca", "gnis_id": "1609562", "canonical_name": "Bahía de Puerca", "normalized_name": "BAHIA DE PUERCA", "feature_type": "bay", "group": "coastal", "feature_class": "Bay", "municipality": "Ceiba"}}, {"type": "Feature", "geometry": {"type": "Point", "coordinates": [-66.107111, 18.432169]}, "properties": {"canonical_id": "place_bay_bahia_de_puerto_nuevo", "gnis_id": "1609563", "canonical_name": "Bahía de Puerto Nuevo", "normalized_name": "BAHIA DE PUERTO NUEVO", "feature_type": "bay", "group": "coastal", "feature_class": "Bay", "municipality": "San Juan"}}, {"type": "Feature", "geometry": {"type": "Point", "coordinates": [-66.332946, 17.964689]}, "properties": {"canonical_id": "place_bay_bahia_de_rincon", "gnis_id": "1612977", "canonical_name": "Bahía de Rincón", "normalized_name": "BAHIA DE RINCON", "feature_type": "bay", "group": "coastal", "feature_class": "Bay", "municipality": "Santa Isabel"}}, {"type": "Feature", "geometry": {"type": "Point", "coordinates": [-66.107944, 18.448001]}, "properties": {"canonical_id": "place_bay_bahia_de_san_juan", "gnis_id": "1609575", "canonical_name": "Bahía de San Juan", "normalized_name": "BAHIA DE SAN JUAN", "feature_type": "bay", "group": "coastal", "feature_class": "Bay", "municipality": "San Juan"}}, {"type": "Feature", "geometry": {"type": "Point", "coordinates": [-65.303769, 18.30079]}, "properties": {"canonical_id": "place_bay_bahia_de_sardinas", "gnis_id": "1612978", "canonical_name": "Bahía de Sardinas", "normalized_name": "BAHIA DE SARDINAS", "feature_type": "bay", "group": "coastal", "feature_class": "Bay", "municipality": "Culebra"}}, {"type": "Feature", "geometry": {"type": "Point", "coordinates": [-66.191834, 18.469112]}, "properties": {"canonical_id": "place_bay_bahia_de_toa", "gnis_id": "1609565", "canonical_name": "Bahía de Toa", "normalized_name": "BAHIA DE TOA", "feature_type": "bay", "group": "coastal", "feature_class": "Bay", "municipality": "Toa Baja"}}, {"type": "Feature", "geometry": {"type": "Point", "coordinates": [-66.858509, 17.951357]}, "properties": {"canonical_id": "place_bay_bahia_de_la_ballena", "gnis_id": "1612958", "canonical_name": "Bahía de la Ballena", "normalized_name": "BAHIA DE LA BALLENA", "feature_type": "bay", "group": "coastal", "feature_class": "Bay", "municipality": "Guánica"}}, {"type": "Feature", "geometry": {"type": "Point", "coordinates": [-65.386269, 18.111075]}, "properties": {"canonical_id": "place_bay_bahia_de_la_chiva", "gnis_id": "1612876", "canonical_name": "Bahía de la Chiva", "normalized_name": "BAHIA DE LA CHIVA", "feature_type": "bay", "group": "coastal", "feature_class": "Bay", "municipality": "Vieques"}}, {"type": "Feature", "geometry": {"type": "Point", "coordinates": [-65.634328, 18.377174]}, "properties": {"canonical_id": "place_bay_bahia_las_cabezas", "gnis_id": "1610288", "canonical_name": "Bahía las Cabezas", "normalized_name": "BAHIA LAS CABEZAS", "feature_type": "bay", "group": "coastal", "feature_class": "Bay", "municipality": "Fajardo"}}, {"type": "Feature", "geometry": {"type": "Point", "coordinates": [-65.26849, 18.292734]}, "properties": {"canonical_id": "place_bay_bajo_snapper", "gnis_id": "1613360", "canonical_name": "Bajo Snapper", "normalized_name": "BAJO SNAPPER", "feature_type": "bay", "group": "coastal", "feature_class": "Bay", "municipality": "Culebra"}}, {"type": "Feature", "geometry": {"type": "Point", "coordinates": [-67.199624, 18.04885]}, "properties": {"canonical_id": "place_bay_boca_prieta", "gnis_id": "1609636", "canonical_name": "Boca Prieta", "normalized_name": "BOCA PRIETA", "feature_type": "bay", "group": "coastal", "feature_class": "Bay", "municipality": "Cabo Rojo"}}, {"type": "Feature", "geometry": {"type": "Point", "coordinates": [-66.380725, 18.484945]}, "properties": {"canonical_id": "place_bay_boca_del_cibuco", "gnis_id": "1609632", "canonical_name": "Boca del Cibuco", "normalized_name": "BOCA DEL CIBUCO", "feature_type": "bay", "group": "coastal", "feature_class": "Bay", "municipality": "Vega Baja"}}, {"type": "Feature", "geometry": {"type": "Point", "coordinates": [-67.061289, 17.973854]}, "properties": {"canonical_id": "place_bay_caleta_parguera", "gnis_id": "1609676", "canonical_name": "Caleta Parguera", "normalized_name": "CALETA PARGUERA", "feature_type": "bay", "group": "coastal", "feature_class": "Bay", "municipality": "Lajas"}}, {"type": "Feature", "geometry": {"type": "Point", "coordinates": [-66.956565, 17.936912]}, "properties": {"canonical_id": "place_bay_caleta_salinas", "gnis_id": "1609677", "canonical_name": "Caleta Salinas", "normalized_name": "CALETA SALINAS", "feature_type": "bay", "group": "coastal", "feature_class": "Bay", "municipality": "Guánica"}}, {"type": "Feature", "geometry": {"type": "Point", "coordinates": [-66.599617, 17.96469]}, "properties": {"canonical_id": "place_bay_caleta_de_cabullones", "gnis_id": "1612997", "canonical_name": "Caleta de Cabullones", "normalized_name": "CALETA DE CABULLONES", "feature_type": "bay", "group": "coastal", "feature_class": "Bay", "municipality": "Ponce"}}, {"type": "Feature", "geometry": {"type": "Point", "coordinates": [-66.92712, 17.963022]}, "properties": {"canonical_id": "place_bay_cueva_de_la_julia", "gnis_id": "1610193", "canonical_name": "Cueva de la Julia", "normalized_name": "CUEVA DE LA JULIA", "feature_type": "bay", "group": "coastal", "feature_class": "Bay", "municipality": "Guánica"}}, {"type": "Feature", "geometry": {"type": "Point", "coordinates": [-65.320714, 18.304679]}, "properties": {"canonical_id": "place_bay_culebra_sound", "gnis_id": "1991511", "canonical_name": "Culebra Sound", "normalized_name": "CULEBRA SOUND", "feature_type": "bay", "group": "coastal", "feature_class": "Bay", "municipality": "Culebra"}}, {"type": "Feature", "geometry": {"type": "Point", "coordinates": [-66.084333, 18.46189]}, "properties": {"canonical_id": "place_bay_el_boqueron", "gnis_id": "1610215", "canonical_name": "El Boquerón", "normalized_name": "EL BOQUERON", "feature_type": "bay", "group": "coastal", "feature_class": "Bay", "municipality": "San Juan"}}, {"type": "Feature", "geometry": {"type": "Point", "coordinates": [-66.326836, 18.478834]}, "properties": {"canonical_id": "place_bay_ensenada_brenas", "gnis_id": "1610280", "canonical_name": "Ensenada Breñas", "normalized_name": "ENSENADA BRENAS", "feature_type": "bay", "group": "coastal", "feature_class": "Bay", "municipality": "Vega Alta"}}, {"type": "Feature", "geometry": {"type": "Point", "coordinates": [-65.788219, 18.41217]}, "properties": {"canonical_id": "place_bay_ensenada_comezon", "gnis_id": "1610281", "canonical_name": "Ensenada Comezón", "normalized_name": "ENSENADA COMEZON", "feature_type": "bay", "group": "coastal", "feature_class": "Bay", "municipality": "Río Grande"}}, {"type": "Feature", "geometry": {"type": "Point", "coordinates": [-65.28238, 18.286901]}, "properties": {"canonical_id": "place_bay_ensenada_dakity", "gnis_id": "1610282", "canonical_name": "Ensenada Dakity", "normalized_name": "ENSENADA DAKITY", "feature_type": "bay", "group": "coastal", "feature_class": "Bay", "municipality": "Culebra"}}, {"type": "Feature", "geometry": {"type": "Point", "coordinates": [-65.287102, 18.292457]}, "properties": {"canonical_id": "place_bay_ensenada_fulladosa", "gnis_id": "1610284", "canonical_name": "Ensenada Fulladosa", "normalized_name": "ENSENADA FULLADOSA", "feature_type": "bay", "group": "coastal", "feature_class": "Bay", "municipality": "Culebra"}}, {"type": "Feature", "geometry": {"type": "Point", "coordinates": [-65.282935, 18.302179]}, "properties": {"canonical_id": "place_bay_ensenada_honda_1", "gnis_id": "1610285", "canonical_name": "Ensenada Honda", "normalized_name": "ENSENADA HONDA", "feature_type": "bay", "group": "coastal", "feature_class": "Bay", "municipality": "Culebra"}}, {"type": "Feature", "geometry": {"type": "Point", "coordinates": [-65.357936, 18.118853]}, "properties": {"canonical_id": "place_bay_ensenada_honda_2", "gnis_id": "1612905", "canonical_name": "Ensenada Honda", "normalized_name": "ENSENADA HONDA", "feature_type": "bay", "group": "coastal", "feature_class": "Bay", "municipality": "Vieques"}}, {"type": "Feature", "geometry": {"type": "Point", "coordinates": [-65.284324, 18.282735]}, "properties": {"canonical_id": "place_bay_ensenada_malena", "gnis_id": "1610287", "canonical_name": "Ensenada Malena", "normalized_name": "ENSENADA MALENA", "feature_type": "bay", "group": "coastal", "feature_class": "Bay", "municipality": "Culebra"}}, {"type": "Feature", "geometry": {"type": "Point", "coordinates": [-65.461547, 18.09302]}, "properties": {"canonical_id": "place_bay_ensenada_sombe", "gnis_id": "1612906", "canonical_name": "Ensenada Sombe", "normalized_name": "ENSENADA SOMBE", "feature_type": "bay", "group": "coastal", "feature_class": "Bay", "municipality": "Vieques"}}, {"type": "Feature", "geometry": {"type": "Point", "coordinates": [-65.625556, 18.3875]}, "properties": {"canonical_id": "place_bay_ensenada_yegua", "gnis_id": "2575417", "canonical_name": "Ensenada Yegua", "normalized_name": "ENSENADA YEGUA", "feature_type": "bay", "group": "coastal", "feature_class": "Bay", "municipality": "Fajardo"}}, {"type": "Feature", "geometry": {"type": "Point", "coordinates": [-66.171834, 18.459112]}, "properties": {"canonical_id": "place_bay_ensenada_de_boca_vieja", "gnis_id": "1610283", "canonical_name": "Ensenada de Boca Vieja", "normalized_name": "ENSENADA DE BOCA VIEJA", "feature_type": "bay", "group": "coastal", "feature_class": "Bay", "municipality": "Toa Baja"}}, {"type": "Feature", "geometry": {"type": "Point", "coordinates": [-65.285158, 18.307734]}, "properties": {"canonical_id": "place_bay_ensenada_del_cementerio", "gnis_id": "1610278", "canonical_name": "Ensenada del Cementerio", "normalized_name": "ENSENADA DEL CEMENTERIO", "feature_type": "bay", "group": "coastal", "feature_class": "Bay", "municipality": "Culebra"}}, {"type": "Feature", "geometry": {"type": "Point", "coordinates": [-65.291269, 18.309123]}, "properties": {"canonical_id": "place_bay_ensenada_del_coronel", "gnis_id": "1610279", "canonical_name": "Ensenada del Coronel", "normalized_name": "ENSENADA DEL CORONEL", "feature_type": "bay", "group": "coastal", "feature_class": "Bay", "municipality": "Culebra"}}, {"type": "Feature", "geometry": {"type": "Point", "coordinates": [-66.924677, 17.940113]}, "properties": {"canonical_id": "place_bay_ensenada_las_pardas", "gnis_id": "1610286", "canonical_name": "Ensenada las Pardas", "normalized_name": "ENSENADA LAS PARDAS", "feature_type": "bay", "group": "coastal", "feature_class": "Bay", "municipality": "Guánica"}}, {"type": "Feature", "geometry": {"type": "Point", "coordinates": [-65.231594, 18.316363]}, "properties": {"canonical_id": "place_bay_laguna_garay", "gnis_id": "2575415", "canonical_name": "Laguna Garay", "normalized_name": "LAGUNA GARAY", "feature_type": "bay", "group": "coastal", "feature_class": "Bay", "municipality": "Culebra"}}, {"type": "Feature", "geometry": {"type": "Point", "coordinates": [-66.158777, 17.93469]}, "properties": {"canonical_id": "place_bay_laguna_de_las_mareas", "gnis_id": "1991628", "canonical_name": "Laguna de las Mareas", "normalized_name": "LAGUNA DE LAS MAREAS", "feature_type": "bay", "group": "coastal", "feature_class": "Bay", "municipality": "Guayama"}}, {"type": "Feature", "geometry": {"type": "Point", "coordinates": [-66.485171, 18.473834]}, "properties": {"canonical_id": "place_bay_mar_chiquita", "gnis_id": "1991713", "canonical_name": "Mar Chiquita", "normalized_name": "MAR CHIQUITA", "feature_type": "bay", "group": "coastal", "feature_class": "Bay", "municipality": "Manatí"}}, {"type": "Feature", "geometry": {"type": "Point", "coordinates": [-66.635728, 17.97469]}, "properties": {"canonical_id": "place_bay_ponce_harbor", "gnis_id": "1991912", "canonical_name": "Ponce Harbor", "normalized_name": "PONCE HARBOR", "feature_type": "bay", "group": "coastal", "feature_class": "Bay", "municipality": "Ponce"}}, {"type": "Feature", "geometry": {"type": "Point", "coordinates": [-66.707397, 18.476612]}, "properties": {"canonical_id": "place_bay_puerto_arecibo", "gnis_id": "1611736", "canonical_name": "Puerto Arecibo", "normalized_name": "PUERTO ARECIBO", "feature_type": "bay", "group": "coastal", "feature_class": "Bay", "municipality": "Arecibo"}}, {"type": "Feature", "geometry": {"type": "Point", "coordinates": [-66.082942, 17.956356]}, "properties": {"canonical_id": "place_bay_puerto_arroyo", "gnis_id": "1613170", "canonical_name": "Puerto Arroyo", "normalized_name": "PUERTO ARROYO", "feature_type": "bay", "group": "coastal", "feature_class": "Bay", "municipality": "Guayama"}}, {"type": "Feature", "geometry": {"type": "Point", "coordinates": [-65.63405, 18.345508]}, "properties": {"canonical_id": "place_bay_puerto_chico", "gnis_id": "1991929", "canonical_name": "Puerto Chico", "normalized_name": "PUERTO CHICO", "feature_type": "bay", "group": "coastal", "feature_class": "Bay", "municipality": "Fajardo"}}, {"type": "Feature", "geometry": {"type": "Point", "coordinates": [-65.332102, 18.147741]}, "properties": {"canonical_id": "place_bay_puerto_diablo", "gnis_id": "1612928", "canonical_name": "Puerto Diablo", "normalized_name": "PUERTO DIABLO", "feature_type": "bay", "group": "coastal", "feature_class": "Bay", "municipality": "Vieques"}}, {"type": "Feature", "geometry": {"type": "Point", "coordinates": [-65.427103, 18.105798]}, "properties": {"canonical_id": "place_bay_puerto_ferro", "gnis_id": "1612952", "canonical_name": "Puerto Ferro", "normalized_name": "PUERTO FERRO", "feature_type": "bay", "group": "coastal", "feature_class": "Bay", "municipality": "Vieques"}}, {"type": "Feature", "geometry": {"type": "Point", "coordinates": [-65.913496, 17.986078]}, "properties": {"canonical_id": "place_bay_puerto_maunabo", "gnis_id": "1991933", "canonical_name": "Puerto Maunabo", "normalized_name": "PUERTO MAUNABO", "feature_type": "bay", "group": "coastal", "feature_class": "Bay", "municipality": "Maunabo"}}, {"type": "Feature", "geometry": {"type": "Point", "coordinates": [-65.622661, 18.262734]}, "properties": {"canonical_id": "place_bay_puerto_medio_mundo", "gnis_id": "1611741", "canonical_name": "Puerto Medio Mundo", "normalized_name": "PUERTO MEDIO MUNDO", "feature_type": "bay", "group": "coastal", "feature_class": "Bay", "municipality": "Ceiba"}}, {"type": "Feature", "geometry": {"type": "Point", "coordinates": [-65.445714, 18.101909]}, "properties": {"canonical_id": "place_bay_puerto_mosquito", "gnis_id": "1612953", "canonical_name": "Puerto Mosquito", "normalized_name": "PUERTO MOSQUITO", "feature_type": "bay", "group": "coastal", "feature_class": "Bay", "municipality": "Vieques"}}, {"type": "Feature", "geometry": {"type": "Point", "coordinates": [-65.360991, 18.15524]}, "properties": {"canonical_id": "place_bay_puerto_negro", "gnis_id": "1612954", "canonical_name": "Puerto Negro", "normalized_name": "PUERTO NEGRO", "feature_type": "bay", "group": "coastal", "feature_class": "Bay", "municipality": "Vieques"}}, {"type": "Feature", "geometry": {"type": "Point", "coordinates": [-66.40267, 18.490778]}, "properties": {"canonical_id": "place_bay_puerto_nuevo", "gnis_id": "1611742", "canonical_name": "Puerto Nuevo", "normalized_name": "PUERTO NUEVO", "feature_type": "bay", "group": "coastal", "feature_class": "Bay", "municipality": "Vega Baja"}}, {"type": "Feature", "geometry": {"type": "Point", "coordinates": [-66.016275, 17.973022]}, "properties": {"canonical_id": "place_bay_puerto_patillas", "gnis_id": "1613172", "canonical_name": "Puerto Patillas", "normalized_name": "PUERTO PATILLAS", "feature_type": "bay", "group": "coastal", "feature_class": "Bay", "municipality": "Arroyo"}}, {"type": "Feature", "geometry": {"type": "Point", "coordinates": [-67.012955, 17.9533]}, "properties": {"canonical_id": "place_bay_puerto_quijano", "gnis_id": "1611745", "canonical_name": "Puerto Quijano", "normalized_name": "PUERTO QUIJANO", "feature_type": "bay", "group": "coastal", "feature_class": "Bay", "municipality": "Lajas"}}, {"type": "Feature", "geometry": {"type": "Point", "coordinates": [-67.191013, 18.069683]}, "properties": {"canonical_id": "place_bay_puerto_real_1", "gnis_id": "1611746", "canonical_name": "Puerto Real", "normalized_name": "PUERTO REAL", "feature_type": "bay", "group": "coastal", "feature_class": "Bay", "municipality": "Cabo Rojo"}}, {"type": "Feature", "geometry": {"type": "Point", "coordinates": [-65.47877, 18.093854]}, "properties": {"canonical_id": "place_bay_puerto_real_2", "gnis_id": "1613173", "canonical_name": "Puerto Real", "normalized_name": "PUERTO REAL", "feature_type": "bay", "group": "coastal", "feature_class": "Bay", "municipality": "Vieques"}}, {"type": "Feature", "geometry": {"type": "Point", "coordinates": [-65.824606, 18.048021]}, "properties": {"canonical_id": "place_bay_puerto_yabucoa", "gnis_id": "1611749", "canonical_name": "Puerto Yabucoa", "normalized_name": "PUERTO YABUCOA", "feature_type": "bay", "group": "coastal", "feature_class": "Bay", "municipality": "Yabucoa"}}, {"type": "Feature", "geometry": {"type": "Point", "coordinates": [-66.79962, 17.979967]}, "properties": {"canonical_id": "place_bay_puerto_de_guayanilla", "gnis_id": "1613168", "canonical_name": "Puerto de Guayanilla", "normalized_name": "PUERTO DE GUAYANILLA", "feature_type": "bay", "group": "coastal", "feature_class": "Bay", "municipality": "Guayanilla"}}, {"type": "Feature", "geometry": {"type": "Point", "coordinates": [-65.749606, 18.160516]}, "properties": {"canonical_id": "place_bay_puerto_de_humacao", "gnis_id": "1611737", "canonical_name": "Puerto de Humacao", "normalized_name": "PUERTO DE HUMACAO", "feature_type": "bay", "group": "coastal", "feature_class": "Bay", "municipality": "Humacao"}}, {"type": "Feature", "geometry": {"type": "Point", "coordinates": [-66.185444, 17.931357]}, "properties": {"canonical_id": "place_bay_puerto_de_las_mareas_jobos", "gnis_id": "1991931", "canonical_name": "Puerto de Las Mareas-Jobos", "normalized_name": "PUERTO DE LAS MAREAS JOBOS", "feature_type": "bay", "group": "coastal", "feature_class": "Bay", "municipality": "Guayama"}}, {"type": "Feature", "geometry": {"type": "Point", "coordinates": [-65.712939, 18.188015]}, "properties": {"canonical_id": "place_bay_puerto_de_naguabo", "gnis_id": "1611739", "canonical_name": "Puerto de Naguabo", "normalized_name": "PUERTO DE NAGUABO", "feature_type": "bay", "group": "coastal", "feature_class": "Bay", "municipality": "Naguabo"}}, {"type": "Feature", "geometry": {"type": "Point", "coordinates": [-65.448492, 18.148851]}, "properties": {"canonical_id": "place_bay_puerto_de_vieques", "gnis_id": "1991512", "canonical_name": "Puerto de Vieques", "normalized_name": "PUERTO DE VIEQUES", "feature_type": "bay", "group": "coastal", "feature_class": "Bay", "municipality": "Vieques"}}, {"type": "Feature", "geometry": {"type": "Point", "coordinates": [-65.255157, 18.303567]}, "properties": {"canonical_id": "place_bay_puerto_del_manglar", "gnis_id": "1613169", "canonical_name": "Puerto del Manglar", "normalized_name": "PUERTO DEL MANGLAR", "feature_type": "bay", "group": "coastal", "feature_class": "Bay", "municipality": "Culebra"}}, {"type": "Feature", "geometry": {"type": "Point", "coordinates": [-66.453782, 18.473001]}, "properties": {"canonical_id": "place_bay_puerto_del_tortuguero", "gnis_id": "1613171", "canonical_name": "Puerto del Tortuguero", "normalized_name": "PUERTO DEL TORTUGUERO", "feature_type": "bay", "group": "coastal", "feature_class": "Bay", "municipality": "Manatí"}}, {"type": "Feature", "geometry": {"type": "Point", "coordinates": [-65.599606, 18.364674]}, "properties": {"canonical_id": "place_bay_rada_fajardo", "gnis_id": "1613247", "canonical_name": "Rada Fajardo", "normalized_name": "RADA FAJARDO", "feature_type": "bay", "group": "coastal", "feature_class": "Bay", "municipality": "Fajardo"}}, {"type": "Feature", "geometry": {"type": "Point", "coordinates": [-65.316269, 18.250792]}, "properties": {"canonical_id": "place_bay_sonda_de_vieques", "gnis_id": "1612951", "canonical_name": "Sonda de Vieques", "normalized_name": "SONDA DE VIEQUES", "feature_type": "bay", "group": "coastal", "feature_class": "Bay", "municipality": "Culebra"}}, {"type": "Feature", "geometry": {"type": "Point", "coordinates": [-66.111, 18.45939]}, "properties": {"canonical_id": "place_bay_vajo_de_manglar", "gnis_id": "1992271", "canonical_name": "Vajo de Manglar", "normalized_name": "VAJO DE MANGLAR", "feature_type": "bay", "group": "coastal", "feature_class": "Bay", "municipality": "San Juan"}}, {"type": "Feature", "geometry": {"type": "Point", "coordinates": [-65.638217, 18.343286]}, "properties": {"canonical_id": "place_bay_villa_marina_yacht_basin", "gnis_id": "1993252", "canonical_name": "Villa Marina Yacht Basin", "normalized_name": "VILLA MARINA YACHT BASIN", "feature_type": "bay", "group": "coastal", "feature_class": "Bay", "municipality": "Fajardo"}}, {"type": "Feature", "geometry": {"type": "Point", "coordinates": [-65.980721, 18.457723]}, "properties": {"canonical_id": "place_beach_aviones_beach", "gnis_id": "1990587", "canonical_name": "Aviones Beach", "normalized_name": "AVIONES BEACH", "feature_type": "beach", "group": "coastal", "feature_class": "Beach", "municipality": "Loíza"}}, {"type": "Feature", "geometry": {"type": "Point", "coordinates": [-67.195735, 17.950799]}, "properties": {"canonical_id": "place_beach_bahia_salinas_beach", "gnis_id": "1990588", "canonical_name": "Bahía Salinas Beach", "normalized_name": "BAHIA SALINAS BEACH", "feature_type": "beach", "group": "coastal", "feature_class": "Beach", "municipality": "Cabo Rojo"}}, {"type": "Feature", "geometry": {"type": "Point", "coordinates": [-67.19407, 18.289673]}, "properties": {"canonical_id": "place_beach_balnearin_de_anasco", "gnis_id": "1612984", "canonical_name": "Balnearin de Añasco", "normalized_name": "BALNEARIN DE ANASCO", "feature_type": "beach", "group": "coastal", "feature_class": "Beach", "municipality": "Añasco"}}, {"type": "Feature", "geometry": {"type": "Point", "coordinates": [-66.083777, 18.460501]}, "properties": {"canonical_id": "place_beach_balneario_condado", "gnis_id": "1990595", "canonical_name": "Balneario Condado", "normalized_name": "BALNEARIO CONDADO", "feature_type": "beach", "group": "coastal", "feature_class": "Beach", "municipality": "San Juan"}}, {"type": "Feature", "geometry": {"type": "Point", "coordinates": [-66.643229, 17.9808]}, "properties": {"canonical_id": "place_beach_balneario_el_tuque", "gnis_id": "1990598", "canonical_name": "Balneario El Tuque", "normalized_name": "BALNEARIO EL TUQUE", "feature_type": "beach", "group": "coastal", "feature_class": "Beach", "municipality": "Ponce"}}, {"type": "Feature", "geometry": {"type": "Point", "coordinates": [-65.999054, 18.448835]}, "properties": {"canonical_id": "place_beach_balneario_isla_verde", "gnis_id": "1609600", "canonical_name": "Balneario Isla Verde", "normalized_name": "BALNEARIO ISLA VERDE", "feature_type": "beach", "group": "coastal", "feature_class": "Beach", "municipality": "Carolina"}}, {"type": "Feature", "geometry": {"type": "Point", "coordinates": [-65.730163, 18.38495]}, "properties": {"canonical_id": "place_beach_balneario_luquillo", "gnis_id": "1609601", "canonical_name": "Balneario Luquillo", "normalized_name": "BALNEARIO LUQUILLO", "feature_type": "beach", "group": "coastal", "feature_class": "Beach", "municipality": "Luquillo"}}, {"type": "Feature", "geometry": {"type": "Point", "coordinates": [-67.191847, 18.395502]}, "properties": {"canonical_id": "place_beach_balneario_municipal_de_aguda", "gnis_id": "1990599", "canonical_name": "Balneario Municipal de Aguda", "normalized_name": "BALNEARIO MUNICIPAL DE AGUDA", "feature_type": "beach", "group": "coastal", "feature_class": "Beach", "municipality": "Aguadilla"}}, {"type": "Feature", "geometry": {"type": "Point", "coordinates": [-67.171846, 18.013296]}, "properties": {"canonical_id": "place_beach_balneario_publico_de_boqueron", "gnis_id": "1612985", "canonical_name": "Balneario Público de Boquerón", "normalized_name": "BALNEARIO PUBLICO DE BOQUERON", "feature_type": "beach", "group": "coastal", "feature_class": "Beach", "municipality": "Cabo Rojo"}}, {"type": "Feature", "geometry": {"type": "Point", "coordinates": [-65.762384, 18.154961]}, "properties": {"canonical_id": "place_beach_balneario_publico_de_humacao", "gnis_id": "1609602", "canonical_name": "Balneario Público de Humacao", "normalized_name": "BALNEARIO PUBLICO DE HUMACAO", "feature_type": "beach", "group": "coastal", "feature_class": "Beach", "municipality": "Humacao"}}, {"type": "Feature", "geometry": {"type": "Point", "coordinates": [-66.039053, 17.96219]}, "properties": {"canonical_id": "place_beach_balneario_de_arroyo", "gnis_id": "1609599", "canonical_name": "Balneario de Arroyo", "normalized_name": "BALNEARIO DE ARROYO", "feature_type": "beach", "group": "coastal", "feature_class": "Beach", "municipality": "Arroyo"}}, {"type": "Feature", "geometry": {"type": "Point", "coordinates": [-67.19157, 18.284395]}, "properties": {"canonical_id": "place_beach_balneario_de_anasco", "gnis_id": "1990597", "canonical_name": "Balneario de Añasco", "normalized_name": "BALNEARIO DE ANASCO", "feature_type": "beach", "group": "coastal", "feature_class": "Beach", "municipality": "Añasco"}}, {"type": "Feature", "geometry": {"type": "Point", "coordinates": [-67.25416, 18.337644]}, "properties": {"canonical_id": "place_beach_balneario_de_rincon", "gnis_id": "2805866", "canonical_name": "Balneario de Rincón", "normalized_name": "BALNEARIO DE RINCON", "feature_type": "beach", "group": "coastal", "feature_class": "Beach", "municipality": "Rincón"}}, {"type": "Feature", "geometry": {"type": "Point", "coordinates": [-65.407936, 18.108853]}, "properties": {"canonical_id": "place_beach_blue_beach", "gnis_id": "2025260", "canonical_name": "Blue Beach", "normalized_name": "BLUE BEACH", "feature_type": "beach", "group": "coastal", "feature_class": "Beach", "municipality": "Vieques"}}, {"type": "Feature", "geometry": {"type": "Point", "coordinates": [-66.077944, 18.459945]}, "properties": {"canonical_id": "place_beach_condado_beach", "gnis_id": "1992628", "canonical_name": "Condado Beach", "normalized_name": "CONDADO BEACH", "feature_type": "beach", "group": "coastal", "feature_class": "Beach", "municipality": "San Juan"}}, {"type": "Feature", "geometry": {"type": "Point", "coordinates": [-65.227656, 18.317456]}, "properties": {"canonical_id": "place_beach_culebrita_beach", "gnis_id": "1991498", "canonical_name": "Culebrita Beach", "normalized_name": "CULEBRITA BEACH", "feature_type": "beach", "group": "coastal", "feature_class": "Beach", "municipality": "Culebra"}}, {"type": "Feature", "geometry": {"type": "Point", "coordinates": [-67.270181, 18.364113]}, "properties": {"canonical_id": "place_beach_domes_beach", "gnis_id": "1992641", "canonical_name": "Domes Beach", "normalized_name": "DOMES BEACH", "feature_type": "beach", "group": "coastal", "feature_class": "Beach", "municipality": "Rincón"}}, {"type": "Feature", "geometry": {"type": "Point", "coordinates": [-66.024332, 18.444112]}, "properties": {"canonical_id": "place_beach_el_alambique_beach", "gnis_id": "1991249", "canonical_name": "El Alambique Beach", "normalized_name": "EL ALAMBIQUE BEACH", "feature_type": "beach", "group": "coastal", "feature_class": "Beach", "municipality": "Carolina"}}, {"type": "Feature", "geometry": {"type": "Point", "coordinates": [-66.08711, 18.465501]}, "properties": {"canonical_id": "place_beach_escambron_beach", "gnis_id": "1992661", "canonical_name": "Escambron Beach", "normalized_name": "ESCAMBRON BEACH", "feature_type": "beach", "group": "coastal", "feature_class": "Beach", "municipality": "San Juan"}}, {"type": "Feature", "geometry": {"type": "Point", "coordinates": [-66.014054, 18.444946]}, "properties": {"canonical_id": "place_beach_isla_verde_beach", "gnis_id": "1991537", "canonical_name": "Isla Verde Beach", "normalized_name": "ISLA VERDE BEACH", "feature_type": "beach", "group": "coastal", "feature_class": "Beach", "municipality": "Carolina"}}, {"type": "Feature", "geometry": {"type": "Point", "coordinates": [-67.182124, 18.113292]}, "properties": {"canonical_id": "place_beach_joyuda_beach", "gnis_id": "1992863", "canonical_name": "Joyuda Beach", "normalized_name": "JOYUDA BEACH", "feature_type": "beach", "group": "coastal", "feature_class": "Beach", "municipality": "Cabo Rojo"}}, {"type": "Feature", "geometry": {"type": "Point", "coordinates": [-65.715108, 18.376988]}, "properties": {"canonical_id": "place_beach_la_pared_beach", "gnis_id": "1991614", "canonical_name": "La Pared Beach", "normalized_name": "LA PARED BEACH", "feature_type": "beach", "group": "coastal", "feature_class": "Beach", "municipality": "Luquillo"}}, {"type": "Feature", "geometry": {"type": "Point", "coordinates": [-67.196847, 18.065794]}, "properties": {"canonical_id": "place_beach_lamela_beach", "gnis_id": "1991632", "canonical_name": "Lamela Beach", "normalized_name": "LAMELA BEACH", "feature_type": "beach", "group": "coastal", "feature_class": "Beach", "municipality": "Cabo Rojo"}}, {"type": "Feature", "geometry": {"type": "Point", "coordinates": [-67.19768, 18.002186]}, "properties": {"canonical_id": "place_beach_los_pozos_beach", "gnis_id": "1991690", "canonical_name": "Los Pozos Beach", "normalized_name": "LOS POZOS BEACH", "feature_type": "beach", "group": "coastal", "feature_class": "Beach", "municipality": "Cabo Rojo"}}, {"type": "Feature", "geometry": {"type": "Point", "coordinates": [-65.332936, 18.311067]}, "properties": {"canonical_id": "place_beach_luis_pena_beach", "gnis_id": "1991505", "canonical_name": "Luis Pena Beach", "normalized_name": "LUIS PENA BEACH", "feature_type": "beach", "group": "coastal", "feature_class": "Beach", "municipality": "Culebra"}}, {"type": "Feature", "geometry": {"type": "Point", "coordinates": [-65.310714, 18.303012]}, "properties": {"canonical_id": "place_beach_melones_beach", "gnis_id": "1991506", "canonical_name": "Melones Beach", "normalized_name": "MELONES BEACH", "feature_type": "beach", "group": "coastal", "feature_class": "Beach", "municipality": "Culebra"}}, {"type": "Feature", "geometry": {"type": "Point", "coordinates": [-65.44127, 18.09802]}, "properties": {"canonical_id": "place_beach_mosquito_bay_beach", "gnis_id": "1992548", "canonical_name": "Mosquito Bay Beach", "normalized_name": "MOSQUITO BAY BEACH", "feature_type": "beach", "group": "coastal", "feature_class": "Beach", "municipality": "Vieques"}}, {"type": "Feature", "geometry": {"type": "Point", "coordinates": [-65.43877, 18.097465]}, "properties": {"canonical_id": "place_beach_navio_beach", "gnis_id": "1992550", "canonical_name": "Navio Beach", "normalized_name": "NAVIO BEACH", "feature_type": "beach", "group": "coastal", "feature_class": "Beach", "municipality": "Vieques"}}, {"type": "Feature", "geometry": {"type": "Point", "coordinates": [-66.053221, 18.454667]}, "properties": {"canonical_id": "place_beach_ocean_park_beach", "gnis_id": "1993268", "canonical_name": "Ocean Park Beach", "normalized_name": "OCEAN PARK BEACH", "feature_type": "beach", "group": "coastal", "feature_class": "Beach", "municipality": "San Juan"}}, {"type": "Feature", "geometry": {"type": "Point", "coordinates": [-67.212403, 18.385224]}, "properties": {"canonical_id": "place_beach_pico_piedra", "gnis_id": "1991866", "canonical_name": "Pico Piedra", "normalized_name": "PICO PIEDRA", "feature_type": "beach", "group": "coastal", "feature_class": "Beach", "municipality": "Aguada"}}, {"type": "Feature", "geometry": {"type": "Point", "coordinates": [-67.214346, 17.979409]}, "properties": {"canonical_id": "place_beach_playa_aguila", "gnis_id": "1993075", "canonical_name": "Playa Aguila", "normalized_name": "PLAYA AGUILA", "feature_type": "beach", "group": "coastal", "feature_class": "Beach", "municipality": "Cabo Rojo"}}, {"type": "Feature", "geometry": {"type": "Point", "coordinates": [-65.651828, 18.199403]}, "properties": {"canonical_id": "place_beach_playa_blanca", "gnis_id": "1611703", "canonical_name": "Playa Blanca", "normalized_name": "PLAYA BLANCA", "feature_type": "beach", "group": "coastal", "feature_class": "Beach", "municipality": "Ceiba"}}, {"type": "Feature", "geometry": {"type": "Point", "coordinates": [-67.175457, 18.010241]}, "properties": {"canonical_id": "place_beach_playa_boqueron", "gnis_id": "1991868", "canonical_name": "Playa Boqueron", "normalized_name": "PLAYA BOQUERON", "feature_type": "beach", "group": "coastal", "feature_class": "Beach", "municipality": "Cabo Rojo"}}, {"type": "Feature", "geometry": {"type": "Point", "coordinates": [-67.178791, 18.169956]}, "properties": {"canonical_id": "place_beach_playa_bramadero", "gnis_id": "1991870", "canonical_name": "Playa Bramadero", "normalized_name": "PLAYA BRAMADERO", "feature_type": "beach", "group": "coastal", "feature_class": "Beach", "municipality": "Mayagüez"}}, {"type": "Feature", "geometry": {"type": "Point", "coordinates": [-65.285713, 18.330511]}, "properties": {"canonical_id": "place_beach_playa_brava_1", "gnis_id": "1613167", "canonical_name": "Playa Brava", "normalized_name": "PLAYA BRAVA", "feature_type": "beach", "group": "coastal", "feature_class": "Beach", "municipality": "Culebra"}}, {"type": "Feature", "geometry": {"type": "Point", "coordinates": [-67.877408, 18.056902]}, "properties": {"canonical_id": "place_beach_playa_brava_2", "gnis_id": "1890885", "canonical_name": "Playa Brava", "normalized_name": "PLAYA BRAVA", "feature_type": "beach", "group": "coastal", "feature_class": "Beach", "municipality": "Mayagüez"}}, {"type": "Feature", "geometry": {"type": "Point", "coordinates": [-67.206013, 18.040239]}, "properties": {"canonical_id": "place_beach_playa_buye", "gnis_id": "1993076", "canonical_name": "Playa Buye", "normalized_name": "PLAYA BUYE", "feature_type": "beach", "group": "coastal", "feature_class": "Beach", "municipality": "Cabo Rojo"}}, {"type": "Feature", "geometry": {"type": "Point", "coordinates": [-65.617662, 18.377729]}, "properties": {"canonical_id": "place_beach_playa_canalejo", "gnis_id": "1611704", "canonical_name": "Playa Canalejo", "normalized_name": "PLAYA CANALEJO", "feature_type": "beach", "group": "coastal", "feature_class": "Beach", "municipality": "Fajardo"}}, {"type": "Feature", "geometry": {"type": "Point", "coordinates": [-67.251418, 18.329163]}, "properties": {"canonical_id": "place_beach_playa_corcega", "gnis_id": "1991871", "canonical_name": "Playa Corcega", "normalized_name": "PLAYA CORCEGA", "feature_type": "beach", "group": "coastal", "feature_class": "Beach", "municipality": "Rincón"}}, {"type": "Feature", "geometry": {"type": "Point", "coordinates": [-65.284324, 18.286901]}, "properties": {"canonical_id": "place_beach_playa_dinero", "gnis_id": "1613373", "canonical_name": "Playa Dinero", "normalized_name": "PLAYA DINERO", "feature_type": "beach", "group": "coastal", "feature_class": "Beach", "municipality": "Culebra"}}, {"type": "Feature", "geometry": {"type": "Point", "coordinates": [-67.212402, 17.969965]}, "properties": {"canonical_id": "place_beach_playa_el_combate", "gnis_id": "1993077", "canonical_name": "Playa El Combate", "normalized_name": "PLAYA EL COMBATE", "feature_type": "beach", "group": "coastal", "feature_class": "Beach", "municipality": "Cabo Rojo"}}, {"type": "Feature", "geometry": {"type": "Point", "coordinates": [-67.196292, 18.391613]}, "properties": {"canonical_id": "place_beach_playa_espinar", "gnis_id": "1991878", "canonical_name": "Playa Espinar", "normalized_name": "PLAYA ESPINAR", "feature_type": "beach", "group": "coastal", "feature_class": "Beach", "municipality": "Aguada"}}, {"type": "Feature", "geometry": {"type": "Point", "coordinates": [-65.31627, 18.328011]}, "properties": {"canonical_id": "place_beach_playa_flamenco", "gnis_id": "1611706", "canonical_name": "Playa Flamenco", "normalized_name": "PLAYA FLAMENCO", "feature_type": "beach", "group": "coastal", "feature_class": "Beach", "municipality": "Culebra"}}, {"type": "Feature", "geometry": {"type": "Point", "coordinates": [-65.37488, 18.15774]}, "properties": {"canonical_id": "place_beach_playa_grande", "gnis_id": "1612925", "canonical_name": "Playa Grande", "normalized_name": "PLAYA GRANDE", "feature_type": "beach", "group": "coastal", "feature_class": "Beach", "municipality": "Vieques"}}, {"type": "Feature", "geometry": {"type": "Point", "coordinates": [-65.799605, 18.063021]}, "properties": {"canonical_id": "place_beach_playa_icacos", "gnis_id": "1991879", "canonical_name": "Playa Icacos", "normalized_name": "PLAYA ICACOS", "feature_type": "beach", "group": "coastal", "feature_class": "Beach", "municipality": "Yabucoa"}}, {"type": "Feature", "geometry": {"type": "Point", "coordinates": [-67.185181, 18.262452]}, "properties": {"canonical_id": "place_beach_playa_la_puente", "gnis_id": "1991880", "canonical_name": "Playa La Puente", "normalized_name": "PLAYA LA PUENTE", "feature_type": "beach", "group": "coastal", "feature_class": "Beach", "municipality": "Rincón"}}, {"type": "Feature", "geometry": {"type": "Point", "coordinates": [-67.161848, 18.488831]}, "properties": {"canonical_id": "place_beach_playa_la_ruina", "gnis_id": "1991881", "canonical_name": "Playa La Ruina", "normalized_name": "PLAYA LA RUINA", "feature_type": "beach", "group": "coastal", "feature_class": "Beach", "municipality": "Aguadilla"}}, {"type": "Feature", "geometry": {"type": "Point", "coordinates": [-67.18018, 18.140791]}, "properties": {"canonical_id": "place_beach_playa_laguna", "gnis_id": "1991882", "canonical_name": "Playa Laguna", "normalized_name": "PLAYA LAGUNA", "feature_type": "beach", "group": "coastal", "feature_class": "Beach", "municipality": "Mayagüez"}}, {"type": "Feature", "geometry": {"type": "Point", "coordinates": [-65.257788, 18.321385]}, "properties": {"canonical_id": "place_beach_playa_larga", "gnis_id": "1612965", "canonical_name": "Playa Larga", "normalized_name": "PLAYA LARGA", "feature_type": "beach", "group": "coastal", "feature_class": "Beach", "municipality": "Culebra"}}, {"type": "Feature", "geometry": {"type": "Point", "coordinates": [-66.034609, 17.963579]}, "properties": {"canonical_id": "place_beach_playa_las_palmas", "gnis_id": "1991883", "canonical_name": "Playa Las Palmas", "normalized_name": "PLAYA LAS PALMAS", "feature_type": "beach", "group": "coastal", "feature_class": "Beach", "municipality": "Arroyo"}}, {"type": "Feature", "geometry": {"type": "Point", "coordinates": [-65.917107, 17.976356]}, "properties": {"canonical_id": "place_beach_playa_mala_pascua", "gnis_id": "1991884", "canonical_name": "Playa Mala Pascua", "normalized_name": "PLAYA MALA PASCUA", "feature_type": "beach", "group": "coastal", "feature_class": "Beach", "municipality": "Patillas"}}, {"type": "Feature", "geometry": {"type": "Point", "coordinates": [-65.259323, 18.292457]}, "properties": {"canonical_id": "place_beach_playa_manzanilla", "gnis_id": "1611708", "canonical_name": "Playa Manzanilla", "normalized_name": "PLAYA MANZANILLA", "feature_type": "beach", "group": "coastal", "feature_class": "Beach", "municipality": "Culebra"}}, {"type": "Feature", "geometry": {"type": "Point", "coordinates": [-66.482116, 18.471612]}, "properties": {"canonical_id": "place_beach_playa_mar_chiquita", "gnis_id": "1991885", "canonical_name": "Playa Mar Chiquita", "normalized_name": "PLAYA MAR CHIQUITA", "feature_type": "beach", "group": "coastal", "feature_class": "Beach", "municipality": "Manatí"}}, {"type": "Feature", "geometry": {"type": "Point", "coordinates": [-65.886551, 17.989412]}, "properties": {"canonical_id": "place_beach_playa_maunabo", "gnis_id": "1991887", "canonical_name": "Playa Maunabo", "normalized_name": "PLAYA MAUNABO", "feature_type": "beach", "group": "coastal", "feature_class": "Beach", "municipality": "Maunabo"}}, {"type": "Feature", "geometry": {"type": "Point", "coordinates": [-65.455714, 18.089409]}, "properties": {"canonical_id": "place_beach_playa_media_luna", "gnis_id": "1992551", "canonical_name": "Playa Media Luna", "normalized_name": "PLAYA MEDIA LUNA", "feature_type": "beach", "group": "coastal", "feature_class": "Beach", "municipality": "Vieques"}}, {"type": "Feature", "geometry": {"type": "Point", "coordinates": [-66.403226, 18.489389]}, "properties": {"canonical_id": "place_beach_playa_puerto_nuevo", "gnis_id": "1991888", "canonical_name": "Playa Puerto Nuevo", "normalized_name": "PLAYA PUERTO NUEVO", "feature_type": "beach", "group": "coastal", "feature_class": "Beach", "municipality": "Vega Baja"}}, {"type": "Feature", "geometry": {"type": "Point", "coordinates": [-65.628217, 18.332731]}, "properties": {"canonical_id": "place_beach_playa_puerto_real", "gnis_id": "1991889", "canonical_name": "Playa Puerto Real", "normalized_name": "PLAYA PUERTO REAL", "feature_type": "beach", "group": "coastal", "feature_class": "Beach", "municipality": "Fajardo"}}, {"type": "Feature", "geometry": {"type": "Point", "coordinates": [-67.183513, 18.138013]}, "properties": {"canonical_id": "place_beach_playa_punta_arenas", "gnis_id": "1991890", "canonical_name": "Playa Punta Arenas", "normalized_name": "PLAYA PUNTA ARENAS", "feature_type": "beach", "group": "coastal", "feature_class": "Beach", "municipality": "Mayagüez"}}, {"type": "Feature", "geometry": {"type": "Point", "coordinates": [-67.137403, 18.508275]}, "properties": {"canonical_id": "place_beach_playa_punta_borinquen", "gnis_id": "1991891", "canonical_name": "Playa Punta Borinquen", "normalized_name": "PLAYA PUNTA BORINQUEN", "feature_type": "beach", "group": "coastal", "feature_class": "Beach", "municipality": "Aguadilla"}}, {"type": "Feature", "geometry": {"type": "Point", "coordinates": [-65.299602, 18.331067]}, "properties": {"canonical_id": "place_beach_playa_resaca", "gnis_id": "1611710", "canonical_name": "Playa Resaca", "normalized_name": "PLAYA RESACA", "feature_type": "beach", "group": "coastal", "feature_class": "Beach", "municipality": "Culebra"}}, {"type": "Feature", "geometry": {"type": "Point", "coordinates": [-67.173513, 18.234675]}, "properties": {"canonical_id": "place_beach_playa_sabaneta", "gnis_id": "1991892", "canonical_name": "Playa Sabaneta", "normalized_name": "PLAYA SABANETA", "feature_type": "beach", "group": "coastal", "feature_class": "Beach", "municipality": "Mayagüez"}}, {"type": "Feature", "geometry": {"type": "Point", "coordinates": [-67.190735, 17.955243]}, "properties": {"canonical_id": "place_beach_playa_salinas", "gnis_id": "1991893", "canonical_name": "Playa Salinas", "normalized_name": "PLAYA SALINAS", "feature_type": "beach", "group": "coastal", "feature_class": "Beach", "municipality": "Cabo Rojo"}}, {"type": "Feature", "geometry": {"type": "Point", "coordinates": [-65.303214, 18.301345]}, "properties": {"canonical_id": "place_beach_playa_sardinas", "gnis_id": "1991510", "canonical_name": "Playa Sardinas", "normalized_name": "PLAYA SARDINAS", "feature_type": "beach", "group": "coastal", "feature_class": "Beach", "municipality": "Culebra"}}, {"type": "Feature", "geometry": {"type": "Point", "coordinates": [-67.940187, 18.090511]}, "properties": {"canonical_id": "place_beach_playa_sardinera", "gnis_id": "1991894", "canonical_name": "Playa Sardinera", "normalized_name": "PLAYA SARDINERA", "feature_type": "beach", "group": "coastal", "feature_class": "Beach", "municipality": "Mayagüez"}}, {"type": "Feature", "geometry": {"type": "Point", "coordinates": [-65.460437, 18.096909]}, "properties": {"canonical_id": "place_beach_playa_sun_bay", "gnis_id": "1992553", "canonical_name": "Playa Sun Bay", "normalized_name": "PLAYA SUN BAY", "feature_type": "beach", "group": "coastal", "feature_class": "Beach", "municipality": "Vieques"}}, {"type": "Feature", "geometry": {"type": "Point", "coordinates": [-65.962943, 18.452723]}, "properties": {"canonical_id": "place_beach_playa_torrecillas_pinones", "gnis_id": "1991895", "canonical_name": "Playa Torrecillas Pinones", "normalized_name": "PLAYA TORRECILLAS PINONES", "feature_type": "beach", "group": "coastal", "feature_class": "Beach", "municipality": "Loíza"}}, {"type": "Feature", "geometry": {"type": "Point", "coordinates": [-65.227611, 18.318238]}, "properties": {"canonical_id": "place_beach_playa_tortuga", "gnis_id": "2575407", "canonical_name": "Playa Tortuga", "normalized_name": "PLAYA TORTUGA", "feature_type": "beach", "group": "coastal", "feature_class": "Beach", "municipality": "Culebra"}}, {"type": "Feature", "geometry": {"type": "Point", "coordinates": [-66.458782, 18.469112]}, "properties": {"canonical_id": "place_beach_playa_tortuguero", "gnis_id": "1991896", "canonical_name": "Playa Tortuguero", "normalized_name": "PLAYA TORTUGUERO", "feature_type": "beach", "group": "coastal", "feature_class": "Beach", "municipality": "Manatí"}}, {"type": "Feature", "geometry": {"type": "Point", "coordinates": [-67.904908, 18.059679]}, "properties": {"canonical_id": "place_beach_playa_uvero", "gnis_id": "1993078", "canonical_name": "Playa Uvero", "normalized_name": "PLAYA UVERO", "feature_type": "beach", "group": "coastal", "feature_class": "Beach", "municipality": "Mayagüez"}}, {"type": "Feature", "geometry": {"type": "Point", "coordinates": [-65.907665, 18.447168]}, "properties": {"canonical_id": "place_beach_playa_vacia_talega", "gnis_id": "1991897", "canonical_name": "Playa Vacia Talega", "normalized_name": "PLAYA VACIA TALEGA", "feature_type": "beach", "group": "coastal", "feature_class": "Beach", "municipality": "Loíza"}}, {"type": "Feature", "geometry": {"type": "Point", "coordinates": [-65.244323, 18.306623]}, "properties": {"canonical_id": "place_beach_playa_zoni", "gnis_id": "1992554", "canonical_name": "Playa Zoni", "normalized_name": "PLAYA ZONI", "feature_type": "beach", "group": "coastal", "feature_class": "Beach", "municipality": "Culebra"}}, {"type": "Feature", "geometry": {"type": "Point", "coordinates": [-65.295991, 18.292457]}, "properties": {"canonical_id": "place_beach_playa_de_cascajo", "gnis_id": "1613165", "canonical_name": "Playa de Cascajo", "normalized_name": "PLAYA DE CASCAJO", "feature_type": "beach", "group": "coastal", "feature_class": "Beach", "municipality": "Culebra"}}, {"type": "Feature", "geometry": {"type": "Point", "coordinates": [-66.359614, 18.485222]}, "properties": {"canonical_id": "place_beach_playa_de_cerro_gordo", "gnis_id": "1611688", "canonical_name": "Playa de Cerro Gordo", "normalized_name": "PLAYA DE CERRO GORDO", "feature_type": "beach", "group": "coastal", "feature_class": "Beach", "municipality": "Vega Baja"}}, {"type": "Feature", "geometry": {"type": "Point", "coordinates": [-66.766286, 18.006632]}, "properties": {"canonical_id": "place_beach_playa_de_guayanilla", "gnis_id": "1991872", "canonical_name": "Playa de Guayanilla", "normalized_name": "PLAYA DE GUAYANILLA", "feature_type": "beach", "group": "coastal", "feature_class": "Beach", "municipality": "Guayanilla"}}, {"type": "Feature", "geometry": {"type": "Point", "coordinates": [-66.904342, 17.952745]}, "properties": {"canonical_id": "place_beach_playa_de_jaboncillo", "gnis_id": "1611694", "canonical_name": "Playa de Jaboncillo", "normalized_name": "PLAYA DE JABONCILLO", "feature_type": "beach", "group": "coastal", "feature_class": "Beach", "municipality": "Guánica"}}, {"type": "Feature", "geometry": {"type": "Point", "coordinates": [-66.362947, 17.9683]}, "properties": {"canonical_id": "place_beach_playa_de_jauca", "gnis_id": "1611695", "canonical_name": "Playa de Jauca", "normalized_name": "PLAYA DE JAUCA", "feature_type": "beach", "group": "coastal", "feature_class": "Beach", "municipality": "Santa Isabel"}}, {"type": "Feature", "geometry": {"type": "Point", "coordinates": [-66.175723, 18.452723]}, "properties": {"canonical_id": "place_beach_playa_de_levittown", "gnis_id": "1991874", "canonical_name": "Playa de Levittown", "normalized_name": "PLAYA DE LEVITTOWN", "feature_type": "beach", "group": "coastal", "feature_class": "Beach", "municipality": "Toa Baja"}}, {"type": "Feature", "geometry": {"type": "Point", "coordinates": [-65.729607, 18.386061]}, "properties": {"canonical_id": "place_beach_playa_de_luquillo", "gnis_id": "1611696", "canonical_name": "Playa de Luquillo", "normalized_name": "PLAYA DE LUQUILLO", "feature_type": "beach", "group": "coastal", "feature_class": "Beach", "municipality": "Luquillo"}}, {"type": "Feature", "geometry": {"type": "Point", "coordinates": [-65.31537, 18.309244]}, "properties": {"canonical_id": "place_beach_playa_de_magollo", "gnis_id": "2575413", "canonical_name": "Playa de Magollo", "normalized_name": "PLAYA DE MAGOLLO", "feature_type": "beach", "group": "coastal", "feature_class": "Beach", "municipality": "Culebra"}}, {"type": "Feature", "geometry": {"type": "Point", "coordinates": [-65.303769, 18.302179]}, "properties": {"canonical_id": "place_beach_playa_de_sardinas", "gnis_id": "1613166", "canonical_name": "Playa de Sardinas", "normalized_name": "PLAYA DE SARDINAS", "feature_type": "beach", "group": "coastal", "feature_class": "Beach", "municipality": "Culebra"}}, {"type": "Feature", "geometry": {"type": "Point", "coordinates": [-66.290882, 18.472303]}, "properties": {"canonical_id": "place_beach_playa_de_sardinera", "gnis_id": "1611701", "canonical_name": "Playa de Sardinera", "normalized_name": "PLAYA DE SARDINERA", "feature_type": "beach", "group": "coastal", "feature_class": "Beach", "municipality": "Dorado"}}, {"type": "Feature", "geometry": {"type": "Point", "coordinates": [-66.848231, 17.952746]}, "properties": {"canonical_id": "place_beach_playa_de_tamarindo", "gnis_id": "1611702", "canonical_name": "Playa de Tamarindo", "normalized_name": "PLAYA DE TAMARINDO", "feature_type": "beach", "group": "coastal", "feature_class": "Beach", "municipality": "Guayanilla"}}, {"type": "Feature", "geometry": {"type": "Point", "coordinates": [-65.272222, 18.331944]}, "properties": {"canonical_id": "place_beach_playa_de_tortola", "gnis_id": "2575412", "canonical_name": "Playa de Tórtola", "normalized_name": "PLAYA DE TORTOLA", "feature_type": "beach", "group": "coastal", "feature_class": "Beach", "municipality": "Culebra"}}, {"type": "Feature", "geometry": {"type": "Point", "coordinates": [-66.391837, 18.489111]}, "properties": {"canonical_id": "place_beach_playa_de_vega", "gnis_id": "1991875", "canonical_name": "Playa de Vega", "normalized_name": "PLAYA DE VEGA", "feature_type": "beach", "group": "coastal", "feature_class": "Beach", "municipality": "Vega Baja"}}, {"type": "Feature", "geometry": {"type": "Point", "coordinates": [-65.939887, 18.447168]}, "properties": {"canonical_id": "place_beach_playa_de_las_tres_palmitas", "gnis_id": "1611686", "canonical_name": "Playa de las Tres Palmitas", "normalized_name": "PLAYA DE LAS TRES PALMITAS", "feature_type": "beach", "group": "coastal", "feature_class": "Beach", "municipality": "Loíza"}}, {"type": "Feature", "geometry": {"type": "Point", "coordinates": [-66.119889, 18.471611]}, "properties": {"canonical_id": "place_beach_playa_de_los_cabes", "gnis_id": "1991873", "canonical_name": "Playa de los Cabes", "normalized_name": "PLAYA DE LOS CABES", "feature_type": "beach", "group": "coastal", "feature_class": "Beach", "municipality": "San Juan"}}, {"type": "Feature", "geometry": {"type": "Point", "coordinates": [-66.319058, 18.475501]}, "properties": {"canonical_id": "place_beach_playa_de_los_tocones", "gnis_id": "1611687", "canonical_name": "Playa de los Tocones", "normalized_name": "PLAYA DE LOS TOCONES", "feature_type": "beach", "group": "coastal", "feature_class": "Beach", "municipality": "Vega Alta"}}, {"type": "Feature", "geometry": {"type": "Point", "coordinates": [-65.309695, 18.302973]}, "properties": {"canonical_id": "place_beach_playa_del_cocal", "gnis_id": "2575410", "canonical_name": "Playa del Cocal", "normalized_name": "PLAYA DEL COCAL", "feature_type": "beach", "group": "coastal", "feature_class": "Beach", "municipality": "Culebra"}}, {"type": "Feature", "geometry": {"type": "Point", "coordinates": [-66.257668, 18.477167]}, "properties": {"canonical_id": "place_beach_playa_del_dorado", "gnis_id": "1991876", "canonical_name": "Playa del Dorado", "normalized_name": "PLAYA DEL DORADO", "feature_type": "beach", "group": "coastal", "feature_class": "Beach", "municipality": "Dorado"}}, {"type": "Feature", "geometry": {"type": "Point", "coordinates": [-65.226023, 18.316887]}, "properties": {"canonical_id": "place_beach_playa_del_este", "gnis_id": "2575409", "canonical_name": "Playa del Este", "normalized_name": "PLAYA DEL ESTE", "feature_type": "beach", "group": "coastal", "feature_class": "Beach", "municipality": "Culebra"}}, {"type": "Feature", "geometry": {"type": "Point", "coordinates": [-67.173791, 18.240231]}, "properties": {"canonical_id": "place_beach_playa_del_mar", "gnis_id": "1991877", "canonical_name": "Playa del Mar", "normalized_name": "PLAYA DEL MAR", "feature_type": "beach", "group": "coastal", "feature_class": "Beach", "municipality": "Mayagüez"}}, {"type": "Feature", "geometry": {"type": "Point", "coordinates": [-67.905186, 18.059124]}, "properties": {"canonical_id": "place_beach_playa_del_uvero", "gnis_id": "1613262", "canonical_name": "Playa del Uvero", "normalized_name": "PLAYA DEL UVERO", "feature_type": "beach", "group": "coastal", "feature_class": "Beach", "municipality": "Mayagüez"}}, {"type": "Feature", "geometry": {"type": "Point", "coordinates": [-65.648773, 18.362174]}, "properties": {"canonical_id": "place_beach_playa_el_convento", "gnis_id": "1993262", "canonical_name": "Playa el Convento", "normalized_name": "PLAYA EL CONVENTO", "feature_type": "beach", "group": "coastal", "feature_class": "Beach", "municipality": "Fajardo"}}, {"type": "Feature", "geometry": {"type": "Point", "coordinates": [-65.30088, 18.29812]}, "properties": {"canonical_id": "place_beach_playa_los_datiles", "gnis_id": "2575408", "canonical_name": "Playa los Dátiles", "normalized_name": "PLAYA LOS DATILES", "feature_type": "beach", "group": "coastal", "feature_class": "Beach", "municipality": "Culebra"}}, {"type": "Feature", "geometry": {"type": "Point", "coordinates": [-67.187679, 17.932744]}, "properties": {"canonical_id": "place_beach_playuela_beach", "gnis_id": "1991898", "canonical_name": "Playuela Beach", "normalized_name": "PLAYUELA BEACH", "feature_type": "beach", "group": "coastal", "feature_class": "Beach", "municipality": "Cabo Rojo"}}, {"type": "Feature", "geometry": {"type": "Point", "coordinates": [-66.03572, 17.961634]}, "properties": {"canonical_id": "place_beach_punta_guilarte_beach", "gnis_id": "1991939", "canonical_name": "Punta Guilarte Beach", "normalized_name": "PUNTA GUILARTE BEACH", "feature_type": "beach", "group": "coastal", "feature_class": "Beach", "municipality": "Arroyo"}}, {"type": "Feature", "geometry": {"type": "Point", "coordinates": [-67.183236, 18.160512]}, "properties": {"canonical_id": "place_beach_puntas_arenas_beach", "gnis_id": "1991940", "canonical_name": "Puntas Arenas Beach", "normalized_name": "PUNTAS ARENAS BEACH", "feature_type": "beach", "group": "coastal", "feature_class": "Beach", "municipality": "Mayagüez"}}, {"type": "Feature", "geometry": {"type": "Point", "coordinates": [-65.632106, 18.37134]}, "properties": {"canonical_id": "place_beach_seven_seas_beach", "gnis_id": "1992219", "canonical_name": "Seven Seas Beach", "normalized_name": "SEVEN SEAS BEACH", "feature_type": "beach", "group": "coastal", "feature_class": "Beach", "municipality": "Fajardo"}}, {"type": "Feature", "geometry": {"type": "Point", "coordinates": [-65.643773, 18.380507]}, "properties": {"canonical_id": "place_cape_cabeza_chiquita", "gnis_id": "1609663", "canonical_name": "Cabeza Chiquita", "normalized_name": "CABEZA CHIQUITA", "feature_type": "cape", "group": "coastal", "feature_class": "Cape", "municipality": "Fajardo"}}, {"type": "Feature", "geometry": {"type": "Point", "coordinates": [-65.244601, 18.304123]}, "properties": {"canonical_id": "place_cape_cabeza_de_perro", "gnis_id": "1609662", "canonical_name": "Cabeza de Perro", "normalized_name": "CABEZA DE PERRO", "feature_type": "cape", "group": "coastal", "feature_class": "Cape", "municipality": "Culebra"}}, {"type": "Feature", "geometry": {"type": "Point", "coordinates": [-65.617939, 18.38134]}, "properties": {"canonical_id": "place_cape_cabezas_de_san_juan", "gnis_id": "1609664", "canonical_name": "Cabezas de San Juan", "normalized_name": "CABEZAS DE SAN JUAN", "feature_type": "cape", "group": "coastal", "feature_class": "Cape", "municipality": "Fajardo"}}, {"type": "Feature", "geometry": {"type": "Point", "coordinates": [-67.931575, 18.112732]}, "properties": {"canonical_id": "place_cape_cabo_barrionuevo", "gnis_id": "1609666", "canonical_name": "Cabo Barrionuevo", "normalized_name": "CABO BARRIONUEVO", "feature_type": "cape", "group": "coastal", "feature_class": "Cape", "municipality": "Mayagüez"}}, {"type": "Feature", "geometry": {"type": "Point", "coordinates": [-65.918774, 17.975245]}, "properties": {"canonical_id": "place_cape_cabo_mala_pascua", "gnis_id": "1609667", "canonical_name": "Cabo Mala Pascua", "normalized_name": "CABO MALA PASCUA", "feature_type": "cape", "group": "coastal", "feature_class": "Cape", "municipality": "Maunabo"}}, {"type": "Feature", "geometry": {"type": "Point", "coordinates": [-67.908798, 18.119677]}, "properties": {"canonical_id": "place_cape_cabo_noroeste", "gnis_id": "1609668", "canonical_name": "Cabo Noroeste", "normalized_name": "CABO NOROESTE", "feature_type": "cape", "group": "coastal", "feature_class": "Cape", "municipality": "Mayagüez"}}, {"type": "Feature", "geometry": {"type": "Point", "coordinates": [-67.189624, 17.937744]}, "properties": {"canonical_id": "place_cape_cabo_rojo", "gnis_id": "1609669", "canonical_name": "Cabo Rojo", "normalized_name": "CABO ROJO", "feature_type": "cape", "group": "coastal", "feature_class": "Cape", "municipality": "Cabo Rojo"}}, {"type": "Feature", "geometry": {"type": "Point", "coordinates": [-65.627106, 18.366618]}, "properties": {"canonical_id": "place_cape_cabo_san_juan", "gnis_id": "1609671", "canonical_name": "Cabo San Juan", "normalized_name": "CABO SAN JUAN", "feature_type": "cape", "group": "coastal", "feature_class": "Cape", "municipality": "Fajardo"}}, {"type": "Feature", "geometry": {"type": "Point", "coordinates": [-65.221823, 18.321623]}, "properties": {"canonical_id": "place_cape_cabo_del_pasaje", "gnis_id": "1609665", "canonical_name": "Cabo del Pasaje", "normalized_name": "CABO DEL PASAJE", "feature_type": "cape", "group": "coastal", "feature_class": "Cape", "municipality": "Culebra"}}, {"type": "Feature", "geometry": {"type": "Point", "coordinates": [-67.861575, 18.121066]}, "properties": {"canonical_id": "place_cape_cabo_el_toro", "gnis_id": "1612996", "canonical_name": "Cabo el Toro", "normalized_name": "CABO EL TORO", "feature_type": "cape", "group": "coastal", "feature_class": "Cape", "municipality": "Mayagüez"}}, {"type": "Feature", "geometry": {"type": "Point", "coordinates": [-65.610994, 18.21107]}, "properties": {"canonical_id": "place_cape_cabra_de_tierra", "gnis_id": "1609672", "canonical_name": "Cabra de Tierra", "normalized_name": "CABRA DE TIERRA", "feature_type": "cape", "group": "coastal", "feature_class": "Cape", "municipality": "Ceiba"}}, {"type": "Feature", "geometry": {"type": "Point", "coordinates": [-67.07268, 18.512998]}, "properties": {"canonical_id": "place_cape_foso_jacinto", "gnis_id": "1610835", "canonical_name": "Foso Jacinto", "normalized_name": "FOSO JACINTO", "feature_type": "cape", "group": "coastal", "feature_class": "Cape", "municipality": "Isabela"}}, {"type": "Feature", "geometry": {"type": "Point", "coordinates": [-66.616284, 17.962746]}, "properties": {"canonical_id": "place_cape_isla_de_gata", "gnis_id": "1613036", "canonical_name": "Isla de Gata", "normalized_name": "ISLA DE GATA", "feature_type": "cape", "group": "coastal", "feature_class": "Cape", "municipality": "Ponce"}}, {"type": "Feature", "geometry": {"type": "Point", "coordinates": [-66.116277, 18.459112]}, "properties": {"canonical_id": "place_cape_la_puntilla", "gnis_id": "1611283", "canonical_name": "La Puntilla", "normalized_name": "LA PUNTILLA", "feature_type": "cape", "group": "coastal", "feature_class": "Cape", "municipality": "San Juan"}}, {"type": "Feature", "geometry": {"type": "Point", "coordinates": [-65.226389, 18.325]}, "properties": {"canonical_id": "place_cape_marc_point_historical", "gnis_id": "2575425", "canonical_name": "Marc Point (historical)", "normalized_name": "MARC POINT HISTORICAL", "feature_type": "cape", "group": "coastal", "feature_class": "Cape", "municipality": "Culebra"}}, {"type": "Feature", "geometry": {"type": "Point", "coordinates": [-66.078499, 18.459667]}, "properties": {"canonical_id": "place_cape_peninsula_de_condado", "gnis_id": "1991861", "canonical_name": "Peninsula de Condado", "normalized_name": "PENINSULA DE CONDADO", "feature_type": "cape", "group": "coastal", "feature_class": "Cape", "municipality": "San Juan"}}, {"type": "Feature", "geometry": {"type": "Point", "coordinates": [-65.332936, 18.335511]}, "properties": {"canonical_id": "place_cape_peninsula_flamenco", "gnis_id": "1613158", "canonical_name": "Península Flamenco", "normalized_name": "PENINSULA FLAMENCO", "feature_type": "cape", "group": "coastal", "feature_class": "Cape", "municipality": "Culebra"}}, {"type": "Feature", "geometry": {"type": "Point", "coordinates": [-67.92602, 18.06829]}, "properties": {"canonical_id": "place_cape_piedra_del_carabinero", "gnis_id": "1613391", "canonical_name": "Piedra del Carabinero", "normalized_name": "PIEDRA DEL CARABINERO", "feature_type": "cape", "group": "coastal", "feature_class": "Cape", "municipality": "Mayagüez"}}, {"type": "Feature", "geometry": {"type": "Point", "coordinates": [-66.080721, 18.439946]}, "properties": {"canonical_id": "place_cape_pue_constisucion", "gnis_id": "1611735", "canonical_name": "Pue Constisucion", "normalized_name": "PUE CONSTISUCION", "feature_type": "cape", "group": "coastal", "feature_class": "Cape", "municipality": "San Juan"}}, {"type": "Feature", "geometry": {"type": "Point", "coordinates": [-67.214346, 17.952465]}, "properties": {"canonical_id": "place_cape_punta_aguila_1", "gnis_id": "1611756", "canonical_name": "Punta Aguila", "normalized_name": "PUNTA AGUILA", "feature_type": "cape", "group": "coastal", "feature_class": "Cape", "municipality": "Cabo Rojo"}}, {"type": "Feature", "geometry": {"type": "Point", "coordinates": [-66.369614, 17.954967]}, "properties": {"canonical_id": "place_cape_punta_aguila_2", "gnis_id": "1611757", "canonical_name": "Punta Aguila", "normalized_name": "PUNTA AGUILA", "feature_type": "cape", "group": "coastal", "feature_class": "Cape", "municipality": "Santa Isabel"}}, {"type": "Feature", "geometry": {"type": "Point", "coordinates": [-65.572661, 18.351897]}, "properties": {"canonical_id": "place_cape_punta_aguila_3", "gnis_id": "1611758", "canonical_name": "Punta Aguila", "normalized_name": "PUNTA AGUILA", "feature_type": "cape", "group": "coastal", "feature_class": "Cape", "municipality": "Fajardo"}}, {"type": "Feature", "geometry": {"type": "Point", "coordinates": [-67.137403, 18.507997]}, "properties": {"canonical_id": "place_cape_punta_agujereada", "gnis_id": "1611759", "canonical_name": "Punta Agujereada", "normalized_name": "PUNTA AGUJEREADA", "feature_type": "cape", "group": "coastal", "feature_class": "Cape", "municipality": "Aguadilla"}}, {"type": "Feature", "geometry": {"type": "Point", "coordinates": [-67.173236, 18.226898]}, "properties": {"canonical_id": "place_cape_punta_algarrobo", "gnis_id": "1611760", "canonical_name": "Punta Algarrobo", "normalized_name": "PUNTA ALGARROBO", "feature_type": "cape", "group": "coastal", "feature_class": "Cape", "municipality": "Mayagüez"}}, {"type": "Feature", "geometry": {"type": "Point", "coordinates": [-65.651828, 18.198015]}, "properties": {"canonical_id": "place_cape_punta_algodones", "gnis_id": "1611761", "canonical_name": "Punta Algodones", "normalized_name": "PUNTA ALGODONES", "feature_type": "cape", "group": "coastal", "feature_class": "Cape", "municipality": "Ceiba"}}, {"type": "Feature", "geometry": {"type": "Point", "coordinates": [-65.255157, 18.30079]}, "properties": {"canonical_id": "place_cape_punta_almodovar", "gnis_id": "1611762", "canonical_name": "Punta Almodovar", "normalized_name": "PUNTA ALMODOVAR", "feature_type": "cape", "group": "coastal", "feature_class": "Cape", "municipality": "Culebra"}}, {"type": "Feature", "geometry": {"type": "Point", "coordinates": [-65.295436, 18.296901]}, "properties": {"canonical_id": "place_cape_punta_aloe", "gnis_id": "1613374", "canonical_name": "Punta Aloe", "normalized_name": "PUNTA ALOE", "feature_type": "cape", "group": "coastal", "feature_class": "Cape", "municipality": "Culebra"}}, {"type": "Feature", "geometry": {"type": "Point", "coordinates": [-66.289057, 17.942745]}, "properties": {"canonical_id": "place_cape_punta_arenas_1", "gnis_id": "1611763", "canonical_name": "Punta Arenas", "normalized_name": "PUNTA ARENAS", "feature_type": "cape", "group": "coastal", "feature_class": "Cape", "municipality": "Salinas"}}, {"type": "Feature", "geometry": {"type": "Point", "coordinates": [-67.185736, 18.136624]}, "properties": {"canonical_id": "place_cape_punta_arenas_2", "gnis_id": "1611764", "canonical_name": "Punta Arenas", "normalized_name": "PUNTA ARENAS", "feature_type": "cape", "group": "coastal", "feature_class": "Cape", "municipality": "Cabo Rojo"}}, {"type": "Feature", "geometry": {"type": "Point", "coordinates": [-65.577105, 18.119129]}, "properties": {"canonical_id": "place_cape_punta_arenas_3", "gnis_id": "1612955", "canonical_name": "Punta Arenas", "normalized_name": "PUNTA ARENAS", "feature_type": "cape", "group": "coastal", "feature_class": "Cape", "municipality": "Vieques"}}, {"type": "Feature", "geometry": {"type": "Point", "coordinates": [-67.945464, 18.082734]}, "properties": {"canonical_id": "place_cape_punta_arenas_4", "gnis_id": "1613193", "canonical_name": "Punta Arenas", "normalized_name": "PUNTA ARENAS", "feature_type": "cape", "group": "coastal", "feature_class": "Cape", "municipality": "Mayagüez"}}, {"type": "Feature", "geometry": {"type": "Point", "coordinates": [-65.229045, 18.311067]}, "properties": {"canonical_id": "place_cape_punta_arenisca", "gnis_id": "1613319", "canonical_name": "Punta Arenisca", "normalized_name": "PUNTA ARENISCA", "feature_type": "cape", "group": "coastal", "feature_class": "Cape", "municipality": "Culebra"}}, {"type": "Feature", "geometry": {"type": "Point", "coordinates": [-66.862953, 17.945246]}, "properties": {"canonical_id": "place_cape_punta_ballena", "gnis_id": "1611765", "canonical_name": "Punta Ballena", "normalized_name": "PUNTA BALLENA", "feature_type": "cape", "group": "coastal", "feature_class": "Cape", "municipality": "Guánica"}}, {"type": "Feature", "geometry": {"type": "Point", "coordinates": [-66.123499, 17.947745]}, "properties": {"canonical_id": "place_cape_punta_barrancas_1", "gnis_id": "1611766", "canonical_name": "Punta Barrancas", "normalized_name": "PUNTA BARRANCAS", "feature_type": "cape", "group": "coastal", "feature_class": "Cape", "municipality": "Guayama"}}, {"type": "Feature", "geometry": {"type": "Point", "coordinates": [-65.625161, 18.308843]}, "properties": {"canonical_id": "place_cape_punta_barrancas_2", "gnis_id": "1611767", "canonical_name": "Punta Barrancas", "normalized_name": "PUNTA BARRANCAS", "feature_type": "cape", "group": "coastal", "feature_class": "Cape", "municipality": "Fajardo"}}, {"type": "Feature", "geometry": {"type": "Point", "coordinates": [-65.630717, 18.343842]}, "properties": {"canonical_id": "place_cape_punta_bateria", "gnis_id": "1611768", "canonical_name": "Punta Batería", "normalized_name": "PUNTA BATERIA", "feature_type": "cape", "group": "coastal", "feature_class": "Cape", "municipality": "Fajardo"}}, {"type": "Feature", "geometry": {"type": "Point", "coordinates": [-67.201847, 18.059127]}, "properties": {"canonical_id": "place_cape_punta_boca_buey", "gnis_id": "1613178", "canonical_name": "Punta Boca Buey", "normalized_name": "PUNTA BOCA BUEY", "feature_type": "cape", "group": "coastal", "feature_class": "Cape", "municipality": "Cabo Rojo"}}, {"type": "Feature", "geometry": {"type": "Point", "coordinates": [-66.254612, 18.47689]}, "properties": {"canonical_id": "place_cape_punta_boca_juana", "gnis_id": "1611769", "canonical_name": "Punta Boca Juana", "normalized_name": "PUNTA BOCA JUANA", "feature_type": "cape", "group": "coastal", "feature_class": "Cape", "municipality": "Dorado"}}, {"type": "Feature", "geometry": {"type": "Point", "coordinates": [-67.158791, 18.212454]}, "properties": {"canonical_id": "place_cape_punta_boca_morena", "gnis_id": "1611770", "canonical_name": "Punta Boca Morena", "normalized_name": "PUNTA BOCA MORENA", "feature_type": "cape", "group": "coastal", "feature_class": "Cape", "municipality": "Mayagüez"}}, {"type": "Feature", "geometry": {"type": "Point", "coordinates": [-67.201847, 18.056628]}, "properties": {"canonical_id": "place_cape_punta_boca_prieta", "gnis_id": "1613179", "canonical_name": "Punta Boca Prieta", "normalized_name": "PUNTA BOCA PRIETA", "feature_type": "cape", "group": "coastal", "feature_class": "Cape", "municipality": "Cabo Rojo"}}, {"type": "Feature", "geometry": {"type": "Point", "coordinates": [-65.577104, 18.102463]}, "properties": {"canonical_id": "place_cape_punta_boca_quebrada", "gnis_id": "1612956", "canonical_name": "Punta Boca Quebrada", "normalized_name": "PUNTA BOCA QUEBRADA", "feature_type": "cape", "group": "coastal", "feature_class": "Cape", "municipality": "Vieques"}}, {"type": "Feature", "geometry": {"type": "Point", "coordinates": [-66.499894, 18.47689]}, "properties": {"canonical_id": "place_cape_punta_boquilla", "gnis_id": "1611771", "canonical_name": "Punta Boquilla", "normalized_name": "PUNTA BOQUILLA", "feature_type": "cape", "group": "coastal", "feature_class": "Cape", "municipality": "Manatí"}}, {"type": "Feature", "geometry": {"type": "Point", "coordinates": [-67.168792, 18.478554]}, "properties": {"canonical_id": "place_cape_punta_borinquen", "gnis_id": "1611772", "canonical_name": "Punta Borinquen", "normalized_name": "PUNTA BORINQUEN", "feature_type": "cape", "group": "coastal", "feature_class": "Cape", "municipality": "Aguadilla"}}, {"type": "Feature", "geometry": {"type": "Point", "coordinates": [-67.881944, 18.056111]}, "properties": {"canonical_id": "place_cape_punta_brava", "gnis_id": "2575406", "canonical_name": "Punta Brava", "normalized_name": "PUNTA BRAVA", "feature_type": "cape", "group": "coastal", "feature_class": "Cape", "municipality": "Mayagüez"}}, {"type": "Feature", "geometry": {"type": "Point", "coordinates": [-66.91962, 17.931912]}, "properties": {"canonical_id": "place_cape_punta_brea", "gnis_id": "1611777", "canonical_name": "Punta Brea", "normalized_name": "PUNTA BREA", "feature_type": "cape", "group": "coastal", "feature_class": "Cape", "municipality": "Guánica"}}, {"type": "Feature", "geometry": {"type": "Point", "coordinates": [-65.366825, 18.158574]}, "properties": {"canonical_id": "place_cape_punta_brigadier", "gnis_id": "1612929", "canonical_name": "Punta Brigadier", "normalized_name": "PUNTA BRIGADIER", "feature_type": "cape", "group": "coastal", "feature_class": "Cape", "municipality": "Vieques"}}, {"type": "Feature", "geometry": {"type": "Point", "coordinates": [-65.503215, 18.135796]}, "properties": {"canonical_id": "place_cape_punta_caballo", "gnis_id": "1611778", "canonical_name": "Punta Caballo", "normalized_name": "PUNTA CABALLO", "feature_type": "cape", "group": "coastal", "feature_class": "Cape", "municipality": "Vieques"}}, {"type": "Feature", "geometry": {"type": "Point", "coordinates": [-65.390436, 18.161351]}, "properties": {"canonical_id": "place_cape_punta_cabellos_colorados", "gnis_id": "1612884", "canonical_name": "Punta Cabellos Colorados", "normalized_name": "PUNTA CABELLOS COLORADOS", "feature_type": "cape", "group": "coastal", "feature_class": "Cape", "municipality": "Vieques"}}, {"type": "Feature", "geometry": {"type": "Point", "coordinates": [-65.281196, 18.303187]}, "properties": {"canonical_id": "place_cape_punta_cabras", "gnis_id": "2575405", "canonical_name": "Punta Cabras", "normalized_name": "PUNTA CABRAS", "feature_type": "cape", "group": "coastal", "feature_class": "Cape", "municipality": "Culebra"}}, {"type": "Feature", "geometry": {"type": "Point", "coordinates": [-66.584339, 17.961912]}, "properties": {"canonical_id": "place_cape_punta_cabullones", "gnis_id": "1611779", "canonical_name": "Punta Cabullones", "normalized_name": "PUNTA CABULLONES", "feature_type": "cape", "group": "coastal", "feature_class": "Cape", "municipality": "Ponce"}}, {"type": "Feature", "geometry": {"type": "Point", "coordinates": [-67.235181, 18.29995]}, "properties": {"canonical_id": "place_cape_punta_cadena", "gnis_id": "1611780", "canonical_name": "Punta Cadena", "normalized_name": "PUNTA CADENA", "feature_type": "cape", "group": "coastal", "feature_class": "Cape", "municipality": "Rincón"}}, {"type": "Feature", "geometry": {"type": "Point", "coordinates": [-67.896924, 18.053479]}, "properties": {"canonical_id": "place_cape_punta_caigo_o_no_caigo", "gnis_id": "1611781", "canonical_name": "Punta Caigo o no Caigo", "normalized_name": "PUNTA CAIGO O NO CAIGO", "feature_type": "cape", "group": "coastal", "feature_class": "Cape", "municipality": "Mayagüez"}}, {"type": "Feature", "geometry": {"type": "Point", "coordinates": [-65.286546, 18.307456]}, "properties": {"canonical_id": "place_cape_punta_camenterio", "gnis_id": "1613370", "canonical_name": "Punta Camenterio", "normalized_name": "PUNTA CAMENTERIO", "feature_type": "cape", "group": "coastal", "feature_class": "Cape", "municipality": "Culebra"}}, {"type": "Feature", "geometry": {"type": "Point", "coordinates": [-65.399325, 18.162184]}, "properties": {"canonical_id": "place_cape_punta_campanilla", "gnis_id": "1612930", "canonical_name": "Punta Campanilla", "normalized_name": "PUNTA CAMPANILLA", "feature_type": "cape", "group": "coastal", "feature_class": "Cape", "municipality": "Vieques"}}, {"type": "Feature", "geometry": {"type": "Point", "coordinates": [-65.789328, 18.091075]}, "properties": {"canonical_id": "place_cape_punta_candelero", "gnis_id": "1611782", "canonical_name": "Punta Candelero", "normalized_name": "PUNTA CANDELERO", "feature_type": "cape", "group": "coastal", "feature_class": "Cape", "municipality": "Humacao"}}, {"type": "Feature", "geometry": {"type": "Point", "coordinates": [-65.990999, 18.459667]}, "properties": {"canonical_id": "place_cape_punta_cangrejos", "gnis_id": "1611783", "canonical_name": "Punta Cangrejos", "normalized_name": "PUNTA CANGREJOS", "feature_type": "cape", "group": "coastal", "feature_class": "Cape", "municipality": "Loíza"}}, {"type": "Feature", "geometry": {"type": "Point", "coordinates": [-66.673508, 18.489389]}, "properties": {"canonical_id": "place_cape_punta_caracoles", "gnis_id": "1611784", "canonical_name": "Punta Caracoles", "normalized_name": "PUNTA CARACOLES", "feature_type": "cape", "group": "coastal", "feature_class": "Cape", "municipality": "Arecibo"}}, {"type": "Feature", "geometry": {"type": "Point", "coordinates": [-66.612117, 17.96469]}, "properties": {"canonical_id": "place_cape_punta_carenero_1", "gnis_id": "1611785", "canonical_name": "Punta Carenero", "normalized_name": "PUNTA CARENERO", "feature_type": "cape", "group": "coastal", "feature_class": "Cape", "municipality": "Ponce"}}, {"type": "Feature", "geometry": {"type": "Point", "coordinates": [-67.195458, 18.073293]}, "properties": {"canonical_id": "place_cape_punta_carenero_2", "gnis_id": "1611786", "canonical_name": "Punta Carenero", "normalized_name": "PUNTA CARENERO", "feature_type": "cape", "group": "coastal", "feature_class": "Cape", "municipality": "Cabo Rojo"}}, {"type": "Feature", "geometry": {"type": "Point", "coordinates": [-65.365436, 18.121631]}, "properties": {"canonical_id": "place_cape_punta_carenero_3", "gnis_id": "1611787", "canonical_name": "Punta Carenero", "normalized_name": "PUNTA CARENERO", "feature_type": "cape", "group": "coastal", "feature_class": "Cape", "municipality": "Vieques"}}, {"type": "Feature", "geometry": {"type": "Point", "coordinates": [-65.274602, 18.294401]}, "properties": {"canonical_id": "place_cape_punta_carenero_4", "gnis_id": "1611788", "canonical_name": "Punta Carenero", "normalized_name": "PUNTA CARENERO", "feature_type": "cape", "group": "coastal", "feature_class": "Cape", "municipality": "Culebra"}}, {"type": "Feature", "geometry": {"type": "Point", "coordinates": [-65.647662, 18.206903]}, "properties": {"canonical_id": "place_cape_punta_cascajo", "gnis_id": "1611789", "canonical_name": "Punta Cascajo", "normalized_name": "PUNTA CASCAJO", "feature_type": "cape", "group": "coastal", "feature_class": "Cape", "municipality": "Ceiba"}}, {"type": "Feature", "geometry": {"type": "Point", "coordinates": [-66.428503, 17.959967]}, "properties": {"canonical_id": "place_cape_punta_cayito", "gnis_id": "1611790", "canonical_name": "Punta Cayito", "normalized_name": "PUNTA CAYITO", "feature_type": "cape", "group": "coastal", "feature_class": "Cape", "municipality": "Santa Isabel"}}, {"type": "Feature", "geometry": {"type": "Point", "coordinates": [-66.340447, 18.484945]}, "properties": {"canonical_id": "place_cape_punta_cerro_gordo", "gnis_id": "1611791", "canonical_name": "Punta Cerro Gordo", "normalized_name": "PUNTA CERRO GORDO", "feature_type": "cape", "group": "coastal", "feature_class": "Cape", "municipality": "Vega Alta"}}, {"type": "Feature", "geometry": {"type": "Point", "coordinates": [-66.440448, 18.484945]}, "properties": {"canonical_id": "place_cape_punta_chivato", "gnis_id": "1611792", "canonical_name": "Punta Chivato", "normalized_name": "PUNTA CHIVATO", "feature_type": "cape", "group": "coastal", "feature_class": "Cape", "municipality": "Manatí"}}, {"type": "Feature", "geometry": {"type": "Point", "coordinates": [-66.231834, 17.93219]}, "properties": {"canonical_id": "place_cape_punta_colchones", "gnis_id": "1611793", "canonical_name": "Punta Colchones", "normalized_name": "PUNTA COLCHONES", "feature_type": "cape", "group": "coastal", "feature_class": "Cape", "municipality": "Salinas"}}, {"type": "Feature", "geometry": {"type": "Point", "coordinates": [-65.283209, 18.293187]}, "properties": {"canonical_id": "place_cape_punta_colorado", "gnis_id": "1613371", "canonical_name": "Punta Colorado", "normalized_name": "PUNTA COLORADO", "feature_type": "cape", "group": "coastal", "feature_class": "Cape", "municipality": "Culebra"}}, {"type": "Feature", "geometry": {"type": "Point", "coordinates": [-65.376547, 18.108576]}, "properties": {"canonical_id": "place_cape_punta_conejo", "gnis_id": "1612931", "canonical_name": "Punta Conejo", "normalized_name": "PUNTA CONEJO", "feature_type": "cape", "group": "coastal", "feature_class": "Cape", "municipality": "Vieques"}}, {"type": "Feature", "geometry": {"type": "Point", "coordinates": [-66.199056, 18.467723]}, "properties": {"canonical_id": "place_cape_punta_corozo", "gnis_id": "1611794", "canonical_name": "Punta Corozo", "normalized_name": "PUNTA COROZO", "feature_type": "cape", "group": "coastal", "feature_class": "Cape", "municipality": "Dorado"}}, {"type": "Feature", "geometry": {"type": "Point", "coordinates": [-65.338492, 18.301623]}, "properties": {"canonical_id": "place_cape_punta_cruz", "gnis_id": "1611795", "canonical_name": "Punta Cruz", "normalized_name": "PUNTA CRUZ", "feature_type": "cape", "group": "coastal", "feature_class": "Cape", "municipality": "Culebra"}}, {"type": "Feature", "geometry": {"type": "Point", "coordinates": [-66.672674, 17.967467]}, "properties": {"canonical_id": "place_cape_punta_cucharas", "gnis_id": "1611796", "canonical_name": "Punta Cucharas", "normalized_name": "PUNTA CUCHARAS", "feature_type": "cape", "group": "coastal", "feature_class": "Cape", "municipality": "Ponce"}}, {"type": "Feature", "geometry": {"type": "Point", "coordinates": [-67.077678, 17.959132]}, "properties": {"canonical_id": "place_cape_punta_cueva_de_ayala", "gnis_id": "1611797", "canonical_name": "Punta Cueva de Ayala", "normalized_name": "PUNTA CUEVA DE AYALA", "feature_type": "cape", "group": "coastal", "feature_class": "Cape", "municipality": "Lajas"}}, {"type": "Feature", "geometry": {"type": "Point", "coordinates": [-66.016277, 18.446057]}, "properties": {"canonical_id": "place_cape_punta_el_medio", "gnis_id": "1612966", "canonical_name": "Punta El Medio", "normalized_name": "PUNTA EL MEDIO", "feature_type": "cape", "group": "coastal", "feature_class": "Cape", "municipality": "Carolina"}}, {"type": "Feature", "geometry": {"type": "Point", "coordinates": [-65.728774, 18.389117]}, "properties": {"canonical_id": "place_cape_punta_embarcadero", "gnis_id": "1611798", "canonical_name": "Punta Embarcadero", "normalized_name": "PUNTA EMBARCADERO", "feature_type": "cape", "group": "coastal", "feature_class": "Cape", "municipality": "Luquillo"}}, {"type": "Feature", "geometry": {"type": "Point", "coordinates": [-67.260458, 18.344392]}, "properties": {"canonical_id": "place_cape_punta_ensenada", "gnis_id": "1611799", "canonical_name": "Punta Ensenada", "normalized_name": "PUNTA ENSENADA", "feature_type": "cape", "group": "coastal", "feature_class": "Cape", "municipality": "Rincón"}}, {"type": "Feature", "geometry": {"type": "Point", "coordinates": [-66.086555, 18.466611]}, "properties": {"canonical_id": "place_cape_punta_escambron", "gnis_id": "1611800", "canonical_name": "Punta Escambron", "normalized_name": "PUNTA ESCAMBRON", "feature_type": "cape", "group": "coastal", "feature_class": "Cape", "municipality": "San Juan"}}, {"type": "Feature", "geometry": {"type": "Point", "coordinates": [-67.851391, 18.080876]}, "properties": {"canonical_id": "place_cape_punta_este_1", "gnis_id": "1611801", "canonical_name": "Punta Este", "normalized_name": "PUNTA ESTE", "feature_type": "cape", "group": "coastal", "feature_class": "Cape", "municipality": "Mayagüez"}}, {"type": "Feature", "geometry": {"type": "Point", "coordinates": [-65.26849, 18.13413]}, "properties": {"canonical_id": "place_cape_punta_este_2", "gnis_id": "1612932", "canonical_name": "Punta Este", "normalized_name": "PUNTA ESTE", "feature_type": "cape", "group": "coastal", "feature_class": "Cape", "municipality": "Vieques"}}, {"type": "Feature", "geometry": {"type": "Point", "coordinates": [-65.626828, 18.33162]}, "properties": {"canonical_id": "place_cape_punta_fajardo", "gnis_id": "1611802", "canonical_name": "Punta Fajardo", "normalized_name": "PUNTA FAJARDO", "feature_type": "cape", "group": "coastal", "feature_class": "Cape", "municipality": "Fajardo"}}, {"type": "Feature", "geometry": {"type": "Point", "coordinates": [-65.624884, 18.280511]}, "properties": {"canonical_id": "place_cape_punta_figueras", "gnis_id": "1611803", "canonical_name": "Punta Figueras", "normalized_name": "PUNTA FIGUERAS", "feature_type": "cape", "group": "coastal", "feature_class": "Cape", "municipality": "Ceiba"}}, {"type": "Feature", "geometry": {"type": "Point", "coordinates": [-66.047942, 17.953579]}, "properties": {"canonical_id": "place_cape_punta_figuras", "gnis_id": "1611804", "canonical_name": "Punta Figuras", "normalized_name": "PUNTA FIGURAS", "feature_type": "cape", "group": "coastal", "feature_class": "Cape", "municipality": "Arroyo"}}, {"type": "Feature", "geometry": {"type": "Point", "coordinates": [-65.30988, 18.337733]}, "properties": {"canonical_id": "place_cape_punta_flamenco", "gnis_id": "1611805", "canonical_name": "Punta Flamenco", "normalized_name": "PUNTA FLAMENCO", "feature_type": "cape", "group": "coastal", "feature_class": "Cape", "municipality": "Culebra"}}, {"type": "Feature", "geometry": {"type": "Point", "coordinates": [-65.796272, 18.079409]}, "properties": {"canonical_id": "place_cape_punta_fraile_1", "gnis_id": "1611806", "canonical_name": "Punta Fraile", "normalized_name": "PUNTA FRAILE", "feature_type": "cape", "group": "coastal", "feature_class": "Cape", "municipality": "Humacao"}}, {"type": "Feature", "geometry": {"type": "Point", "coordinates": [-66.276805, 18.477799]}, "properties": {"canonical_id": "place_cape_punta_fraile_2", "gnis_id": "1611807", "canonical_name": "Punta Fraile", "normalized_name": "PUNTA FRAILE", "feature_type": "cape", "group": "coastal", "feature_class": "Cape", "municipality": "Dorado"}}, {"type": "Feature", "geometry": {"type": "Point", "coordinates": [-66.377948, 18.488556]}, "properties": {"canonical_id": "place_cape_punta_garza", "gnis_id": "1611808", "canonical_name": "Punta Garza", "normalized_name": "PUNTA GARZA", "feature_type": "cape", "group": "coastal", "feature_class": "Cape", "municipality": "Vega Baja"}}, {"type": "Feature", "geometry": {"type": "Point", "coordinates": [-65.300991, 18.143852]}, "properties": {"canonical_id": "place_cape_punta_gato", "gnis_id": "1612933", "canonical_name": "Punta Gato", "normalized_name": "PUNTA GATO", "feature_type": "cape", "group": "coastal", "feature_class": "Cape", "municipality": "Vieques"}}, {"type": "Feature", "geometry": {"type": "Point", "coordinates": [-65.356547, 18.155796]}, "properties": {"canonical_id": "place_cape_punta_goleta", "gnis_id": "1612934", "canonical_name": "Punta Goleta", "normalized_name": "PUNTA GOLETA", "feature_type": "cape", "group": "coastal", "feature_class": "Cape", "municipality": "Vieques"}}, {"type": "Feature", "geometry": {"type": "Point", "coordinates": [-67.260458, 18.370224]}, "properties": {"canonical_id": "place_cape_punta_gorda_1", "gnis_id": "1611809", "canonical_name": "Punta Gorda", "normalized_name": "PUNTA GORDA", "feature_type": "cape", "group": "coastal", "feature_class": "Cape", "municipality": "Rincón"}}, {"type": "Feature", "geometry": {"type": "Point", "coordinates": [-65.625439, 18.359396]}, "properties": {"canonical_id": "place_cape_punta_gorda_2", "gnis_id": "1611810", "canonical_name": "Punta Gorda", "normalized_name": "PUNTA GORDA", "feature_type": "cape", "group": "coastal", "feature_class": "Cape", "municipality": "Fajardo"}}, {"type": "Feature", "geometry": {"type": "Point", "coordinates": [-66.762119, 17.9808]}, "properties": {"canonical_id": "place_cape_punta_gotay", "gnis_id": "1611811", "canonical_name": "Punta Gotay", "normalized_name": "PUNTA GOTAY", "feature_type": "cape", "group": "coastal", "feature_class": "Cape", "municipality": "Guayanilla"}}, {"type": "Feature", "geometry": {"type": "Point", "coordinates": [-67.184625, 18.165234]}, "properties": {"canonical_id": "place_cape_punta_guanajibo", "gnis_id": "1611812", "canonical_name": "Punta Guanajibo", "normalized_name": "PUNTA GUANAJIBO", "feature_type": "cape", "group": "coastal", "feature_class": "Cape", "municipality": "Cabo Rojo"}}, {"type": "Feature", "geometry": {"type": "Point", "coordinates": [-67.205458, 18.038295]}, "properties": {"canonical_id": "place_cape_punta_guaniquilla", "gnis_id": "1611813", "canonical_name": "Punta Guaniquilla", "normalized_name": "PUNTA GUANIQUILLA", "feature_type": "cape", "group": "coastal", "feature_class": "Cape", "municipality": "Cabo Rojo"}}, {"type": "Feature", "geometry": {"type": "Point", "coordinates": [-67.0899, 17.95191]}, "properties": {"canonical_id": "place_cape_punta_guayacan", "gnis_id": "1611814", "canonical_name": "Punta Guayacan", "normalized_name": "PUNTA GUAYACAN", "feature_type": "cape", "group": "coastal", "feature_class": "Cape", "municipality": "Lajas"}}, {"type": "Feature", "geometry": {"type": "Point", "coordinates": [-65.808494, 18.057466]}, "properties": {"canonical_id": "place_cape_punta_guayanes", "gnis_id": "1611815", "canonical_name": "Punta Guayanes", "normalized_name": "PUNTA GUAYANES", "feature_type": "cape", "group": "coastal", "feature_class": "Cape", "municipality": "Yabucoa"}}, {"type": "Feature", "geometry": {"type": "Point", "coordinates": [-66.755175, 17.982744]}, "properties": {"canonical_id": "place_cape_punta_guayanilla", "gnis_id": "1613180", "canonical_name": "Punta Guayanilla", "normalized_name": "PUNTA GUAYANILLA", "feature_type": "cape", "group": "coastal", "feature_class": "Cape", "municipality": "Peñuelas"}}, {"type": "Feature", "geometry": {"type": "Point", "coordinates": [-66.03572, 17.961912]}, "properties": {"canonical_id": "place_cape_punta_guilarte", "gnis_id": "1613181", "canonical_name": "Punta Guilarte", "normalized_name": "PUNTA GUILARTE", "feature_type": "cape", "group": "coastal", "feature_class": "Cape", "municipality": "Arroyo"}}, {"type": "Feature", "geometry": {"type": "Point", "coordinates": [-67.271014, 18.362724]}, "properties": {"canonical_id": "place_cape_punta_higuero", "gnis_id": "1613182", "canonical_name": "Punta Higuero", "normalized_name": "PUNTA HIGUERO", "feature_type": "cape", "group": "coastal", "feature_class": "Cape", "municipality": "Rincón"}}, {"type": "Feature", "geometry": {"type": "Point", "coordinates": [-65.309046, 18.144963]}, "properties": {"canonical_id": "place_cape_punta_icacos_1", "gnis_id": "1612935", "canonical_name": "Punta Icacos", "normalized_name": "PUNTA ICACOS", "feature_type": "cape", "group": "coastal", "feature_class": "Cape", "municipality": "Vieques"}}, {"type": "Feature", "geometry": {"type": "Point", "coordinates": [-65.796272, 18.069132]}, "properties": {"canonical_id": "place_cape_punta_icacos_2", "gnis_id": "1613183", "canonical_name": "Punta Icacos", "normalized_name": "PUNTA ICACOS", "feature_type": "cape", "group": "coastal", "feature_class": "Cape", "municipality": "Yabucoa"}}, {"type": "Feature", "geometry": {"type": "Point", "coordinates": [-65.854053, 18.434946]}, "properties": {"canonical_id": "place_cape_punta_iglesia", "gnis_id": "1611816", "canonical_name": "Punta Iglesia", "normalized_name": "PUNTA IGLESIA", "feature_type": "cape", "group": "coastal", "feature_class": "Cape", "municipality": "Loíza"}}, {"type": "Feature", "geometry": {"type": "Point", "coordinates": [-66.877953, 17.948579]}, "properties": {"canonical_id": "place_cape_punta_jacinto_1", "gnis_id": "1611817", "canonical_name": "Punta Jacinto", "normalized_name": "PUNTA JACINTO", "feature_type": "cape", "group": "coastal", "feature_class": "Cape", "municipality": "Guánica"}}, {"type": "Feature", "geometry": {"type": "Point", "coordinates": [-67.075736, 18.51522]}, "properties": {"canonical_id": "place_cape_punta_jacinto_2", "gnis_id": "1611818", "canonical_name": "Punta Jacinto", "normalized_name": "PUNTA JACINTO", "feature_type": "cape", "group": "coastal", "feature_class": "Cape", "municipality": "Isabela"}}, {"type": "Feature", "geometry": {"type": "Point", "coordinates": [-67.196846, 17.937466]}, "properties": {"canonical_id": "place_cape_punta_jaguey", "gnis_id": "1611819", "canonical_name": "Punta Jaguey", "normalized_name": "PUNTA JAGUEY", "feature_type": "cape", "group": "coastal", "feature_class": "Cape", "municipality": "Cabo Rojo"}}, {"type": "Feature", "geometry": {"type": "Point", "coordinates": [-65.334602, 18.11802]}, "properties": {"canonical_id": "place_cape_punta_jalova", "gnis_id": "1611820", "canonical_name": "Punta Jalova", "normalized_name": "PUNTA JALOVA", "feature_type": "cape", "group": "coastal", "feature_class": "Cape", "municipality": "Vieques"}}, {"type": "Feature", "geometry": {"type": "Point", "coordinates": [-66.956009, 17.93219]}, "properties": {"canonical_id": "place_cape_punta_jorobado", "gnis_id": "1611821", "canonical_name": "Punta Jorobado", "normalized_name": "PUNTA JOROBADO", "feature_type": "cape", "group": "coastal", "feature_class": "Cape", "municipality": "Guánica"}}, {"type": "Feature", "geometry": {"type": "Point", "coordinates": [-65.722107, 18.388283]}, "properties": {"canonical_id": "place_cape_punta_la_bandera", "gnis_id": "1611822", "canonical_name": "Punta La Bandera", "normalized_name": "PUNTA LA BANDERA", "feature_type": "cape", "group": "coastal", "feature_class": "Cape", "municipality": "Luquillo"}}, {"type": "Feature", "geometry": {"type": "Point", "coordinates": [-67.196569, 18.066072]}, "properties": {"canonical_id": "place_cape_punta_la_mela", "gnis_id": "1611823", "canonical_name": "Punta La Mela", "normalized_name": "PUNTA LA MELA", "feature_type": "cape", "group": "coastal", "feature_class": "Cape", "municipality": "Cabo Rojo"}}, {"type": "Feature", "geometry": {"type": "Point", "coordinates": [-66.039332, 18.454112]}, "properties": {"canonical_id": "place_cape_punta_las_marias", "gnis_id": "1613184", "canonical_name": "Punta Las Marias", "normalized_name": "PUNTA LAS MARIAS", "feature_type": "cape", "group": "coastal", "feature_class": "Cape", "municipality": "San Juan"}}, {"type": "Feature", "geometry": {"type": "Point", "coordinates": [-66.642119, 18.492444]}, "properties": {"canonical_id": "place_cape_punta_las_tunas", "gnis_id": "1611825", "canonical_name": "Punta Las Tunas", "normalized_name": "PUNTA LAS TUNAS", "feature_type": "cape", "group": "coastal", "feature_class": "Cape", "municipality": "Arecibo"}}, {"type": "Feature", "geometry": {"type": "Point", "coordinates": [-65.690439, 18.178849]}, "properties": {"canonical_id": "place_cape_punta_lima", "gnis_id": "1613186", "canonical_name": "Punta Lima", "normalized_name": "PUNTA LIMA", "feature_type": "cape", "group": "coastal", "feature_class": "Cape", "municipality": "Naguabo"}}, {"type": "Feature", "geometry": {"type": "Point", "coordinates": [-67.875895, 18.057294]}, "properties": {"canonical_id": "place_cape_punta_los_ingleses", "gnis_id": "1611826", "canonical_name": "Punta Los Ingleses", "normalized_name": "PUNTA LOS INGLESES", "feature_type": "cape", "group": "coastal", "feature_class": "Cape", "municipality": "Mayagüez"}}, {"type": "Feature", "geometry": {"type": "Point", "coordinates": [-65.980443, 18.45939]}, "properties": {"canonical_id": "place_cape_punta_maldonado", "gnis_id": "1611827", "canonical_name": "Punta Maldonado", "normalized_name": "PUNTA MALDONADO", "feature_type": "cape", "group": "coastal", "feature_class": "Cape", "municipality": "Loíza"}}, {"type": "Feature", "geometry": {"type": "Point", "coordinates": [-66.298982, 18.477472]}, "properties": {"canonical_id": "place_cape_punta_mameyes", "gnis_id": "1611828", "canonical_name": "Punta Mameyes", "normalized_name": "PUNTA MAMEYES", "feature_type": "cape", "group": "coastal", "feature_class": "Cape", "municipality": "Dorado"}}, {"type": "Feature", "geometry": {"type": "Point", "coordinates": [-66.526283, 18.484667]}, "properties": {"canonical_id": "place_cape_punta_manati", "gnis_id": "1613187", "canonical_name": "Punta Manati", "normalized_name": "PUNTA MANATI", "feature_type": "cape", "group": "coastal", "feature_class": "Cape", "municipality": "Manatí"}}, {"type": "Feature", "geometry": {"type": "Point", "coordinates": [-65.262935, 18.324956]}, "properties": {"canonical_id": "place_cape_punta_manchita", "gnis_id": "1613368", "canonical_name": "Punta Manchita", "normalized_name": "PUNTA MANCHITA", "feature_type": "cape", "group": "coastal", "feature_class": "Cape", "municipality": "Culebra"}}, {"type": "Feature", "geometry": {"type": "Point", "coordinates": [-66.931565, 17.928857]}, "properties": {"canonical_id": "place_cape_punta_manglillo_1", "gnis_id": "1611829", "canonical_name": "Punta Manglillo", "normalized_name": "PUNTA MANGLILLO", "feature_type": "cape", "group": "coastal", "feature_class": "Cape", "municipality": "Guánica"}}, {"type": "Feature", "geometry": {"type": "Point", "coordinates": [-66.824066, 18.4905]}, "properties": {"canonical_id": "place_cape_punta_manglillo_2", "gnis_id": "1611830", "canonical_name": "Punta Manglillo", "normalized_name": "PUNTA MANGLILLO", "feature_type": "cape", "group": "coastal", "feature_class": "Cape", "municipality": "Hatillo"}}, {"type": "Feature", "geometry": {"type": "Point", "coordinates": [-66.794065, 18.493]}, "properties": {"canonical_id": "place_cape_punta_maracayo", "gnis_id": "1611831", "canonical_name": "Punta Maracayo", "normalized_name": "PUNTA MARACAYO", "feature_type": "cape", "group": "coastal", "feature_class": "Cape", "municipality": "Hatillo"}}, {"type": "Feature", "geometry": {"type": "Point", "coordinates": [-66.483505, 18.473556]}, "properties": {"canonical_id": "place_cape_punta_marchiquita", "gnis_id": "1611832", "canonical_name": "Punta Marchiquita", "normalized_name": "PUNTA MARCHIQUITA", "feature_type": "cape", "group": "coastal", "feature_class": "Cape", "municipality": "Manatí"}}, {"type": "Feature", "geometry": {"type": "Point", "coordinates": [-65.468492, 18.143851]}, "properties": {"canonical_id": "place_cape_punta_martineau", "gnis_id": "1612936", "canonical_name": "Punta Martineau", "normalized_name": "PUNTA MARTINEAU", "feature_type": "cape", "group": "coastal", "feature_class": "Cape", "municipality": "Vieques"}}, {"type": "Feature", "geometry": {"type": "Point", "coordinates": [-65.624606, 18.303843]}, "properties": {"canonical_id": "place_cape_punta_mata_redonda", "gnis_id": "1611833", "canonical_name": "Punta Mata Redonda", "normalized_name": "PUNTA MATA REDONDA", "feature_type": "cape", "group": "coastal", "feature_class": "Cape", "municipality": "Fajardo"}}, {"type": "Feature", "geometry": {"type": "Point", "coordinates": [-65.328491, 18.121908]}, "properties": {"canonical_id": "place_cape_punta_matias", "gnis_id": "1613188", "canonical_name": "Punta Matias", "normalized_name": "PUNTA MATIAS", "feature_type": "cape", "group": "coastal", "feature_class": "Cape", "municipality": "Vieques"}}, {"type": "Feature", "geometry": {"type": "Point", "coordinates": [-65.290105, 18.337321]}, "properties": {"canonical_id": "place_cape_punta_matojo", "gnis_id": "2575403", "canonical_name": "Punta Matojo", "normalized_name": "PUNTA MATOJO", "feature_type": "cape", "group": "coastal", "feature_class": "Cape", "municipality": "Culebra"}}, {"type": "Feature", "geometry": {"type": "Point", "coordinates": [-65.605994, 18.260512]}, "properties": {"canonical_id": "place_cape_punta_medio_mundo", "gnis_id": "1613189", "canonical_name": "Punta Medio Mundo", "normalized_name": "PUNTA MEDIO MUNDO", "feature_type": "cape", "group": "coastal", "feature_class": "Cape", "municipality": "Ceiba"}}, {"type": "Feature", "geometry": {"type": "Point", "coordinates": [-67.212958, 17.992464]}, "properties": {"canonical_id": "place_cape_punta_melones_1", "gnis_id": "1611834", "canonical_name": "Punta Melones", "normalized_name": "PUNTA MELONES", "feature_type": "cape", "group": "coastal", "feature_class": "Cape", "municipality": "Cabo Rojo"}}, {"type": "Feature", "geometry": {"type": "Point", "coordinates": [-65.310714, 18.302179]}, "properties": {"canonical_id": "place_cape_punta_melones_2", "gnis_id": "1613190", "canonical_name": "Punta Melones", "normalized_name": "PUNTA MELONES", "feature_type": "cape", "group": "coastal", "feature_class": "Cape", "municipality": "Culebra"}}, {"type": "Feature", "geometry": {"type": "Point", "coordinates": [-66.904342, 17.951078]}, "properties": {"canonical_id": "place_cape_punta_meseta", "gnis_id": "1611835", "canonical_name": "Punta Meseta", "normalized_name": "PUNTA MESETA", "feature_type": "cape", "group": "coastal", "feature_class": "Cape", "municipality": "Guánica"}}, {"type": "Feature", "geometry": {"type": "Point", "coordinates": [-65.794886, 18.415781]}, "properties": {"canonical_id": "place_cape_punta_miquillo", "gnis_id": "1611836", "canonical_name": "Punta Miquillo", "normalized_name": "PUNTA MIQUILLO", "feature_type": "cape", "group": "coastal", "feature_class": "Cape", "municipality": "Río Grande"}}, {"type": "Feature", "geometry": {"type": "Point", "coordinates": [-67.21518, 17.983575]}, "properties": {"canonical_id": "place_cape_punta_moja_casabe", "gnis_id": "1611837", "canonical_name": "Punta Moja Casabe", "normalized_name": "PUNTA MOJA CASABE", "feature_type": "cape", "group": "coastal", "feature_class": "Cape", "municipality": "Cabo Rojo"}}, {"type": "Feature", "geometry": {"type": "Point", "coordinates": [-67.158234, 17.95441]}, "properties": {"canonical_id": "place_cape_punta_molino", "gnis_id": "1611838", "canonical_name": "Punta Molino", "normalized_name": "PUNTA MOLINO", "feature_type": "cape", "group": "coastal", "feature_class": "Cape", "municipality": "Cabo Rojo"}}, {"type": "Feature", "geometry": {"type": "Point", "coordinates": [-66.982677, 17.958022]}, "properties": {"canonical_id": "place_cape_punta_montalva", "gnis_id": "1611839", "canonical_name": "Punta Montalva", "normalized_name": "PUNTA MONTALVA", "feature_type": "cape", "group": "coastal", "feature_class": "Cape", "municipality": "Lajas"}}, {"type": "Feature", "geometry": {"type": "Point", "coordinates": [-66.700453, 18.482445]}, "properties": {"canonical_id": "place_cape_punta_morrillos", "gnis_id": "1613191", "canonical_name": "Punta Morrillos", "normalized_name": "PUNTA MORRILLOS", "feature_type": "cape", "group": "coastal", "feature_class": "Cape", "municipality": "Arecibo"}}, {"type": "Feature", "geometry": {"type": "Point", "coordinates": [-65.444603, 18.154684]}, "properties": {"canonical_id": "place_cape_punta_mulas", "gnis_id": "1612937", "canonical_name": "Punta Mulas", "normalized_name": "PUNTA MULAS", "feature_type": "cape", "group": "coastal", "feature_class": "Cape", "municipality": "Vieques"}}, {"type": "Feature", "geometry": {"type": "Point", "coordinates": [-65.257934, 18.303567]}, "properties": {"canonical_id": "place_cape_punta_muleros", "gnis_id": "1613192", "canonical_name": "Punta Muleros", "normalized_name": "PUNTA MULEROS", "feature_type": "cape", "group": "coastal", "feature_class": "Cape", "municipality": "Culebra"}}, {"type": "Feature", "geometry": {"type": "Point", "coordinates": [-65.451825, 18.08691]}, "properties": {"canonical_id": "place_cape_punta_negra", "gnis_id": "1612938", "canonical_name": "Punta Negra", "normalized_name": "PUNTA NEGRA", "feature_type": "cape", "group": "coastal", "feature_class": "Cape", "municipality": "Vieques"}}, {"type": "Feature", "geometry": {"type": "Point", "coordinates": [-65.342659, 18.346622]}, "properties": {"canonical_id": "place_cape_punta_noroeste", "gnis_id": "1613384", "canonical_name": "Punta Noroeste", "normalized_name": "PUNTA NOROESTE", "feature_type": "cape", "group": "coastal", "feature_class": "Cape", "municipality": "Culebra"}}, {"type": "Feature", "geometry": {"type": "Point", "coordinates": [-66.157111, 17.930802]}, "properties": {"canonical_id": "place_cape_punta_ola_grande", "gnis_id": "1613194", "canonical_name": "Punta Ola Grande", "normalized_name": "PUNTA OLA GRANDE", "feature_type": "cape", "group": "coastal", "feature_class": "Cape", "municipality": "Guayama"}}, {"type": "Feature", "geometry": {"type": "Point", "coordinates": [-67.197958, 18.090793]}, "properties": {"canonical_id": "place_cape_punta_ostiones_1", "gnis_id": "1611841", "canonical_name": "Punta Ostiones", "normalized_name": "PUNTA OSTIONES", "feature_type": "cape", "group": "coastal", "feature_class": "Cape", "municipality": "Cabo Rojo"}}, {"type": "Feature", "geometry": {"type": "Point", "coordinates": [-67.196847, 18.081349]}, "properties": {"canonical_id": "place_cape_punta_ostiones_2", "gnis_id": "1991926", "canonical_name": "Punta Ostiones", "normalized_name": "PUNTA OSTIONES", "feature_type": "cape", "group": "coastal", "feature_class": "Cape", "municipality": "Cabo Rojo"}}, {"type": "Feature", "geometry": {"type": "Point", "coordinates": [-65.280157, 18.30079]}, "properties": {"canonical_id": "place_cape_punta_padilla", "gnis_id": "1613195", "canonical_name": "Punta Padilla", "normalized_name": "PUNTA PADILLA", "feature_type": "cape", "group": "coastal", "feature_class": "Cape", "municipality": "Culebra"}}, {"type": "Feature", "geometry": {"type": "Point", "coordinates": [-66.561561, 18.489667]}, "properties": {"canonical_id": "place_cape_punta_palmas_altas", "gnis_id": "1611842", "canonical_name": "Punta Palmas Altas", "normalized_name": "PUNTA PALMAS ALTAS", "feature_type": "cape", "group": "coastal", "feature_class": "Cape", "municipality": "Barceloneta"}}, {"type": "Feature", "geometry": {"type": "Point", "coordinates": [-66.140167, 18.462723]}, "properties": {"canonical_id": "place_cape_punta_palo_seco", "gnis_id": "1611843", "canonical_name": "Punta Palo Seco", "normalized_name": "PUNTA PALO SECO", "feature_type": "cape", "group": "coastal", "feature_class": "Cape", "municipality": "Toa Baja"}}, {"type": "Feature", "geometry": {"type": "Point", "coordinates": [-67.029344, 17.971632]}, "properties": {"canonical_id": "place_cape_punta_papayo", "gnis_id": "1611844", "canonical_name": "Punta Papayo", "normalized_name": "PUNTA PAPAYO", "feature_type": "cape", "group": "coastal", "feature_class": "Cape", "municipality": "Lajas"}}, {"type": "Feature", "geometry": {"type": "Point", "coordinates": [-67.055455, 17.973854]}, "properties": {"canonical_id": "place_cape_punta_parguera", "gnis_id": "1611845", "canonical_name": "Punta Parguera", "normalized_name": "PUNTA PARGUERA", "feature_type": "cape", "group": "coastal", "feature_class": "Cape", "municipality": "Lajas"}}, {"type": "Feature", "geometry": {"type": "Point", "coordinates": [-66.477949, 17.987465]}, "properties": {"canonical_id": "place_cape_punta_pastillo", "gnis_id": "1611846", "canonical_name": "Punta Pastillo", "normalized_name": "PUNTA PASTILLO", "feature_type": "cape", "group": "coastal", "feature_class": "Cape", "municipality": "Juana Díaz"}}, {"type": "Feature", "geometry": {"type": "Point", "coordinates": [-66.762397, 18.001077]}, "properties": {"canonical_id": "place_cape_punta_pepillo", "gnis_id": "1613197", "canonical_name": "Punta Pepillo", "normalized_name": "PUNTA PEPILLO", "feature_type": "cape", "group": "coastal", "feature_class": "Cape", "municipality": "Guayanilla"}}, {"type": "Feature", "geometry": {"type": "Point", "coordinates": [-66.926287, 17.965244]}, "properties": {"canonical_id": "place_cape_punta_pera", "gnis_id": "1611849", "canonical_name": "Punta Pera", "normalized_name": "PUNTA PERA", "feature_type": "cape", "group": "coastal", "feature_class": "Cape", "municipality": "Guánica"}}, {"type": "Feature", "geometry": {"type": "Point", "coordinates": [-65.762385, 18.397727]}, "properties": {"canonical_id": "place_cape_punta_percha", "gnis_id": "1611850", "canonical_name": "Punta Percha", "normalized_name": "PUNTA PERCHA", "feature_type": "cape", "group": "coastal", "feature_class": "Cape", "municipality": "Río Grande"}}, {"type": "Feature", "geometry": {"type": "Point", "coordinates": [-66.90962, 17.949967]}, "properties": {"canonical_id": "place_cape_punta_pescadores", "gnis_id": "1611851", "canonical_name": "Punta Pescadores", "normalized_name": "PUNTA PESCADORES", "feature_type": "cape", "group": "coastal", "feature_class": "Cape", "municipality": "Guánica"}}, {"type": "Feature", "geometry": {"type": "Point", "coordinates": [-66.386281, 17.938579]}, "properties": {"canonical_id": "place_cape_punta_petrona", "gnis_id": "1611852", "canonical_name": "Punta Petrona", "normalized_name": "PUNTA PETRONA", "feature_type": "cape", "group": "coastal", "feature_class": "Cape", "municipality": "Santa Isabel"}}, {"type": "Feature", "geometry": {"type": "Point", "coordinates": [-66.867122, 18.491888]}, "properties": {"canonical_id": "place_cape_punta_penon", "gnis_id": "1611847", "canonical_name": "Punta Peñon", "normalized_name": "PUNTA PENON", "feature_type": "cape", "group": "coastal", "feature_class": "Cape", "municipality": "Camuy"}}, {"type": "Feature", "geometry": {"type": "Point", "coordinates": [-66.61795, 17.968856]}, "properties": {"canonical_id": "place_cape_punta_penoncillo", "gnis_id": "1613196", "canonical_name": "Punta Peñoncillo", "normalized_name": "PUNTA PENONCILLO", "feature_type": "cape", "group": "coastal", "feature_class": "Cape", "municipality": "Ponce"}}, {"type": "Feature", "geometry": {"type": "Point", "coordinates": [-67.002677, 17.961077]}, "properties": {"canonical_id": "place_cape_punta_penones", "gnis_id": "1611848", "canonical_name": "Punta Peñones", "normalized_name": "PUNTA PENONES", "feature_type": "cape", "group": "coastal", "feature_class": "Cape", "municipality": "Lajas"}}, {"type": "Feature", "geometry": {"type": "Point", "coordinates": [-65.774885, 18.409115]}, "properties": {"canonical_id": "place_cape_punta_picua", "gnis_id": "1611853", "canonical_name": "Punta Picua", "normalized_name": "PUNTA PICUA", "feature_type": "cape", "group": "coastal", "feature_class": "Cape", "municipality": "Río Grande"}}, {"type": "Feature", "geometry": {"type": "Point", "coordinates": [-66.065721, 18.457167]}, "properties": {"canonical_id": "place_cape_punta_piedrita", "gnis_id": "1611854", "canonical_name": "Punta Piedrita", "normalized_name": "PUNTA PIEDRITA", "feature_type": "cape", "group": "coastal", "feature_class": "Cape", "municipality": "San Juan"}}, {"type": "Feature", "geometry": {"type": "Point", "coordinates": [-67.122956, 17.948299]}, "properties": {"canonical_id": "place_cape_punta_pitahaya", "gnis_id": "1611855", "canonical_name": "Punta Pitahaya", "normalized_name": "PUNTA PITAHAYA", "feature_type": "cape", "group": "coastal", "feature_class": "Cape", "municipality": "Cabo Rojo"}}, {"type": "Feature", "geometry": {"type": "Point", "coordinates": [-66.201556, 17.936912]}, "properties": {"canonical_id": "place_cape_punta_pozuelo", "gnis_id": "1611856", "canonical_name": "Punta Pozuelo", "normalized_name": "PUNTA POZUELO", "feature_type": "cape", "group": "coastal", "feature_class": "Cape", "municipality": "Guayama"}}, {"type": "Feature", "geometry": {"type": "Point", "coordinates": [-65.595439, 18.228569]}, "properties": {"canonical_id": "place_cape_punta_puerca", "gnis_id": "1613198", "canonical_name": "Punta Puerca", "normalized_name": "PUNTA PUERCA", "feature_type": "cape", "group": "coastal", "feature_class": "Cape", "municipality": "Ceiba"}}, {"type": "Feature", "geometry": {"type": "Point", "coordinates": [-66.398503, 18.493833]}, "properties": {"canonical_id": "place_cape_punta_puerto_nuevo", "gnis_id": "1611857", "canonical_name": "Punta Puerto Nuevo", "normalized_name": "PUNTA PUERTO NUEVO", "feature_type": "cape", "group": "coastal", "feature_class": "Cape", "municipality": "Vega Baja"}}, {"type": "Feature", "geometry": {"type": "Point", "coordinates": [-66.869344, 18.490499]}, "properties": {"canonical_id": "place_cape_punta_puntilla", "gnis_id": "1611858", "canonical_name": "Punta Puntilla", "normalized_name": "PUNTA PUNTILLA", "feature_type": "cape", "group": "coastal", "feature_class": "Cape", "municipality": "Camuy"}}, {"type": "Feature", "geometry": {"type": "Point", "coordinates": [-65.830439, 18.0308]}, "properties": {"canonical_id": "place_cape_punta_quebrada_honda", "gnis_id": "1613199", "canonical_name": "Punta Quebrada Honda", "normalized_name": "PUNTA QUEBRADA HONDA", "feature_type": "cape", "group": "coastal", "feature_class": "Cape", "municipality": "Yabucoa"}}, {"type": "Feature", "geometry": {"type": "Point", "coordinates": [-65.291269, 18.335511]}, "properties": {"canonical_id": "place_cape_punta_resaca", "gnis_id": "1613200", "canonical_name": "Punta Resaca", "normalized_name": "PUNTA RESACA", "feature_type": "cape", "group": "coastal", "feature_class": "Cape", "municipality": "Culebra"}}, {"type": "Feature", "geometry": {"type": "Point", "coordinates": [-66.213223, 17.944412]}, "properties": {"canonical_id": "place_cape_punta_rodeo", "gnis_id": "1611859", "canonical_name": "Punta Rodeo", "normalized_name": "PUNTA RODEO", "feature_type": "cape", "group": "coastal", "feature_class": "Cape", "municipality": "Guayama"}}, {"type": "Feature", "geometry": {"type": "Point", "coordinates": [-66.296279, 17.959967]}, "properties": {"canonical_id": "place_cape_punta_salinas_1", "gnis_id": "1611860", "canonical_name": "Punta Salinas", "normalized_name": "PUNTA SALINAS", "feature_type": "cape", "group": "coastal", "feature_class": "Cape", "municipality": "Salinas"}}, {"type": "Feature", "geometry": {"type": "Point", "coordinates": [-66.184334, 18.473834]}, "properties": {"canonical_id": "place_cape_punta_salinas_2", "gnis_id": "1611861", "canonical_name": "Punta Salinas", "normalized_name": "PUNTA SALINAS", "feature_type": "cape", "group": "coastal", "feature_class": "Cape", "municipality": "Toa Baja"}}, {"type": "Feature", "geometry": {"type": "Point", "coordinates": [-65.289046, 18.148018]}, "properties": {"canonical_id": "place_cape_punta_salinas_3", "gnis_id": "1612939", "canonical_name": "Punta Salinas", "normalized_name": "PUNTA SALINAS", "feature_type": "cape", "group": "coastal", "feature_class": "Cape", "municipality": "Vieques"}}, {"type": "Feature", "geometry": {"type": "Point", "coordinates": [-65.821553, 18.419392]}, "properties": {"canonical_id": "place_cape_punta_san_agustin", "gnis_id": "1613201", "canonical_name": "Punta San Agustin", "normalized_name": "PUNTA SAN AGUSTIN", "feature_type": "cape", "group": "coastal", "feature_class": "Cape", "municipality": "Río Grande"}}, {"type": "Feature", "geometry": {"type": "Point", "coordinates": [-67.020457, 18.511331]}, "properties": {"canonical_id": "place_cape_punta_sardina", "gnis_id": "1611863", "canonical_name": "Punta Sardina", "normalized_name": "PUNTA SARDINA", "feature_type": "cape", "group": "coastal", "feature_class": "Cape", "municipality": "Isabela"}}, {"type": "Feature", "geometry": {"type": "Point", "coordinates": [-65.266268, 18.341067]}, "properties": {"canonical_id": "place_cape_punta_seria", "gnis_id": "1613202", "canonical_name": "Punta Seria", "normalized_name": "PUNTA SERIA", "feature_type": "cape", "group": "coastal", "feature_class": "Cape", "municipality": "Culebra"}}, {"type": "Feature", "geometry": {"type": "Point", "coordinates": [-66.958232, 17.939412]}, "properties": {"canonical_id": "place_cape_punta_sombrero", "gnis_id": "1611864", "canonical_name": "Punta Sombrero", "normalized_name": "PUNTA SOMBRERO", "feature_type": "cape", "group": "coastal", "feature_class": "Cape", "municipality": "Guánica"}}, {"type": "Feature", "geometry": {"type": "Point", "coordinates": [-65.322381, 18.318845]}, "properties": {"canonical_id": "place_cape_punta_tamarindo", "gnis_id": "1613203", "canonical_name": "Punta Tamarindo", "normalized_name": "PUNTA TAMARINDO", "feature_type": "cape", "group": "coastal", "feature_class": "Cape", "municipality": "Culebra"}}, {"type": "Feature", "geometry": {"type": "Point", "coordinates": [-65.314603, 18.309123]}, "properties": {"canonical_id": "place_cape_punta_tamarindo_chico", "gnis_id": "1613380", "canonical_name": "Punta Tamarindo Chico", "normalized_name": "PUNTA TAMARINDO CHICO", "feature_type": "cape", "group": "coastal", "feature_class": "Cape", "municipality": "Culebra"}}, {"type": "Feature", "geometry": {"type": "Point", "coordinates": [-65.330436, 18.323011]}, "properties": {"canonical_id": "place_cape_punta_tamarindo_grande", "gnis_id": "1613204", "canonical_name": "Punta Tamarindo Grande", "normalized_name": "PUNTA TAMARINDO GRANDE", "feature_type": "cape", "group": "coastal", "feature_class": "Cape", "municipality": "Culebra"}}, {"type": "Feature", "geometry": {"type": "Point", "coordinates": [-65.30238, 18.298568]}, "properties": {"canonical_id": "place_cape_punta_tampico", "gnis_id": "1613205", "canonical_name": "Punta Tampico", "normalized_name": "PUNTA TAMPICO", "feature_type": "cape", "group": "coastal", "feature_class": "Cape", "municipality": "Culebra"}}, {"type": "Feature", "geometry": {"type": "Point", "coordinates": [-67.109623, 17.946077]}, "properties": {"canonical_id": "place_cape_punta_tocon", "gnis_id": "1611865", "canonical_name": "Punta Tocon", "normalized_name": "PUNTA TOCON", "feature_type": "cape", "group": "coastal", "feature_class": "Cape", "municipality": "Lajas"}}, {"type": "Feature", "geometry": {"type": "Point", "coordinates": [-66.144611, 18.462445]}, "properties": {"canonical_id": "place_cape_punta_tocones", "gnis_id": "1611866", "canonical_name": "Punta Tocones", "normalized_name": "PUNTA TOCONES", "feature_type": "cape", "group": "coastal", "feature_class": "Cape", "municipality": "Toa Baja"}}, {"type": "Feature", "geometry": {"type": "Point", "coordinates": [-65.857939, 18.005245]}, "properties": {"canonical_id": "place_cape_punta_toro", "gnis_id": "1611867", "canonical_name": "Punta Toro", "normalized_name": "PUNTA TORO", "feature_type": "cape", "group": "coastal", "feature_class": "Cape", "municipality": "Maunabo"}}, {"type": "Feature", "geometry": {"type": "Point", "coordinates": [-65.245712, 18.334678]}, "properties": {"canonical_id": "place_cape_punta_trulla", "gnis_id": "1613364", "canonical_name": "Punta Trulla", "normalized_name": "PUNTA TRULLA", "feature_type": "cape", "group": "coastal", "feature_class": "Cape", "municipality": "Culebra"}}, {"type": "Feature", "geometry": {"type": "Point", "coordinates": [-65.884884, 17.988301]}, "properties": {"canonical_id": "place_cape_punta_tuna", "gnis_id": "1611868", "canonical_name": "Punta Tuna", "normalized_name": "PUNTA TUNA", "feature_type": "cape", "group": "coastal", "feature_class": "Cape", "municipality": "Maunabo"}}, {"type": "Feature", "geometry": {"type": "Point", "coordinates": [-65.837108, 18.432724]}, "properties": {"canonical_id": "place_cape_punta_uvero", "gnis_id": "1611869", "canonical_name": "Punta Uvero", "normalized_name": "PUNTA UVERO", "feature_type": "cape", "group": "coastal", "feature_class": "Cape", "municipality": "Loíza"}}, {"type": "Feature", "geometry": {"type": "Point", "coordinates": [-65.532937, 18.08052]}, "properties": {"canonical_id": "place_cape_punta_vaca_1", "gnis_id": "1612940", "canonical_name": "Punta Vaca", "normalized_name": "PUNTA VACA", "feature_type": "cape", "group": "coastal", "feature_class": "Cape", "municipality": "Vieques"}}, {"type": "Feature", "geometry": {"type": "Point", "coordinates": [-65.26349, 18.290235]}, "properties": {"canonical_id": "place_cape_punta_vaca_2", "gnis_id": "1613206", "canonical_name": "Punta Vaca", "normalized_name": "PUNTA VACA", "feature_type": "cape", "group": "coastal", "feature_class": "Cape", "municipality": "Culebra"}}, {"type": "Feature", "geometry": {"type": "Point", "coordinates": [-65.905998, 18.45189]}, "properties": {"canonical_id": "place_cape_punta_vacia_talega", "gnis_id": "1611870", "canonical_name": "Punta Vacia Talega", "normalized_name": "PUNTA VACIA TALEGA", "feature_type": "cape", "group": "coastal", "feature_class": "Cape", "municipality": "Loíza"}}, {"type": "Feature", "geometry": {"type": "Point", "coordinates": [-66.838508, 17.949968]}, "properties": {"canonical_id": "place_cape_punta_vaquero", "gnis_id": "1611871", "canonical_name": "Punta Vaquero", "normalized_name": "PUNTA VAQUERO", "feature_type": "cape", "group": "coastal", "feature_class": "Cape", "municipality": "Guayanilla"}}, {"type": "Feature", "geometry": {"type": "Point", "coordinates": [-66.810453, 17.963023]}, "properties": {"canonical_id": "place_cape_punta_ventana", "gnis_id": "1611872", "canonical_name": "Punta Ventana", "normalized_name": "PUNTA VENTANA", "feature_type": "cape", "group": "coastal", "feature_class": "Cape", "municipality": "Guayanilla"}}, {"type": "Feature", "geometry": {"type": "Point", "coordinates": [-66.791564, 17.975245]}, "properties": {"canonical_id": "place_cape_punta_verraco", "gnis_id": "1611873", "canonical_name": "Punta Verraco", "normalized_name": "PUNTA VERRACO", "feature_type": "cape", "group": "coastal", "feature_class": "Cape", "municipality": "Guayanilla"}}, {"type": "Feature", "geometry": {"type": "Point", "coordinates": [-65.976552, 17.968023]}, "properties": {"canonical_id": "place_cape_punta_viento", "gnis_id": "1611874", "canonical_name": "Punta Viento", "normalized_name": "PUNTA VIENTO", "feature_type": "cape", "group": "coastal", "feature_class": "Cape", "municipality": "Patillas"}}, {"type": "Feature", "geometry": {"type": "Point", "coordinates": [-65.835161, 18.013023]}, "properties": {"canonical_id": "place_cape_punta_yeguas", "gnis_id": "1611875", "canonical_name": "Punta Yeguas", "normalized_name": "PUNTA YEGUAS", "feature_type": "cape", "group": "coastal", "feature_class": "Cape", "municipality": "Yabucoa"}}, {"type": "Feature", "geometry": {"type": "Point", "coordinates": [-65.300991, 18.294401]}, "properties": {"canonical_id": "place_cape_punta_de_maguey", "gnis_id": "1613175", "canonical_name": "Punta de Maguey", "normalized_name": "PUNTA DE MAGUEY", "feature_type": "cape", "group": "coastal", "feature_class": "Cape", "municipality": "Culebra"}}, {"type": "Feature", "geometry": {"type": "Point", "coordinates": [-65.338492, 18.349399]}, "properties": {"canonical_id": "place_cape_punta_de_molinos", "gnis_id": "1613176", "canonical_name": "Punta de Molinos", "normalized_name": "PUNTA DE MOLINOS", "feature_type": "cape", "group": "coastal", "feature_class": "Cape", "municipality": "Culebra"}}, {"type": "Feature", "geometry": {"type": "Point", "coordinates": [-65.466825, 18.089132]}, "properties": {"canonical_id": "place_cape_punta_de_tierra", "gnis_id": "1613351", "canonical_name": "Punta de Tierra", "normalized_name": "PUNTA DE TIERRA", "feature_type": "cape", "group": "coastal", "feature_class": "Cape", "municipality": "Vieques"}}, {"type": "Feature", "geometry": {"type": "Point", "coordinates": [-67.189347, 18.398835]}, "properties": {"canonical_id": "place_cape_punta_del_boqueron", "gnis_id": "1611751", "canonical_name": "Punta del Boqueron", "normalized_name": "PUNTA DEL BOQUERON", "feature_type": "cape", "group": "coastal", "feature_class": "Cape", "municipality": "Aguada"}}, {"type": "Feature", "geometry": {"type": "Point", "coordinates": [-65.221267, 18.311901]}, "properties": {"canonical_id": "place_cape_punta_del_este", "gnis_id": "1611752", "canonical_name": "Punta del Este", "normalized_name": "PUNTA DEL ESTE", "feature_type": "cape", "group": "coastal", "feature_class": "Cape", "municipality": "Culebra"}}, {"type": "Feature", "geometry": {"type": "Point", "coordinates": [-66.124333, 18.471334]}, "properties": {"canonical_id": "place_cape_punta_del_morro", "gnis_id": "1611753", "canonical_name": "Punta del Morro", "normalized_name": "PUNTA DEL MORRO", "feature_type": "cape", "group": "coastal", "feature_class": "Cape", "municipality": "San Juan"}}, {"type": "Feature", "geometry": {"type": "Point", "coordinates": [-66.98101, 17.953578]}, "properties": {"canonical_id": "place_cape_punta_del_obispo", "gnis_id": "1611754", "canonical_name": "Punta del Obispo", "normalized_name": "PUNTA DEL OBISPO", "feature_type": "cape", "group": "coastal", "feature_class": "Cape", "municipality": "Lajas"}}, {"type": "Feature", "geometry": {"type": "Point", "coordinates": [-65.286269, 18.27718]}, "properties": {"canonical_id": "place_cape_punta_del_soldado", "gnis_id": "1613177", "canonical_name": "Punta del Soldado", "normalized_name": "PUNTA DEL SOLDADO", "feature_type": "cape", "group": "coastal", "feature_class": "Cape", "municipality": "Culebra"}}, {"type": "Feature", "geometry": {"type": "Point", "coordinates": [-65.271824, 18.293568]}, "properties": {"canonical_id": "place_cape_punta_del_viento", "gnis_id": "1611755", "canonical_name": "Punta del Viento", "normalized_name": "PUNTA DEL VIENTO", "feature_type": "cape", "group": "coastal", "feature_class": "Cape", "municipality": "Culebra"}}, {"type": "Feature", "geometry": {"type": "Point", "coordinates": [-67.936111, 18.109722]}, "properties": {"canonical_id": "place_cape_punta_el_capitan", "gnis_id": "2575404", "canonical_name": "Punta el Capitán", "normalized_name": "PUNTA EL CAPITAN", "feature_type": "cape", "group": "coastal", "feature_class": "Cape", "municipality": "Mayagüez"}}, {"type": "Feature", "geometry": {"type": "Point", "coordinates": [-65.335714, 18.309678]}, "properties": {"canonical_id": "place_cape_rociada", "gnis_id": "1613377", "canonical_name": "Rociada", "normalized_name": "ROCIADA", "feature_type": "cape", "group": "coastal", "feature_class": "Cape", "municipality": "Culebra"}}, {"type": "Feature", "geometry": {"type": "Point", "coordinates": [-65.369048, 18.361065]}, "properties": {"canonical_id": "place_island_alcarraza", "gnis_id": "1609495", "canonical_name": "Alcarraza", "normalized_name": "ALCARRAZA", "feature_type": "island", "group": "coastal", "feature_class": "Island", "municipality": "Culebra"}}, {"type": "Feature", "geometry": {"type": "Point", "coordinates": [-65.740995, 18.15135]}, "properties": {"canonical_id": "place_island_bajo_evelyn", "gnis_id": "1612972", "canonical_name": "Bajo Evelyn", "normalized_name": "BAJO EVELYN", "feature_type": "island", "group": "coastal", "feature_class": "Island", "municipality": "Naguabo"}}, {"type": "Feature", "geometry": {"type": "Point", "coordinates": [-65.577938, 18.248013]}, "properties": {"canonical_id": "place_island_cabeza_de_perro_1", "gnis_id": "1609661", "canonical_name": "Cabeza de Perro", "normalized_name": "CABEZA DE PERRO", "feature_type": "island", "group": "coastal", "feature_class": "Island", "municipality": "Ceiba"}}, {"type": "Feature", "geometry": {"type": "Point", "coordinates": [-65.577383, 18.248291]}, "properties": {"canonical_id": "place_island_cabeza_de_perro_2", "gnis_id": "1613398", "canonical_name": "Cabeza de Perro", "normalized_name": "CABEZA DE PERRO", "feature_type": "island", "group": "coastal", "feature_class": "Island", "municipality": "Ceiba"}}, {"type": "Feature", "geometry": {"type": "Point", "coordinates": [-65.578216, 18.248569]}, "properties": {"canonical_id": "place_island_cabezo_de_perro", "gnis_id": "1990733", "canonical_name": "Cabezo de Perro", "normalized_name": "CABEZO DE PERRO", "feature_type": "island", "group": "coastal", "feature_class": "Island", "municipality": "Ceiba"}}, {"type": "Feature", "geometry": {"type": "Point", "coordinates": [-65.619328, 18.322454]}, "properties": {"canonical_id": "place_island_cayo_ahogado", "gnis_id": "1609807", "canonical_name": "Cayo Ahogado", "normalized_name": "CAYO AHOGADO", "feature_type": "island", "group": "coastal", "feature_class": "Island", "municipality": "Fajardo"}}, {"type": "Feature", "geometry": {"type": "Point", "coordinates": [-66.351836, 17.926913]}, "properties": {"canonical_id": "place_island_cayo_alfenique", "gnis_id": "1613030", "canonical_name": "Cayo Alfeñique", "normalized_name": "CAYO ALFENIQUE", "feature_type": "island", "group": "coastal", "feature_class": "Island", "municipality": "Santa Isabel"}}, {"type": "Feature", "geometry": {"type": "Point", "coordinates": [-65.683495, 18.192737]}, "properties": {"canonical_id": "place_island_cayo_algodones", "gnis_id": "1609808", "canonical_name": "Cayo Algodones", "normalized_name": "CAYO ALGODONES", "feature_type": "island", "group": "coastal", "feature_class": "Island", "municipality": "Naguabo"}}, {"type": "Feature", "geometry": {"type": "Point", "coordinates": [-66.674063, 17.95969]}, "properties": {"canonical_id": "place_island_cayo_arenas", "gnis_id": "1609809", "canonical_name": "Cayo Arenas", "normalized_name": "CAYO ARENAS", "feature_type": "island", "group": "coastal", "feature_class": "Island", "municipality": "Ponce"}}, {"type": "Feature", "geometry": {"type": "Point", "coordinates": [-65.236823, 18.347455]}, "properties": {"canonical_id": "place_island_cayo_ballena", "gnis_id": "1613031", "canonical_name": "Cayo Ballena", "normalized_name": "CAYO BALLENA", "feature_type": "island", "group": "coastal", "feature_class": "Island", "municipality": "Culebra"}}, {"type": "Feature", "geometry": {"type": "Point", "coordinates": [-65.771272, 18.115518]}, "properties": {"canonical_id": "place_island_cayo_batata", "gnis_id": "1609810", "canonical_name": "Cayo Batata", "normalized_name": "CAYO BATATA", "feature_type": "island", "group": "coastal", "feature_class": "Island", "municipality": "Humacao"}}, {"type": "Feature", "geometry": {"type": "Point", "coordinates": [-67.061011, 17.971354]}, "properties": {"canonical_id": "place_island_cayo_bayo", "gnis_id": "1609811", "canonical_name": "Cayo Bayo", "normalized_name": "CAYO BAYO", "feature_type": "island", "group": "coastal", "feature_class": "Island", "municipality": "Lajas"}}, {"type": "Feature", "geometry": {"type": "Point", "coordinates": [-66.456837, 17.928579]}, "properties": {"canonical_id": "place_island_cayo_berberia", "gnis_id": "1609812", "canonical_name": "Cayo Berbería", "normalized_name": "CAYO BERBERIA", "feature_type": "island", "group": "coastal", "feature_class": "Island", "municipality": "Juana Díaz"}}, {"type": "Feature", "geometry": {"type": "Point", "coordinates": [-65.240712, 18.324956]}, "properties": {"canonical_id": "place_island_cayo_botella", "gnis_id": "1613032", "canonical_name": "Cayo Botella", "normalized_name": "CAYO BOTELLA", "feature_type": "island", "group": "coastal", "feature_class": "Island", "municipality": "Culebra"}}, {"type": "Feature", "geometry": {"type": "Point", "coordinates": [-65.376651, 18.371253]}, "properties": {"canonical_id": "place_island_cayo_botijuela", "gnis_id": "2575431", "canonical_name": "Cayo Botijuela", "normalized_name": "CAYO BOTIJUELA", "feature_type": "island", "group": "coastal", "feature_class": "Island", "municipality": "Culebra"}}, {"type": "Feature", "geometry": {"type": "Point", "coordinates": [-65.60155, 18.220792]}, "properties": {"canonical_id": "place_island_cayo_cabritas", "gnis_id": "1609813", "canonical_name": "Cayo Cabritas", "normalized_name": "CAYO CABRITAS", "feature_type": "island", "group": "coastal", "feature_class": "Island", "municipality": "Ceiba"}}, {"type": "Feature", "geometry": {"type": "Point", "coordinates": [-67.038233, 17.959966]}, "properties": {"canonical_id": "place_island_cayo_caracoles", "gnis_id": "1609814", "canonical_name": "Cayo Caracoles", "normalized_name": "CAYO CARACOLES", "feature_type": "island", "group": "coastal", "feature_class": "Island", "municipality": "Lajas"}}, {"type": "Feature", "geometry": {"type": "Point", "coordinates": [-66.732675, 17.969967]}, "properties": {"canonical_id": "place_island_cayo_caribe", "gnis_id": "1609815", "canonical_name": "Cayo Caribe", "normalized_name": "CAYO CARIBE", "feature_type": "island", "group": "coastal", "feature_class": "Island", "municipality": "Peñuelas"}}, {"type": "Feature", "geometry": {"type": "Point", "coordinates": [-65.415992, 18.105798]}, "properties": {"canonical_id": "place_island_cayo_chiva", "gnis_id": "1612887", "canonical_name": "Cayo Chiva", "normalized_name": "CAYO CHIVA", "feature_type": "island", "group": "coastal", "feature_class": "Island", "municipality": "Vieques"}}, {"type": "Feature", "geometry": {"type": "Point", "coordinates": [-67.035455, 17.962466]}, "properties": {"canonical_id": "place_island_cayo_collado", "gnis_id": "1609816", "canonical_name": "Cayo Collado", "normalized_name": "CAYO COLLADO", "feature_type": "island", "group": "coastal", "feature_class": "Island", "municipality": "Lajas"}}, {"type": "Feature", "geometry": {"type": "Point", "coordinates": [-65.307964, 18.12228]}, "properties": {"canonical_id": "place_island_cayo_conejo", "gnis_id": "2575421", "canonical_name": "Cayo Conejo", "normalized_name": "CAYO CONEJO", "feature_type": "island", "group": "coastal", "feature_class": "Island", "municipality": "Vieques"}}, {"type": "Feature", "geometry": {"type": "Point", "coordinates": [-67.019344, 17.9358]}, "properties": {"canonical_id": "place_island_cayo_corral", "gnis_id": "1613034", "canonical_name": "Cayo Corral", "normalized_name": "CAYO CORRAL", "feature_type": "island", "group": "coastal", "feature_class": "Island", "municipality": "Lajas"}}, {"type": "Feature", "geometry": {"type": "Point", "coordinates": [-66.565556, 17.965833]}, "properties": {"canonical_id": "place_island_cayo_desgraciado", "gnis_id": "2575420", "canonical_name": "Cayo Desgraciado", "normalized_name": "CAYO DESGRACIADO", "feature_type": "island", "group": "coastal", "feature_class": "Island", "municipality": "Ponce"}}, {"type": "Feature", "geometry": {"type": "Point", "coordinates": [-65.531272, 18.362453]}, "properties": {"canonical_id": "place_island_cayo_diablo", "gnis_id": "1609817", "canonical_name": "Cayo Diablo", "normalized_name": "CAYO DIABLO", "feature_type": "island", "group": "coastal", "feature_class": "Island", "municipality": "Fajardo"}}, {"type": "Feature", "geometry": {"type": "Point", "coordinates": [-66.971565, 17.943856]}, "properties": {"canonical_id": "place_island_cayo_don_luis", "gnis_id": "1609818", "canonical_name": "Cayo Don Luis", "normalized_name": "CAYO DON LUIS", "feature_type": "island", "group": "coastal", "feature_class": "Island", "municipality": "Guánica"}}, {"type": "Feature", "geometry": {"type": "Point", "coordinates": [-67.046566, 17.9533]}, "properties": {"canonical_id": "place_island_cayo_enrique", "gnis_id": "1609819", "canonical_name": "Cayo Enrique", "normalized_name": "CAYO ENRIQUE", "feature_type": "island", "group": "coastal", "feature_class": "Island", "municipality": "Lajas"}}, {"type": "Feature", "geometry": {"type": "Point", "coordinates": [-67.214902, 18.086904]}, "properties": {"canonical_id": "place_island_cayo_fanduca", "gnis_id": "1613035", "canonical_name": "Cayo Fanduca", "normalized_name": "CAYO FANDUCA", "feature_type": "island", "group": "coastal", "feature_class": "Island", "municipality": "Cabo Rojo"}}, {"type": "Feature", "geometry": {"type": "Point", "coordinates": [-65.588773, 18.38634]}, "properties": {"canonical_id": "place_island_cayo_icacos", "gnis_id": "1613037", "canonical_name": "Cayo Icacos", "normalized_name": "CAYO ICACOS", "feature_type": "island", "group": "coastal", "feature_class": "Island", "municipality": "Fajardo"}}, {"type": "Feature", "geometry": {"type": "Point", "coordinates": [-65.358769, 18.118575]}, "properties": {"canonical_id": "place_island_cayo_jalova", "gnis_id": "1609820", "canonical_name": "Cayo Jalova", "normalized_name": "CAYO JALOVA", "feature_type": "island", "group": "coastal", "feature_class": "Island", "municipality": "Vieques"}}, {"type": "Feature", "geometry": {"type": "Point", "coordinates": [-65.354602, 18.115798]}, "properties": {"canonical_id": "place_island_cayo_jalovita", "gnis_id": "1609821", "canonical_name": "Cayo Jalovita", "normalized_name": "CAYO JALOVITA", "feature_type": "island", "group": "coastal", "feature_class": "Island", "municipality": "Vieques"}}, {"type": "Feature", "geometry": {"type": "Point", "coordinates": [-65.578494, 18.315232]}, "properties": {"canonical_id": "place_island_cayo_largo", "gnis_id": "1609822", "canonical_name": "Cayo Largo", "normalized_name": "CAYO LARGO", "feature_type": "island", "group": "coastal", "feature_class": "Island", "municipality": "Fajardo"}}, {"type": "Feature", "geometry": {"type": "Point", "coordinates": [-65.39266, 18.334122]}, "properties": {"canonical_id": "place_island_cayo_lobito", "gnis_id": "1613038", "canonical_name": "Cayo Lobito", "normalized_name": "CAYO LOBITO", "feature_type": "island", "group": "coastal", "feature_class": "Island", "municipality": "Culebra"}}, {"type": "Feature", "geometry": {"type": "Point", "coordinates": [-65.377382, 18.3244]}, "properties": {"canonical_id": "place_island_cayo_lobo", "gnis_id": "1613039", "canonical_name": "Cayo Lobo", "normalized_name": "CAYO LOBO", "feature_type": "island", "group": "coastal", "feature_class": "Island", "municipality": "Culebra"}}, {"type": "Feature", "geometry": {"type": "Point", "coordinates": [-65.569884, 18.377452]}, "properties": {"canonical_id": "place_island_cayo_lobos", "gnis_id": "1609823", "canonical_name": "Cayo Lobos", "normalized_name": "CAYO LOBOS", "feature_type": "island", "group": "coastal", "feature_class": "Island", "municipality": "Fajardo"}}, {"type": "Feature", "geometry": {"type": "Point", "coordinates": [-66.750175, 17.965523]}, "properties": {"canonical_id": "place_island_cayo_maria_langa", "gnis_id": "1613040", "canonical_name": "Cayo María Langa", "normalized_name": "CAYO MARIA LANGA", "feature_type": "island", "group": "coastal", "feature_class": "Island", "municipality": "Guayanilla"}}, {"type": "Feature", "geometry": {"type": "Point", "coordinates": [-66.294335, 17.953023]}, "properties": {"canonical_id": "place_island_cayo_mata_1", "gnis_id": "1609824", "canonical_name": "Cayo Mata", "normalized_name": "CAYO MATA", "feature_type": "island", "group": "coastal", "feature_class": "Island", "municipality": "Salinas"}}, {"type": "Feature", "geometry": {"type": "Point", "coordinates": [-66.763508, 17.989133]}, "properties": {"canonical_id": "place_island_cayo_mata_2", "gnis_id": "1609825", "canonical_name": "Cayo Mata", "normalized_name": "CAYO MATA", "feature_type": "island", "group": "coastal", "feature_class": "Island", "municipality": "Guayanilla"}}, {"type": "Feature", "geometry": {"type": "Point", "coordinates": [-67.009344, 17.961077]}, "properties": {"canonical_id": "place_island_cayo_mata_seca", "gnis_id": "1613041", "canonical_name": "Cayo Mata Seca", "normalized_name": "CAYO MATA SECA", "feature_type": "island", "group": "coastal", "feature_class": "Island", "municipality": "Lajas"}}, {"type": "Feature", "geometry": {"type": "Point", "coordinates": [-65.28988, 18.336344]}, "properties": {"canonical_id": "place_island_cayo_matojo", "gnis_id": "1613042", "canonical_name": "Cayo Matojo", "normalized_name": "CAYO MATOJO", "feature_type": "island", "group": "coastal", "feature_class": "Island", "municipality": "Culebra"}}, {"type": "Feature", "geometry": {"type": "Point", "coordinates": [-66.272946, 17.926913]}, "properties": {"canonical_id": "place_island_cayo_morrillo", "gnis_id": "1609826", "canonical_name": "Cayo Morrillo", "normalized_name": "CAYO MORRILLO", "feature_type": "island", "group": "coastal", "feature_class": "Island", "municipality": "Salinas"}}, {"type": "Feature", "geometry": {"type": "Point", "coordinates": [-65.256546, 18.3369]}, "properties": {"canonical_id": "place_island_cayo_norte", "gnis_id": "1613043", "canonical_name": "Cayo Norte", "normalized_name": "CAYO NORTE", "feature_type": "island", "group": "coastal", "feature_class": "Island", "municipality": "Culebra"}}, {"type": "Feature", "geometry": {"type": "Point", "coordinates": [-66.748786, 17.974689]}, "properties": {"canonical_id": "place_island_cayo_palomas", "gnis_id": "1609827", "canonical_name": "Cayo Palomas", "normalized_name": "CAYO PALOMAS", "feature_type": "island", "group": "coastal", "feature_class": "Island", "municipality": "Peñuelas"}}, {"type": "Feature", "geometry": {"type": "Point", "coordinates": [-66.717397, 17.978578]}, "properties": {"canonical_id": "place_island_cayo_parguera", "gnis_id": "1609828", "canonical_name": "Cayo Parguera", "normalized_name": "CAYO PARGUERA", "feature_type": "island", "group": "coastal", "feature_class": "Island", "municipality": "Peñuelas"}}, {"type": "Feature", "geometry": {"type": "Point", "coordinates": [-65.295436, 18.306345]}, "properties": {"canonical_id": "place_island_cayo_pirata", "gnis_id": "1613044", "canonical_name": "Cayo Pirata", "normalized_name": "CAYO PIRATA", "feature_type": "island", "group": "coastal", "feature_class": "Island", "municipality": "Culebra"}}, {"type": "Feature", "geometry": {"type": "Point", "coordinates": [-65.594605, 18.244957]}, "properties": {"canonical_id": "place_island_cayo_pinerito", "gnis_id": "1609829", "canonical_name": "Cayo Piñerito", "normalized_name": "CAYO PINERITO", "feature_type": "island", "group": "coastal", "feature_class": "Island", "municipality": "Ceiba"}}, {"type": "Feature", "geometry": {"type": "Point", "coordinates": [-66.236834, 17.929413]}, "properties": {"canonical_id": "place_island_cayo_puerca", "gnis_id": "1613045", "canonical_name": "Cayo Puerca", "normalized_name": "CAYO PUERCA", "feature_type": "island", "group": "coastal", "feature_class": "Island", "municipality": "Salinas"}}, {"type": "Feature", "geometry": {"type": "Point", "coordinates": [-67.188236, 18.116903]}, "properties": {"canonical_id": "place_island_cayo_ratones_1", "gnis_id": "1609830", "canonical_name": "Cayo Ratones", "normalized_name": "CAYO RATONES", "feature_type": "island", "group": "coastal", "feature_class": "Island", "municipality": "Cabo Rojo"}}, {"type": "Feature", "geometry": {"type": "Point", "coordinates": [-65.580162, 18.382451]}, "properties": {"canonical_id": "place_island_cayo_ratones_2", "gnis_id": "1609831", "canonical_name": "Cayo Ratones", "normalized_name": "CAYO RATONES", "feature_type": "island", "group": "coastal", "feature_class": "Island", "municipality": "Fajardo"}}, {"type": "Feature", "geometry": {"type": "Point", "coordinates": [-65.353215, 18.314123]}, "properties": {"canonical_id": "place_island_cayo_raton", "gnis_id": "1613046", "canonical_name": "Cayo Ratón", "normalized_name": "CAYO RATON", "feature_type": "island", "group": "coastal", "feature_class": "Island", "municipality": "Culebra"}}, {"type": "Feature", "geometry": {"type": "Point", "coordinates": [-65.472659, 18.088576]}, "properties": {"canonical_id": "place_island_cayo_real", "gnis_id": "1613027", "canonical_name": "Cayo Real", "normalized_name": "CAYO REAL", "feature_type": "island", "group": "coastal", "feature_class": "Island", "municipality": "Vieques"}}, {"type": "Feature", "geometry": {"type": "Point", "coordinates": [-66.737952, 17.982467]}, "properties": {"canonical_id": "place_island_cayo_rio", "gnis_id": "1613048", "canonical_name": "Cayo Río", "normalized_name": "CAYO RIO", "feature_type": "island", "group": "coastal", "feature_class": "Island", "municipality": "Peñuelas"}}, {"type": "Feature", "geometry": {"type": "Point", "coordinates": [-65.73405, 18.15635]}, "properties": {"canonical_id": "place_island_cayo_santiago", "gnis_id": "1609832", "canonical_name": "Cayo Santiago", "normalized_name": "CAYO SANTIAGO", "feature_type": "island", "group": "coastal", "feature_class": "Island", "municipality": "Humacao"}}, {"type": "Feature", "geometry": {"type": "Point", "coordinates": [-65.245434, 18.337733]}, "properties": {"canonical_id": "place_island_cayo_sombrerito", "gnis_id": "1613049", "canonical_name": "Cayo Sombrerito", "normalized_name": "CAYO SOMBRERITO", "feature_type": "island", "group": "coastal", "feature_class": "Island", "municipality": "Culebra"}}, {"type": "Feature", "geometry": {"type": "Point", "coordinates": [-66.972398, 17.929968]}, "properties": {"canonical_id": "place_island_cayo_terremoto", "gnis_id": "1612960", "canonical_name": "Cayo Terremoto", "normalized_name": "CAYO TERREMOTO", "feature_type": "island", "group": "coastal", "feature_class": "Island", "municipality": "Guánica"}}, {"type": "Feature", "geometry": {"type": "Point", "coordinates": [-65.237934, 18.344955]}, "properties": {"canonical_id": "place_island_cayo_tiburon", "gnis_id": "1613050", "canonical_name": "Cayo Tiburón", "normalized_name": "CAYO TIBURON", "feature_type": "island", "group": "coastal", "feature_class": "Island", "municipality": "Culebra"}}, {"type": "Feature", "geometry": {"type": "Point", "coordinates": [-65.392765, 18.33582]}, "properties": {"canonical_id": "place_island_cayo_tuna", "gnis_id": "2575419", "canonical_name": "Cayo Tuna", "normalized_name": "CAYO TUNA", "feature_type": "island", "group": "coastal", "feature_class": "Island", "municipality": "Culebra"}}, {"type": "Feature", "geometry": {"type": "Point", "coordinates": [-65.290435, 18.306901]}, "properties": {"canonical_id": "place_island_cayo_verde", "gnis_id": "1613051", "canonical_name": "Cayo Verde", "normalized_name": "CAYO VERDE", "feature_type": "island", "group": "coastal", "feature_class": "Island", "municipality": "Culebra"}}, {"type": "Feature", "geometry": {"type": "Point", "coordinates": [-67.070733, 17.964132]}, "properties": {"canonical_id": "place_island_cayo_vieques", "gnis_id": "1609833", "canonical_name": "Cayo Vieques", "normalized_name": "CAYO VIEQUES", "feature_type": "island", "group": "coastal", "feature_class": "Island", "municipality": "Lajas"}}, {"type": "Feature", "geometry": {"type": "Point", "coordinates": [-65.35377, 18.318845]}, "properties": {"canonical_id": "place_island_cayo_yerba", "gnis_id": "1613052", "canonical_name": "Cayo Yerba", "normalized_name": "CAYO YERBA", "feature_type": "island", "group": "coastal", "feature_class": "Island", "municipality": "Culebra"}}, {"type": "Feature", "geometry": {"type": "Point", "coordinates": [-65.332936, 18.306345]}, "properties": {"canonical_id": "place_island_cayo_de_luis_pena", "gnis_id": "1613028", "canonical_name": "Cayo de Luis Peña", "normalized_name": "CAYO DE LUIS PENA", "feature_type": "island", "group": "coastal", "feature_class": "Island", "municipality": "Culebra"}}, {"type": "Feature", "geometry": {"type": "Point", "coordinates": [-65.467103, 18.088854]}, "properties": {"canonical_id": "place_island_cayo_de_tierra", "gnis_id": "1612886", "canonical_name": "Cayo de Tierra", "normalized_name": "CAYO DE TIERRA", "feature_type": "island", "group": "coastal", "feature_class": "Island", "municipality": "Vieques"}}, {"type": "Feature", "geometry": {"type": "Point", "coordinates": [-65.347659, 18.311901]}, "properties": {"canonical_id": "place_island_cayo_del_agua_1", "gnis_id": "1613029", "canonical_name": "Cayo del Agua", "normalized_name": "CAYO DEL AGUA", "feature_type": "island", "group": "coastal", "feature_class": "Island", "municipality": "Culebra"}}, {"type": "Feature", "geometry": {"type": "Point", "coordinates": [-65.347381, 18.311067]}, "properties": {"canonical_id": "place_island_cayo_del_agua_2", "gnis_id": "1992542", "canonical_name": "Cayo del Agua", "normalized_name": "CAYO DEL AGUA", "feature_type": "island", "group": "coastal", "feature_class": "Island", "municipality": "Culebra"}}, {"type": "Feature", "geometry": {"type": "Point", "coordinates": [-66.382947, 17.921635]}, "properties": {"canonical_id": "place_island_cayos_cabezazos", "gnis_id": "1613054", "canonical_name": "Cayos Cabezazos", "normalized_name": "CAYOS CABEZAZOS", "feature_type": "island", "group": "coastal", "feature_class": "Island", "municipality": "Santa Isabel"}}, {"type": "Feature", "geometry": {"type": "Point", "coordinates": [-66.212111, 17.92719]}, "properties": {"canonical_id": "place_island_cayos_caribes", "gnis_id": "1613055", "canonical_name": "Cayos Caribes", "normalized_name": "CAYOS CARIBES", "feature_type": "island", "group": "coastal", "feature_class": "Island", "municipality": "Guayama"}}, {"type": "Feature", "geometry": {"type": "Point", "coordinates": [-65.231545, 18.338289]}, "properties": {"canonical_id": "place_island_cayos_geniqui", "gnis_id": "1613057", "canonical_name": "Cayos Geniquí", "normalized_name": "CAYOS GENIQUI", "feature_type": "island", "group": "coastal", "feature_class": "Island", "municipality": "Culebra"}}, {"type": "Feature", "geometry": {"type": "Point", "coordinates": [-66.239612, 17.916358]}, "properties": {"canonical_id": "place_island_cayos_de_barca", "gnis_id": "1609834", "canonical_name": "Cayos de Barca", "normalized_name": "CAYOS DE BARCA", "feature_type": "island", "group": "coastal", "feature_class": "Island", "municipality": "Salinas"}}, {"type": "Feature", "geometry": {"type": "Point", "coordinates": [-66.36628, 17.928302]}, "properties": {"canonical_id": "place_island_cayos_de_caracoles", "gnis_id": "1613053", "canonical_name": "Cayos de Caracoles", "normalized_name": "CAYOS DE CARACOLES", "feature_type": "island", "group": "coastal", "feature_class": "Island", "municipality": "Santa Isabel"}}, {"type": "Feature", "geometry": {"type": "Point", "coordinates": [-66.871286, 17.94219]}, "properties": {"canonical_id": "place_island_cayos_de_cana_gorda", "gnis_id": "1609835", "canonical_name": "Cayos de Caña Gorda", "normalized_name": "CAYOS DE CANA GORDA", "feature_type": "island", "group": "coastal", "feature_class": "Island", "municipality": "Guánica"}}, {"type": "Feature", "geometry": {"type": "Point", "coordinates": [-66.261001, 17.923302]}, "properties": {"canonical_id": "place_island_cayos_de_pajaros", "gnis_id": "1609836", "canonical_name": "Cayos de Pájaros", "normalized_name": "CAYOS DE PAJAROS", "feature_type": "island", "group": "coastal", "feature_class": "Island", "municipality": "Salinas"}}, {"type": "Feature", "geometry": {"type": "Point", "coordinates": [-66.292668, 17.934968]}, "properties": {"canonical_id": "place_island_cayos_de_ratones", "gnis_id": "1609837", "canonical_name": "Cayos de Ratones", "normalized_name": "CAYOS DE RATONES", "feature_type": "island", "group": "coastal", "feature_class": "Island", "municipality": "Salinas"}}, {"type": "Feature", "geometry": {"type": "Point", "coordinates": [-65.342937, 18.351622]}, "properties": {"canonical_id": "place_island_el_ancon", "gnis_id": "1613383", "canonical_name": "El Ancón", "normalized_name": "EL ANCON", "feature_type": "island", "group": "coastal", "feature_class": "Island", "municipality": "Culebra"}}, {"type": "Feature", "geometry": {"type": "Point", "coordinates": [-65.368215, 18.317733]}, "properties": {"canonical_id": "place_island_el_mono", "gnis_id": "1610244", "canonical_name": "El Mono", "normalized_name": "EL MONO", "feature_type": "island", "group": "coastal", "feature_class": "Island", "municipality": "Culebra"}}, {"type": "Feature", "geometry": {"type": "Point", "coordinates": [-66.616667, 17.966667]}, "properties": {"canonical_id": "place_island_gata_islets", "gnis_id": "2575433", "canonical_name": "Gata Islets", "normalized_name": "GATA ISLETS", "feature_type": "island", "group": "coastal", "feature_class": "Island", "municipality": "Ponce"}}, {"type": "Feature", "geometry": {"type": "Point", "coordinates": [-66.871009, 17.942468]}, "properties": {"canonical_id": "place_island_gilligans_island", "gnis_id": "1992706", "canonical_name": "Gilligans Island", "normalized_name": "GILLIGANS ISLAND", "feature_type": "island", "group": "coastal", "feature_class": "Island", "municipality": "Guánica"}}, {"type": "Feature", "geometry": {"type": "Point", "coordinates": [-66.866842, 17.94469]}, "properties": {"canonical_id": "place_island_isla_ballena", "gnis_id": "1991536", "canonical_name": "Isla Ballena", "normalized_name": "ISLA BALLENA", "feature_type": "island", "group": "coastal", "feature_class": "Island", "municipality": "Guánica"}}, {"type": "Feature", "geometry": {"type": "Point", "coordinates": [-65.602383, 18.212181]}, "properties": {"canonical_id": "place_island_isla_cabras", "gnis_id": "1611178", "canonical_name": "Isla Cabras", "normalized_name": "ISLA CABRAS", "feature_type": "island", "group": "coastal", "feature_class": "Island", "municipality": "Ceiba"}}, {"type": "Feature", "geometry": {"type": "Point", "coordinates": [-66.519893, 17.894692]}, "properties": {"canonical_id": "place_island_isla_caja_de_muertos", "gnis_id": "1611179", "canonical_name": "Isla Caja de Muertos", "normalized_name": "ISLA CAJA DE MUERTOS", "feature_type": "island", "group": "coastal", "feature_class": "Island", "municipality": "Ponce"}}, {"type": "Feature", "geometry": {"type": "Point", "coordinates": [-65.384047, 18.107187]}, "properties": {"canonical_id": "place_island_isla_chiva", "gnis_id": "1612909", "canonical_name": "Isla Chiva", "normalized_name": "ISLA CHIVA", "feature_type": "island", "group": "coastal", "feature_class": "Island", "municipality": "Vieques"}}, {"type": "Feature", "geometry": {"type": "Point", "coordinates": [-67.080178, 17.962188]}, "properties": {"canonical_id": "place_island_isla_cueva", "gnis_id": "1611180", "canonical_name": "Isla Cueva", "normalized_name": "ISLA CUEVA", "feature_type": "island", "group": "coastal", "feature_class": "Island", "municipality": "Lajas"}}, {"type": "Feature", "geometry": {"type": "Point", "coordinates": [-65.228767, 18.314678]}, "properties": {"canonical_id": "place_island_isla_culebrita", "gnis_id": "1611181", "canonical_name": "Isla Culebrita", "normalized_name": "ISLA CULEBRITA", "feature_type": "island", "group": "coastal", "feature_class": "Island", "municipality": "Culebra"}}, {"type": "Feature", "geometry": {"type": "Point", "coordinates": [-67.480751, 18.384043]}, "properties": {"canonical_id": "place_island_isla_desecheo", "gnis_id": "2575416", "canonical_name": "Isla Desecheo", "normalized_name": "ISLA DESECHEO", "feature_type": "island", "group": "coastal", "feature_class": "Island", "municipality": "Mayagüez"}}, {"type": "Feature", "geometry": {"type": "Point", "coordinates": [-66.035443, 18.429946]}, "properties": {"canonical_id": "place_island_isla_guachinanga", "gnis_id": "1611183", "canonical_name": "Isla Guachinanga", "normalized_name": "ISLA GUACHINANGA", "feature_type": "island", "group": "coastal", "feature_class": "Island", "municipality": "San Juan"}}, {"type": "Feature", "geometry": {"type": "Point", "coordinates": [-67.090178, 17.957466]}, "properties": {"canonical_id": "place_island_isla_guayacan", "gnis_id": "1611184", "canonical_name": "Isla Guayacán", "normalized_name": "ISLA GUAYACAN", "feature_type": "island", "group": "coastal", "feature_class": "Island", "municipality": "Lajas"}}, {"type": "Feature", "geometry": {"type": "Point", "coordinates": [-65.997388, 18.465778]}, "properties": {"canonical_id": "place_island_isla_la_cancora", "gnis_id": "1611185", "canonical_name": "Isla La Cancora", "normalized_name": "ISLA LA CANCORA", "feature_type": "island", "group": "coastal", "feature_class": "Island", "municipality": "Loíza"}}, {"type": "Feature", "geometry": {"type": "Point", "coordinates": [-67.044066, 17.968854]}, "properties": {"canonical_id": "place_island_isla_magueyes", "gnis_id": "1611186", "canonical_name": "Isla Magueyes", "normalized_name": "ISLA MAGUEYES", "feature_type": "island", "group": "coastal", "feature_class": "Island", "municipality": "Lajas"}}, {"type": "Feature", "geometry": {"type": "Point", "coordinates": [-67.007677, 17.967744]}, "properties": {"canonical_id": "place_island_isla_matei", "gnis_id": "1611187", "canonical_name": "Isla Matei", "normalized_name": "ISLA MATEI", "feature_type": "island", "group": "coastal", "feature_class": "Island", "municipality": "Lajas"}}, {"type": "Feature", "geometry": {"type": "Point", "coordinates": [-67.949631, 18.161342]}, "properties": {"canonical_id": "place_island_isla_monito", "gnis_id": "1613131", "canonical_name": "Isla Monito", "normalized_name": "ISLA MONITO", "feature_type": "island", "group": "coastal", "feature_class": "Island", "municipality": "Mayagüez"}}, {"type": "Feature", "geometry": {"type": "Point", "coordinates": [-66.533226, 17.882192]}, "properties": {"canonical_id": "place_island_isla_morrillito", "gnis_id": "1611189", "canonical_name": "Isla Morrillito", "normalized_name": "ISLA MORRILLITO", "feature_type": "island", "group": "coastal", "feature_class": "Island", "municipality": "Ponce"}}, {"type": "Feature", "geometry": {"type": "Point", "coordinates": [-65.567105, 18.338842]}, "properties": {"canonical_id": "place_island_isla_palominitos", "gnis_id": "1611190", "canonical_name": "Isla Palominitos", "normalized_name": "ISLA PALOMINITOS", "feature_type": "island", "group": "coastal", "feature_class": "Island", "municipality": "Fajardo"}}, {"type": "Feature", "geometry": {"type": "Point", "coordinates": [-65.567939, 18.348564]}, "properties": {"canonical_id": "place_island_isla_palominos", "gnis_id": "1611191", "canonical_name": "Isla Palominos", "normalized_name": "ISLA PALOMINOS", "feature_type": "island", "group": "coastal", "feature_class": "Island", "municipality": "Fajardo"}}, {"type": "Feature", "geometry": {"type": "Point", "coordinates": [-66.044888, 18.464667]}, "properties": {"canonical_id": "place_island_isla_piedra", "gnis_id": "1611192", "canonical_name": "Isla Piedra", "normalized_name": "ISLA PIEDRA", "feature_type": "island", "group": "coastal", "feature_class": "Island", "municipality": "San Juan"}}, {"type": "Feature", "geometry": {"type": "Point", "coordinates": [-65.591272, 18.252179]}, "properties": {"canonical_id": "place_island_isla_pineros", "gnis_id": "1613132", "canonical_name": "Isla Piñeros", "normalized_name": "ISLA PINEROS", "feature_type": "island", "group": "coastal", "feature_class": "Island", "municipality": "Ceiba"}}, {"type": "Feature", "geometry": {"type": "Point", "coordinates": [-66.363225, 17.959134]}, "properties": {"canonical_id": "place_island_isla_puerca", "gnis_id": "1611193", "canonical_name": "Isla Puerca", "normalized_name": "ISLA PUERCA", "feature_type": "island", "group": "coastal", "feature_class": "Island", "municipality": "Santa Isabel"}}, {"type": "Feature", "geometry": {"type": "Point", "coordinates": [-66.103777, 18.466056]}, "properties": {"canonical_id": "place_island_isla_san_juan", "gnis_id": "1613356", "canonical_name": "Isla San Juan", "normalized_name": "ISLA SAN JUAN", "feature_type": "island", "group": "coastal", "feature_class": "Island", "municipality": "Bayamón"}}, {"type": "Feature", "geometry": {"type": "Point", "coordinates": [-66.016554, 18.448001]}, "properties": {"canonical_id": "place_island_isla_verde", "gnis_id": "1611194", "canonical_name": "Isla Verde", "normalized_name": "ISLA VERDE", "feature_type": "island", "group": "coastal", "feature_class": "Island", "municipality": "Carolina"}}, {"type": "Feature", "geometry": {"type": "Point", "coordinates": [-65.309046, 18.148018]}, "properties": {"canonical_id": "place_island_isla_yallis", "gnis_id": "1612911", "canonical_name": "Isla Yallis", "normalized_name": "ISLA YALLIS", "feature_type": "island", "group": "coastal", "feature_class": "Island", "municipality": "Vieques"}}, {"type": "Feature", "geometry": {"type": "Point", "coordinates": [-66.136278, 18.470778]}, "properties": {"canonical_id": "place_island_isla_de_cabras", "gnis_id": "1611175", "canonical_name": "Isla de Cabras", "normalized_name": "ISLA DE CABRAS", "feature_type": "island", "group": "coastal", "feature_class": "Island", "municipality": "Toa Baja"}}, {"type": "Feature", "geometry": {"type": "Point", "coordinates": [-66.634895, 17.95719]}, "properties": {"canonical_id": "place_island_isla_de_cardona", "gnis_id": "1613033", "canonical_name": "Isla de Cardona", "normalized_name": "ISLA DE CARDONA", "feature_type": "island", "group": "coastal", "feature_class": "Island", "municipality": "Ponce"}}, {"type": "Feature", "geometry": {"type": "Point", "coordinates": [-66.348781, 18.486334]}, "properties": {"canonical_id": "place_island_isla_de_cerro_gordo", "gnis_id": "1611176", "canonical_name": "Isla de Cerro Gordo", "normalized_name": "ISLA DE CERRO GORDO", "feature_type": "island", "group": "coastal", "feature_class": "Island", "municipality": "Vega Alta"}}, {"type": "Feature", "geometry": {"type": "Point", "coordinates": [-65.282935, 18.314678]}, "properties": {"canonical_id": "place_island_isla_de_culebra", "gnis_id": "1611182", "canonical_name": "Isla de Culebra", "normalized_name": "ISLA DE CULEBRA", "feature_type": "island", "group": "coastal", "feature_class": "Island", "municipality": "Culebra"}}, {"type": "Feature", "geometry": {"type": "Point", "coordinates": [-66.59, 17.961111]}, "properties": {"canonical_id": "place_island_isla_de_jueyes", "gnis_id": "2575428", "canonical_name": "Isla de Jueyes", "normalized_name": "ISLA DE JUEYES", "feature_type": "island", "group": "coastal", "feature_class": "Island", "municipality": "Ponce"}}, {"type": "Feature", "geometry": {"type": "Point", "coordinates": [-67.891297, 18.081345]}, "properties": {"canonical_id": "place_island_isla_de_mona", "gnis_id": "1611188", "canonical_name": "Isla de Mona", "normalized_name": "ISLA DE MONA", "feature_type": "island", "group": "coastal", "feature_class": "Island", "municipality": "Mayagüez"}}, {"type": "Feature", "geometry": {"type": "Point", "coordinates": [-65.609606, 18.312732]}, "properties": {"canonical_id": "place_island_isla_de_ramos", "gnis_id": "1611177", "canonical_name": "Isla de Ramos", "normalized_name": "ISLA DE RAMOS", "feature_type": "island", "group": "coastal", "feature_class": "Island", "municipality": "Fajardo"}}, {"type": "Feature", "geometry": {"type": "Point", "coordinates": [-66.681007, 17.953024]}, "properties": {"canonical_id": "place_island_isla_de_ratones", "gnis_id": "1613047", "canonical_name": "Isla de Ratones", "normalized_name": "ISLA DE RATONES", "feature_type": "island", "group": "coastal", "feature_class": "Island", "municipality": "Ponce"}}, {"type": "Feature", "geometry": {"type": "Point", "coordinates": [-65.416269, 18.123019]}, "properties": {"canonical_id": "place_island_isla_de_vieques", "gnis_id": "1612910", "canonical_name": "Isla de Vieques", "normalized_name": "ISLA DE VIEQUES", "feature_type": "island", "group": "coastal", "feature_class": "Island", "municipality": "Vieques"}}, {"type": "Feature", "geometry": {"type": "Point", "coordinates": [-66.1885, 18.476056]}, "properties": {"canonical_id": "place_island_isla_de_las_palomas", "gnis_id": "1611174", "canonical_name": "Isla de las Palomas", "normalized_name": "ISLA DE LAS PALOMAS", "feature_type": "island", "group": "coastal", "feature_class": "Island", "municipality": "Toa Baja"}}, {"type": "Feature", "geometry": {"type": "Point", "coordinates": [-66.555171, 17.96219]}, "properties": {"canonical_id": "place_island_isla_del_frio", "gnis_id": "1613056", "canonical_name": "Isla del Frio", "normalized_name": "ISLA DEL FRIO", "feature_type": "island", "group": "coastal", "feature_class": "Island", "municipality": "Ponce"}}, {"type": "Feature", "geometry": {"type": "Point", "coordinates": [-66.501005, 18.249399]}, "properties": {"canonical_id": "place_island_island_of_puerto_rico", "gnis_id": "1848460", "canonical_name": "Island of Puerto Rico", "normalized_name": "ISLAND OF PUERTO RICO", "feature_type": "island", "group": "coastal", "feature_class": "Island", "municipality": "Orocovis"}}, {"type": "Feature", "geometry": {"type": "Point", "coordinates": [-65.618162, 18.339597]}, "properties": {"canonical_id": "place_island_isleta_marina", "gnis_id": "2575427", "canonical_name": "Isleta Marina", "normalized_name": "ISLETA MARINA", "feature_type": "island", "group": "coastal", "feature_class": "Island", "municipality": "Fajardo"}}, {"type": "Feature", "geometry": {"type": "Point", "coordinates": [-66.097388, 18.464112]}, "properties": {"canonical_id": "place_island_isleta_de_san_juan", "gnis_id": "1991538", "canonical_name": "Isleta de San Juan", "normalized_name": "ISLETA DE SAN JUAN", "feature_type": "island", "group": "coastal", "feature_class": "Island", "municipality": "San Juan"}}, {"type": "Feature", "geometry": {"type": "Point", "coordinates": [-66.374614, 18.489667]}, "properties": {"canonical_id": "place_island_isletas_de_garzas", "gnis_id": "1611196", "canonical_name": "Isletas de Garzas", "normalized_name": "ISLETAS DE GARZAS", "feature_type": "island", "group": "coastal", "feature_class": "Island", "municipality": "Vega Baja"}}, {"type": "Feature", "geometry": {"type": "Point", "coordinates": [-65.978221, 18.441057]}, "properties": {"canonical_id": "place_island_islote_numero_dos", "gnis_id": "1613133", "canonical_name": "Islote Número dos", "normalized_name": "ISLOTE NUMERO DOS", "feature_type": "island", "group": "coastal", "feature_class": "Island", "municipality": "Carolina"}}, {"type": "Feature", "geometry": {"type": "Point", "coordinates": [-65.934332, 18.436057]}, "properties": {"canonical_id": "place_island_islote_de_juan_perez", "gnis_id": "1611198", "canonical_name": "Islote de Juan Pérez", "normalized_name": "ISLOTE DE JUAN PEREZ", "feature_type": "island", "group": "coastal", "feature_class": "Island", "municipality": "Loíza"}}, {"type": "Feature", "geometry": {"type": "Point", "coordinates": [-65.553772, 18.371064]}, "properties": {"canonical_id": "place_island_la_blanquilla", "gnis_id": "1611235", "canonical_name": "La Blanquilla", "normalized_name": "LA BLANQUILLA", "feature_type": "island", "group": "coastal", "feature_class": "Island", "municipality": "Fajardo"}}, {"type": "Feature", "geometry": {"type": "Point", "coordinates": [-65.566272, 18.381341]}, "properties": {"canonical_id": "place_island_la_cordillera", "gnis_id": "1611243", "canonical_name": "La Cordillera", "normalized_name": "LA CORDILLERA", "feature_type": "island", "group": "coastal", "feature_class": "Island", "municipality": "Fajardo"}}, {"type": "Feature", "geometry": {"type": "Point", "coordinates": [-66.134333, 18.473278]}, "properties": {"canonical_id": "place_island_las_cabritas", "gnis_id": "1611352", "canonical_name": "Las Cabritas", "normalized_name": "LAS CABRITAS", "feature_type": "island", "group": "coastal", "feature_class": "Island", "municipality": "Toa Baja"}}, {"type": "Feature", "geometry": {"type": "Point", "coordinates": [-65.611551, 18.400506]}, "properties": {"canonical_id": "place_island_las_cucarachas", "gnis_id": "1611365", "canonical_name": "Las Cucarachas", "normalized_name": "LAS CUCARACHAS", "feature_type": "island", "group": "coastal", "feature_class": "Island", "municipality": "Fajardo"}}, {"type": "Feature", "geometry": {"type": "Point", "coordinates": [-65.352381, 18.314678]}, "properties": {"canonical_id": "place_island_las_hermanas", "gnis_id": "1611370", "canonical_name": "Las Hermanas", "normalized_name": "LAS HERMANAS", "feature_type": "island", "group": "coastal", "feature_class": "Island", "municipality": "Culebra"}}, {"type": "Feature", "geometry": {"type": "Point", "coordinates": [-65.55, 18.266667]}, "properties": {"canonical_id": "place_island_las_lavanderas", "gnis_id": "2575426", "canonical_name": "Las Lavanderas", "normalized_name": "LAS LAVANDERAS", "feature_type": "island", "group": "coastal", "feature_class": "Island", "municipality": "Ceiba"}}, {"type": "Feature", "geometry": {"type": "Point", "coordinates": [-65.539722, 18.265278]}, "properties": {"canonical_id": "place_island_las_lavanderas_del_este", "gnis_id": "1611371", "canonical_name": "Las Lavanderas del Este", "normalized_name": "LAS LAVANDERAS DEL ESTE", "feature_type": "island", "group": "coastal", "feature_class": "Island", "municipality": "Ceiba"}}, {"type": "Feature", "geometry": {"type": "Point", "coordinates": [-65.559167, 18.261944]}, "properties": {"canonical_id": "place_island_las_lavanderas_del_oeste", "gnis_id": "1611372", "canonical_name": "Las Lavanderas del Oeste", "normalized_name": "LAS LAVANDERAS DEL OESTE", "feature_type": "island", "group": "coastal", "feature_class": "Island", "municipality": "Ceiba"}}, {"type": "Feature", "geometry": {"type": "Point", "coordinates": [-65.598217, 18.398006]}, "properties": {"canonical_id": "place_island_los_farallones", "gnis_id": "1611428", "canonical_name": "Los Farallones", "normalized_name": "LOS FARALLONES", "feature_type": "island", "group": "coastal", "feature_class": "Island", "municipality": "Fajardo"}}, {"type": "Feature", "geometry": {"type": "Point", "coordinates": [-65.361548, 18.358566]}, "properties": {"canonical_id": "place_island_los_gemelos", "gnis_id": "1611429", "canonical_name": "Los Gemelos", "normalized_name": "LOS GEMELOS", "feature_type": "island", "group": "coastal", "feature_class": "Island", "municipality": "Culebra"}}, {"type": "Feature", "geometry": {"type": "Point", "coordinates": [-66.604618, 18.493278]}, "properties": {"canonical_id": "place_island_los_negritos", "gnis_id": "1611437", "canonical_name": "Los Negritos", "normalized_name": "LOS NEGRITOS", "feature_type": "island", "group": "coastal", "feature_class": "Island", "municipality": "Arecibo"}}, {"type": "Feature", "geometry": {"type": "Point", "coordinates": [-66.206, 17.950801]}, "properties": {"canonical_id": "place_island_mata_redonda", "gnis_id": "1611489", "canonical_name": "Mata Redonda", "normalized_name": "MATA REDONDA", "feature_type": "island", "group": "coastal", "feature_class": "Island", "municipality": "Guayama"}}, {"type": "Feature", "geometry": {"type": "Point", "coordinates": [-65.252379, 18.299401]}, "properties": {"canonical_id": "place_island_pelaita", "gnis_id": "1613156", "canonical_name": "Pelaíta", "normalized_name": "PELAITA", "feature_type": "island", "group": "coastal", "feature_class": "Island", "municipality": "Culebra"}}, {"type": "Feature", "geometry": {"type": "Point", "coordinates": [-65.250216, 18.297474]}, "properties": {"canonical_id": "place_island_pela", "gnis_id": "1613155", "canonical_name": "Pelá", "normalized_name": "PELA", "feature_type": "island", "group": "coastal", "feature_class": "Island", "municipality": "Culebra"}}, {"type": "Feature", "geometry": {"type": "Point", "coordinates": [-66.8549, 18.492444]}, "properties": {"canonical_id": "place_island_penon_brusi", "gnis_id": "1611647", "canonical_name": "Peñon Brusi", "normalized_name": "PENON BRUSI", "feature_type": "island", "group": "coastal", "feature_class": "Island", "municipality": "Camuy"}}, {"type": "Feature", "geometry": {"type": "Point", "coordinates": [-66.869344, 18.492721]}, "properties": {"canonical_id": "place_island_penon_de_afuera", "gnis_id": "1611645", "canonical_name": "Peñon de Afuera", "normalized_name": "PENON DE AFUERA", "feature_type": "island", "group": "coastal", "feature_class": "Island", "municipality": "Camuy"}}, {"type": "Feature", "geometry": {"type": "Point", "coordinates": [-66.091277, 18.469667]}, "properties": {"canonical_id": "place_island_penon_de_san_jorge", "gnis_id": "1611646", "canonical_name": "Peñon de San Jorge", "normalized_name": "PENON DE SAN JORGE", "feature_type": "island", "group": "coastal", "feature_class": "Island", "municipality": "San Juan"}}, {"type": "Feature", "geometry": {"type": "Point", "coordinates": [-65.347381, 18.358566]}, "properties": {"canonical_id": "place_island_piedra_stevens", "gnis_id": "1613163", "canonical_name": "Piedra Stevens", "normalized_name": "PIEDRA STEVENS", "feature_type": "island", "group": "coastal", "feature_class": "Island", "municipality": "Culebra"}}, {"type": "Feature", "geometry": {"type": "Point", "coordinates": [-65.223212, 18.320789]}, "properties": {"canonical_id": "place_island_piedra_del_norte", "gnis_id": "1613162", "canonical_name": "Piedra del Norte", "normalized_name": "PIEDRA DEL NORTE", "feature_type": "island", "group": "coastal", "feature_class": "Island", "municipality": "Culebra"}}, {"type": "Feature", "geometry": {"type": "Point", "coordinates": [-65.531272, 18.26829]}, "properties": {"canonical_id": "place_island_piragua_de_adentro", "gnis_id": "1611675", "canonical_name": "Piragua de Adentro", "normalized_name": "PIRAGUA DE ADENTRO", "feature_type": "island", "group": "coastal", "feature_class": "Island", "municipality": "Ceiba"}}, {"type": "Feature", "geometry": {"type": "Point", "coordinates": [-65.509049, 18.272735]}, "properties": {"canonical_id": "place_island_piragua_de_afuera_1", "gnis_id": "1611676", "canonical_name": "Piragua de Afuera", "normalized_name": "PIRAGUA DE AFUERA", "feature_type": "island", "group": "coastal", "feature_class": "Island", "municipality": "Ceiba"}}, {"type": "Feature", "geometry": {"type": "Point", "coordinates": [-65.508771, 18.272735]}, "properties": {"canonical_id": "place_island_piragua_de_afuera_2", "gnis_id": "1613390", "canonical_name": "Piragua de Afuera", "normalized_name": "PIRAGUA DE AFUERA", "feature_type": "island", "group": "coastal", "feature_class": "Island", "municipality": "Ceiba"}}, {"type": "Feature", "geometry": {"type": "Point", "coordinates": [-65.981832, 18.447168]}, "properties": {"canonical_id": "place_island_punta_larga", "gnis_id": "1611824", "canonical_name": "Punta Larga", "normalized_name": "PUNTA LARGA", "feature_type": "island", "group": "coastal", "feature_class": "Island", "municipality": "Loíza"}}, {"type": "Feature", "geometry": {"type": "Point", "coordinates": [-65.975721, 18.444668]}, "properties": {"canonical_id": "place_island_punta_mosquitos", "gnis_id": "1611840", "canonical_name": "Punta Mosquitos", "normalized_name": "PUNTA MOSQUITOS", "feature_type": "island", "group": "coastal", "feature_class": "Island", "municipality": "Loíza"}}, {"type": "Feature", "geometry": {"type": "Point", "coordinates": [-65.300991, 18.123297]}, "properties": {"canonical_id": "place_island_roca_alcatraz", "gnis_id": "1612949", "canonical_name": "Roca Alcatraz", "normalized_name": "ROCA ALCATRAZ", "feature_type": "island", "group": "coastal", "feature_class": "Island", "municipality": "Vieques"}}, {"type": "Feature", "geometry": {"type": "Point", "coordinates": [-66.703786, 18.479945]}, "properties": {"canonical_id": "place_island_roca_cocinera", "gnis_id": "1612633", "canonical_name": "Roca Cocinera", "normalized_name": "ROCA COCINERA", "feature_type": "island", "group": "coastal", "feature_class": "Island", "municipality": "Arecibo"}}, {"type": "Feature", "geometry": {"type": "Point", "coordinates": [-65.322658, 18.154685]}, "properties": {"canonical_id": "place_island_roca_cucaracha", "gnis_id": "1612950", "canonical_name": "Roca Cucaracha", "normalized_name": "ROCA CUCARACHA", "feature_type": "island", "group": "coastal", "feature_class": "Island", "municipality": "Vieques"}}, {"type": "Feature", "geometry": {"type": "Point", "coordinates": [-65.391827, 18.332733]}, "properties": {"canonical_id": "place_island_roca_culumna", "gnis_id": "1613382", "canonical_name": "Roca Culumna", "normalized_name": "ROCA CULUMNA", "feature_type": "island", "group": "coastal", "feature_class": "Island", "municipality": "Culebra"}}, {"type": "Feature", "geometry": {"type": "Point", "coordinates": [-67.182124, 17.947466]}, "properties": {"canonical_id": "place_island_roca_ola", "gnis_id": "1612636", "canonical_name": "Roca Ola", "normalized_name": "ROCA OLA", "feature_type": "island", "group": "coastal", "feature_class": "Island", "municipality": "Cabo Rojo"}}, {"type": "Feature", "geometry": {"type": "Point", "coordinates": [-66.718231, 18.478278]}, "properties": {"canonical_id": "place_island_roca_resuello", "gnis_id": "1612637", "canonical_name": "Roca Resuello", "normalized_name": "ROCA RESUELLO", "feature_type": "island", "group": "coastal", "feature_class": "Island", "municipality": "Arecibo"}}, {"type": "Feature", "geometry": {"type": "Point", "coordinates": [-65.263768, 18.326345]}, "properties": {"canonical_id": "place_island_roca_speck", "gnis_id": "1613369", "canonical_name": "Roca Speck", "normalized_name": "ROCA SPECK", "feature_type": "island", "group": "coastal", "feature_class": "Island", "municipality": "Culebra"}}, {"type": "Feature", "geometry": {"type": "Point", "coordinates": [-67.177679, 18.023296]}, "properties": {"canonical_id": "place_island_roca_velasquez", "gnis_id": "1612638", "canonical_name": "Roca Velásquez", "normalized_name": "ROCA VELASQUEZ", "feature_type": "island", "group": "coastal", "feature_class": "Island", "municipality": "Cabo Rojo"}}, {"type": "Feature", "geometry": {"type": "Point", "coordinates": [-66.574339, 18.491056]}, "properties": {"canonical_id": "place_island_tres_hermanas", "gnis_id": "1612790", "canonical_name": "Tres Hermanas", "normalized_name": "TRES HERMANAS", "feature_type": "island", "group": "coastal", "feature_class": "Island", "municipality": "Barceloneta"}}, {"type": "Feature", "geometry": {"type": "Point", "coordinates": [-66.70323, 18.481611]}, "properties": {"canonical_id": "place_island_tres_hermanos", "gnis_id": "1612791", "canonical_name": "Tres Hermanos", "normalized_name": "TRES HERMANOS", "feature_type": "island", "group": "coastal", "feature_class": "Island", "municipality": "Arecibo"}}, {"type": "Feature", "geometry": {"type": "Point", "coordinates": [-65.294046, 18.144963]}, "properties": {"canonical_id": "place_cliff_penasco_fosil", "gnis_id": "1613157", "canonical_name": "Peñasco Fósil", "normalized_name": "PENASCO FOSIL", "feature_type": "cliff", "group": "terrain", "feature_class": "Cliff", "municipality": "Vieques"}}, {"type": "Feature", "geometry": {"type": "Point", "coordinates": [-67.209624, 17.955243]}, "properties": {"canonical_id": "place_flat_corozo_salt_flats", "gnis_id": "1991196", "canonical_name": "Corozo Salt Flats", "normalized_name": "COROZO SALT FLATS", "feature_type": "flat", "group": "terrain", "feature_class": "Flat", "municipality": "Cabo Rojo"}}, {"type": "Feature", "geometry": {"type": "Point", "coordinates": [-66.990024, 17.9715]}, "properties": {"canonical_id": "place_flat_salinas_fortuna", "gnis_id": "1612668", "canonical_name": "Salinas Fortuna", "normalized_name": "SALINAS FORTUNA", "feature_type": "flat", "group": "terrain", "feature_class": "Flat", "municipality": "Lajas"}}, {"type": "Feature", "geometry": {"type": "Point", "coordinates": [-66.934898, 17.941912]}, "properties": {"canonical_id": "place_flat_salinas_las_pardas", "gnis_id": "1612669", "canonical_name": "Salinas Las Pardas", "normalized_name": "SALINAS LAS PARDAS", "feature_type": "flat", "group": "terrain", "feature_class": "Flat", "municipality": "Guánica"}}, {"type": "Feature", "geometry": {"type": "Point", "coordinates": [-66.956009, 17.942745]}, "properties": {"canonical_id": "place_flat_salinas_providencia", "gnis_id": "1612670", "canonical_name": "Salinas Providencia", "normalized_name": "SALINAS PROVIDENCIA", "feature_type": "flat", "group": "terrain", "feature_class": "Flat", "municipality": "Guánica"}}, {"type": "Feature", "geometry": {"type": "Point", "coordinates": [-66.806564, 18.153014]}, "properties": {"canonical_id": "place_gap_la_silla_de_calderon", "gnis_id": "1611288", "canonical_name": "La Silla de Calderon", "normalized_name": "LA SILLA DE CALDERON", "feature_type": "gap", "group": "terrain", "feature_class": "Gap", "municipality": "Adjuntas"}}, {"type": "Feature", "geometry": {"type": "Point", "coordinates": [-66.825732, 18.43328]}, "properties": {"canonical_id": "place_gap_salto_maquina", "gnis_id": "1612674", "canonical_name": "Salto Máquina", "normalized_name": "SALTO MAQUINA", "feature_type": "gap", "group": "terrain", "feature_class": "Gap", "municipality": "Hatillo"}}, {"type": "Feature", "geometry": {"type": "Point", "coordinates": [-66.806846, 18.152956]}, "properties": {"canonical_id": "place_gap_salto_de_inabon", "gnis_id": "1612673", "canonical_name": "Salto de Inabón", "normalized_name": "SALTO DE INABON", "feature_type": "gap", "group": "terrain", "feature_class": "Gap", "municipality": "Adjuntas"}}, {"type": "Feature", "geometry": {"type": "Point", "coordinates": [-66.269147, 18.47926]}, "properties": {"canonical_id": "place_mountain_alto_las_ovejas", "gnis_id": "1609509", "canonical_name": "Alto Las Ovejas", "normalized_name": "ALTO LAS OVEJAS", "feature_type": "mountain", "group": "terrain", "feature_class": "Summit", "municipality": "Dorado"}}, {"type": "Feature", "geometry": {"type": "Point", "coordinates": [-66.890478, 18.12936]}, "properties": {"canonical_id": "place_mountain_alto_de_la_bandera", "gnis_id": "1609507", "canonical_name": "Alto de la Bandera", "normalized_name": "ALTO DE LA BANDERA", "feature_type": "mountain", "group": "terrain", "feature_class": "Summit", "municipality": "Yauco"}}, {"type": "Feature", "geometry": {"type": "Point", "coordinates": [-66.998941, 18.157455]}, "properties": {"canonical_id": "place_mountain_alto_del_descanso", "gnis_id": "1609508", "canonical_name": "Alto del Descanso", "normalized_name": "ALTO DEL DESCANSO", "feature_type": "mountain", "group": "terrain", "feature_class": "Summit", "municipality": "Maricao"}}, {"type": "Feature", "geometry": {"type": "Point", "coordinates": [-67.004987, 18.058055]}, "properties": {"canonical_id": "place_mountain_cerro_algarrobo", "gnis_id": "1609914", "canonical_name": "Cerro Algarrobo", "normalized_name": "CERRO ALGARROBO", "feature_type": "mountain", "group": "terrain", "feature_class": "Summit", "municipality": "Lajas"}}, {"type": "Feature", "geometry": {"type": "Point", "coordinates": [-67.1805, 18.04357]}, "properties": {"canonical_id": "place_mountain_cerro_algodon", "gnis_id": "1609915", "canonical_name": "Cerro Algódon", "normalized_name": "CERRO ALGODON", "feature_type": "mountain", "group": "terrain", "feature_class": "Summit", "municipality": "Cabo Rojo"}}, {"type": "Feature", "geometry": {"type": "Point", "coordinates": [-66.198224, 18.180748]}, "properties": {"canonical_id": "place_mountain_cerro_almirante", "gnis_id": "1609916", "canonical_name": "Cerro Almirante", "normalized_name": "CERRO ALMIRANTE", "feature_type": "mountain", "group": "terrain", "feature_class": "Summit", "municipality": "Cidra"}}, {"type": "Feature", "geometry": {"type": "Point", "coordinates": [-66.955371, 18.479568]}, "properties": {"canonical_id": "place_mountain_cerro_alto", "gnis_id": "1609917", "canonical_name": "Cerro Alto", "normalized_name": "CERRO ALTO", "feature_type": "mountain", "group": "terrain", "feature_class": "Summit", "municipality": "Isabela"}}, {"type": "Feature", "geometry": {"type": "Point", "coordinates": [-65.39877, 18.151519]}, "properties": {"canonical_id": "place_mountain_cerro_amargura", "gnis_id": "1612888", "canonical_name": "Cerro Amargura", "normalized_name": "CERRO AMARGURA", "feature_type": "mountain", "group": "terrain", "feature_class": "Summit", "municipality": "Vieques"}}, {"type": "Feature", "geometry": {"type": "Point", "coordinates": [-66.237671, 18.168574]}, "properties": {"canonical_id": "place_mountain_cerro_amoldadero", "gnis_id": "1609918", "canonical_name": "Cerro Amoldadero", "normalized_name": "CERRO AMOLDADERO", "feature_type": "mountain", "group": "terrain", "feature_class": "Summit", "municipality": "Aibonito"}}, {"type": "Feature", "geometry": {"type": "Point", "coordinates": [-67.123582, 18.202852]}, "properties": {"canonical_id": "place_mountain_cerro_anterior", "gnis_id": "2575430", "canonical_name": "Cerro Anterior", "normalized_name": "CERRO ANTERIOR", "feature_type": "mountain", "group": "terrain", "feature_class": "Summit", "municipality": "Mayagüez"}}, {"type": "Feature", "geometry": {"type": "Point", "coordinates": [-66.55081, 18.100955]}, "properties": {"canonical_id": "place_mountain_cerro_augustinillo", "gnis_id": "1609919", "canonical_name": "Cerro Augustinillo", "normalized_name": "CERRO AUGUSTINILLO", "feature_type": "mountain", "group": "terrain", "feature_class": "Summit", "municipality": "Ponce"}}, {"type": "Feature", "geometry": {"type": "Point", "coordinates": [-66.81911, 18.205068]}, "properties": {"canonical_id": "place_mountain_cerro_avispa_1", "gnis_id": "1609920", "canonical_name": "Cerro Avispa", "normalized_name": "CERRO AVISPA", "feature_type": "mountain", "group": "terrain", "feature_class": "Summit", "municipality": "Adjuntas"}}, {"type": "Feature", "geometry": {"type": "Point", "coordinates": [-66.43638, 18.288849]}, "properties": {"canonical_id": "place_mountain_cerro_avispa_2", "gnis_id": "1609921", "canonical_name": "Cerro Avispa", "normalized_name": "CERRO AVISPA", "feature_type": "mountain", "group": "terrain", "feature_class": "Summit", "municipality": "Morovis"}}, {"type": "Feature", "geometry": {"type": "Point", "coordinates": [-66.191835, 18.07857]}, "properties": {"canonical_id": "place_mountain_cerro_avispa_3", "gnis_id": "1609922", "canonical_name": "Cerro Avispa", "normalized_name": "CERRO AVISPA", "feature_type": "mountain", "group": "terrain", "feature_class": "Summit", "municipality": "Cayey"}}, {"type": "Feature", "geometry": {"type": "Point", "coordinates": [-66.219272, 18.282925]}, "properties": {"canonical_id": "place_mountain_cerro_avispa_4", "gnis_id": "1609923", "canonical_name": "Cerro Avispa", "normalized_name": "CERRO AVISPA", "feature_type": "mountain", "group": "terrain", "feature_class": "Summit", "municipality": "Naranjito"}}, {"type": "Feature", "geometry": {"type": "Point", "coordinates": [-65.265992, 18.316268]}, "properties": {"canonical_id": "place_mountain_cerro_balcon", "gnis_id": "1609924", "canonical_name": "Cerro Balcón", "normalized_name": "CERRO BALCON", "feature_type": "mountain", "group": "terrain", "feature_class": "Summit", "municipality": "Culebra"}}, {"type": "Feature", "geometry": {"type": "Point", "coordinates": [-66.751544, 18.150749]}, "properties": {"canonical_id": "place_mountain_cerro_bartolo", "gnis_id": "1609925", "canonical_name": "Cerro Bartolo", "normalized_name": "CERRO BARTOLO", "feature_type": "mountain", "group": "terrain", "feature_class": "Summit", "municipality": "Adjuntas"}}, {"type": "Feature", "geometry": {"type": "Point", "coordinates": [-66.052003, 18.005498]}, "properties": {"canonical_id": "place_mountain_cerro_boca_del_infierno", "gnis_id": "1609926", "canonical_name": "Cerro Boca del Infierno", "normalized_name": "CERRO BOCA DEL INFIERNO", "feature_type": "mountain", "group": "terrain", "feature_class": "Summit", "municipality": "Arroyo"}}, {"type": "Feature", "geometry": {"type": "Point", "coordinates": [-65.387895, 18.158178]}, "properties": {"canonical_id": "place_mountain_cerro_bone", "gnis_id": "1612889", "canonical_name": "Cerro Bone", "normalized_name": "CERRO BONE", "feature_type": "mountain", "group": "terrain", "feature_class": "Summit", "municipality": "Vieques"}}, {"type": "Feature", "geometry": {"type": "Point", "coordinates": [-65.785079, 18.392087]}, "properties": {"canonical_id": "place_mountain_cerro_bravo", "gnis_id": "1609927", "canonical_name": "Cerro Bravo", "normalized_name": "CERRO BRAVO", "feature_type": "mountain", "group": "terrain", "feature_class": "Summit", "municipality": "Río Grande"}}, {"type": "Feature", "geometry": {"type": "Point", "coordinates": [-67.12375, 18.07365]}, "properties": {"canonical_id": "place_mountain_cerro_buena_vista", "gnis_id": "1609928", "canonical_name": "Cerro Buena Vista", "normalized_name": "CERRO BUENA VISTA", "feature_type": "mountain", "group": "terrain", "feature_class": "Summit", "municipality": "Cabo Rojo"}}, {"type": "Feature", "geometry": {"type": "Point", "coordinates": [-65.406398, 18.158407]}, "properties": {"canonical_id": "place_mountain_cerro_camacho", "gnis_id": "1612890", "canonical_name": "Cerro Camacho", "normalized_name": "CERRO CAMACHO", "feature_type": "mountain", "group": "terrain", "feature_class": "Summit", "municipality": "Vieques"}}, {"type": "Feature", "geometry": {"type": "Point", "coordinates": [-65.83666, 18.109498]}, "properties": {"canonical_id": "place_mountain_cerro_candelero", "gnis_id": "1609929", "canonical_name": "Cerro Candelero", "normalized_name": "CERRO CANDELERO", "feature_type": "mountain", "group": "terrain", "feature_class": "Summit", "municipality": "Humacao"}}, {"type": "Feature", "geometry": {"type": "Point", "coordinates": [-66.812742, 18.044507]}, "properties": {"canonical_id": "place_mountain_cerro_candiles", "gnis_id": "1609930", "canonical_name": "Cerro Candiles", "normalized_name": "CERRO CANDILES", "feature_type": "mountain", "group": "terrain", "feature_class": "Summit", "municipality": "Guayanilla"}}, {"type": "Feature", "geometry": {"type": "Point", "coordinates": [-67.182663, 18.312882]}, "properties": {"canonical_id": "place_mountain_cerro_canta_gallo", "gnis_id": "1609931", "canonical_name": "Cerro Canta Gallo", "normalized_name": "CERRO CANTA GALLO", "feature_type": "mountain", "group": "terrain", "feature_class": "Summit", "municipality": "Añasco"}}, {"type": "Feature", "geometry": {"type": "Point", "coordinates": [-66.902355, 17.960675]}, "properties": {"canonical_id": "place_mountain_cerro_capron", "gnis_id": "1609932", "canonical_name": "Cerro Caprón", "normalized_name": "CERRO CAPRON", "feature_type": "mountain", "group": "terrain", "feature_class": "Summit", "municipality": "Guánica"}}, {"type": "Feature", "geometry": {"type": "Point", "coordinates": [-65.414539, 18.110909]}, "properties": {"canonical_id": "place_mountain_cerro_caracas", "gnis_id": "1612891", "canonical_name": "Cerro Caracas", "normalized_name": "CERRO CARACAS", "feature_type": "mountain", "group": "terrain", "feature_class": "Summit", "municipality": "Vieques"}}, {"type": "Feature", "geometry": {"type": "Point", "coordinates": [-66.289716, 18.054869]}, "properties": {"canonical_id": "place_mountain_cerro_cariblanco", "gnis_id": "1609933", "canonical_name": "Cerro Cariblanco", "normalized_name": "CERRO CARIBLANCO", "feature_type": "mountain", "group": "terrain", "feature_class": "Summit", "municipality": "Salinas"}}, {"type": "Feature", "geometry": {"type": "Point", "coordinates": [-67.039004, 18.304135]}, "properties": {"canonical_id": "place_mountain_cerro_cascajillo", "gnis_id": "1609934", "canonical_name": "Cerro Cascajillo", "normalized_name": "CERRO CASCAJILLO", "feature_type": "mountain", "group": "terrain", "feature_class": "Summit", "municipality": "San Sebastián"}}, {"type": "Feature", "geometry": {"type": "Point", "coordinates": [-67.167554, 18.377706]}, "properties": {"canonical_id": "place_mountain_cerro_cayures", "gnis_id": "1609935", "canonical_name": "Cerro Cayures", "normalized_name": "CERRO CAYURES", "feature_type": "mountain", "group": "terrain", "feature_class": "Summit", "municipality": "Aguada"}}, {"type": "Feature", "geometry": {"type": "Point", "coordinates": [-66.471434, 18.258502]}, "properties": {"canonical_id": "place_mountain_cerro_cedro", "gnis_id": "1609936", "canonical_name": "Cerro Cedro", "normalized_name": "CERRO CEDRO", "feature_type": "mountain", "group": "terrain", "feature_class": "Summit", "municipality": "Ciales"}}, {"type": "Feature", "geometry": {"type": "Point", "coordinates": [-66.152175, 18.003148]}, "properties": {"canonical_id": "place_mountain_cerro_charcas", "gnis_id": "1609937", "canonical_name": "Cerro Charcas", "normalized_name": "CERRO CHARCAS", "feature_type": "mountain", "group": "terrain", "feature_class": "Summit", "municipality": "Guayama"}}, {"type": "Feature", "geometry": {"type": "Point", "coordinates": [-66.372367, 18.483614]}, "properties": {"canonical_id": "place_mountain_cerro_cibuco", "gnis_id": "1609938", "canonical_name": "Cerro Cibuco", "normalized_name": "CERRO CIBUCO", "feature_type": "mountain", "group": "terrain", "feature_class": "Summit", "municipality": "Vega Baja"}}, {"type": "Feature", "geometry": {"type": "Point", "coordinates": [-65.838115, 18.190998]}, "properties": {"canonical_id": "place_mountain_cerro_collores", "gnis_id": "1609939", "canonical_name": "Cerro Collores", "normalized_name": "CERRO COLLORES", "feature_type": "mountain", "group": "terrain", "feature_class": "Summit", "municipality": "Las Piedras"}}, {"type": "Feature", "geometry": {"type": "Point", "coordinates": [-67.164668, 18.104584]}, "properties": {"canonical_id": "place_mountain_cerro_conde_avila", "gnis_id": "1609940", "canonical_name": "Cerro Conde Ávila", "normalized_name": "CERRO CONDE AVILA", "feature_type": "mountain", "group": "terrain", "feature_class": "Summit", "municipality": "Cabo Rojo"}}, {"type": "Feature", "geometry": {"type": "Point", "coordinates": [-66.083822, 18.012895]}, "properties": {"canonical_id": "place_mountain_cerro_corazon", "gnis_id": "1613070", "canonical_name": "Cerro Corazón", "normalized_name": "CERRO CORAZON", "feature_type": "mountain", "group": "terrain", "feature_class": "Summit", "municipality": "Arroyo"}}, {"type": "Feature", "geometry": {"type": "Point", "coordinates": [-67.177404, 18.16202]}, "properties": {"canonical_id": "place_mountain_cerro_cornelia", "gnis_id": "1609941", "canonical_name": "Cerro Cornelia", "normalized_name": "CERRO CORNELIA", "feature_type": "mountain", "group": "terrain", "feature_class": "Summit", "municipality": "Cabo Rojo"}}, {"type": "Feature", "geometry": {"type": "Point", "coordinates": [-65.669824, 18.278367]}, "properties": {"canonical_id": "place_mountain_cerro_corozal", "gnis_id": "1609942", "canonical_name": "Cerro Corozal", "normalized_name": "CERRO COROZAL", "feature_type": "mountain", "group": "terrain", "feature_class": "Summit", "municipality": "Ceiba"}}, {"type": "Feature", "geometry": {"type": "Point", "coordinates": [-66.818533, 18.113074]}, "properties": {"canonical_id": "place_mountain_cerro_curet", "gnis_id": "1609943", "canonical_name": "Cerro Curet", "normalized_name": "CERRO CURET", "feature_type": "mountain", "group": "terrain", "feature_class": "Summit", "municipality": "Yauco"}}, {"type": "Feature", "geometry": {"type": "Point", "coordinates": [-67.134006, 18.305422]}, "properties": {"canonical_id": "place_mountain_cerro_daguey", "gnis_id": "1609944", "canonical_name": "Cerro Dagüey", "normalized_name": "CERRO DAGUEY", "feature_type": "mountain", "group": "terrain", "feature_class": "Summit", "municipality": "Añasco"}}, {"type": "Feature", "geometry": {"type": "Point", "coordinates": [-66.774621, 18.197875]}, "properties": {"canonical_id": "place_mountain_cerro_don_quino", "gnis_id": "1609945", "canonical_name": "Cerro Don Quiño", "normalized_name": "CERRO DON QUINO", "feature_type": "mountain", "group": "terrain", "feature_class": "Summit", "municipality": "Adjuntas"}}, {"type": "Feature", "geometry": {"type": "Point", "coordinates": [-66.480902, 18.171716]}, "properties": {"canonical_id": "place_mountain_cerro_dona_juana", "gnis_id": "1609946", "canonical_name": "Cerro Doña Juana", "normalized_name": "CERRO DONA JUANA", "feature_type": "mountain", "group": "terrain", "feature_class": "Summit", "municipality": "Orocovis"}}, {"type": "Feature", "geometry": {"type": "Point", "coordinates": [-66.817336, 18.06853]}, "properties": {"canonical_id": "place_mountain_cerro_el_alto", "gnis_id": "1609947", "canonical_name": "Cerro El Alto", "normalized_name": "CERRO EL ALTO", "feature_type": "mountain", "group": "terrain", "feature_class": "Summit", "municipality": "Guayanilla"}}, {"type": "Feature", "geometry": {"type": "Point", "coordinates": [-65.870632, 18.139247]}, "properties": {"canonical_id": "place_mountain_cerro_el_asomante", "gnis_id": "1609948", "canonical_name": "Cerro El Asomante", "normalized_name": "CERRO EL ASOMANTE", "feature_type": "mountain", "group": "terrain", "feature_class": "Summit", "municipality": "Las Piedras"}}, {"type": "Feature", "geometry": {"type": "Point", "coordinates": [-66.496243, 18.166933]}, "properties": {"canonical_id": "place_mountain_cerro_el_bolo", "gnis_id": "1609949", "canonical_name": "Cerro El Bolo", "normalized_name": "CERRO EL BOLO", "feature_type": "mountain", "group": "terrain", "feature_class": "Summit", "municipality": "Villalba"}}, {"type": "Feature", "geometry": {"type": "Point", "coordinates": [-65.541273, 18.10635]}, "properties": {"canonical_id": "place_mountain_cerro_el_buey", "gnis_id": "1612893", "canonical_name": "Cerro El Buey", "normalized_name": "CERRO EL BUEY", "feature_type": "mountain", "group": "terrain", "feature_class": "Summit", "municipality": "Vieques"}}, {"type": "Feature", "geometry": {"type": "Point", "coordinates": [-65.768647, 18.382962]}, "properties": {"canonical_id": "place_mountain_cerro_el_faro", "gnis_id": "1612894", "canonical_name": "Cerro El Faro", "normalized_name": "CERRO EL FARO", "feature_type": "mountain", "group": "terrain", "feature_class": "Summit", "municipality": "Río Grande"}}, {"type": "Feature", "geometry": {"type": "Point", "coordinates": [-66.609731, 18.053497]}, "properties": {"canonical_id": "place_mountain_cerro_el_gato_1", "gnis_id": "1609950", "canonical_name": "Cerro El Gato", "normalized_name": "CERRO EL GATO", "feature_type": "mountain", "group": "terrain", "feature_class": "Summit", "municipality": "Ponce"}}, {"type": "Feature", "geometry": {"type": "Point", "coordinates": [-66.463379, 18.251382]}, "properties": {"canonical_id": "place_mountain_cerro_el_gato_2", "gnis_id": "1609951", "canonical_name": "Cerro El Gato", "normalized_name": "CERRO EL GATO", "feature_type": "mountain", "group": "terrain", "feature_class": "Summit", "municipality": "Ciales"}}, {"type": "Feature", "geometry": {"type": "Point", "coordinates": [-66.729086, 18.140945]}, "properties": {"canonical_id": "place_mountain_cerro_el_gigante", "gnis_id": "1609952", "canonical_name": "Cerro El Gigante", "normalized_name": "CERRO EL GIGANTE", "feature_type": "mountain", "group": "terrain", "feature_class": "Summit", "municipality": "Adjuntas"}}, {"type": "Feature", "geometry": {"type": "Point", "coordinates": [-66.245041, 18.148797]}, "properties": {"canonical_id": "place_mountain_cerro_el_indio", "gnis_id": "1609953", "canonical_name": "Cerro El Indio", "normalized_name": "CERRO EL INDIO", "feature_type": "mountain", "group": "terrain", "feature_class": "Summit", "municipality": "Aibonito"}}, {"type": "Feature", "geometry": {"type": "Point", "coordinates": [-66.420493, 18.173628]}, "properties": {"canonical_id": "place_mountain_cerro_el_malo", "gnis_id": "1609954", "canonical_name": "Cerro El Malo", "normalized_name": "CERRO EL MALO", "feature_type": "mountain", "group": "terrain", "feature_class": "Summit", "municipality": "Orocovis"}}, {"type": "Feature", "geometry": {"type": "Point", "coordinates": [-66.767613, 18.093651]}, "properties": {"canonical_id": "place_mountain_cerro_el_peligro", "gnis_id": "1609955", "canonical_name": "Cerro El Peligro", "normalized_name": "CERRO EL PELIGRO", "feature_type": "mountain", "group": "terrain", "feature_class": "Summit", "municipality": "Peñuelas"}}, {"type": "Feature", "geometry": {"type": "Point", "coordinates": [-66.33094, 18.136861]}, "properties": {"canonical_id": "place_mountain_cerro_el_pico", "gnis_id": "1609956", "canonical_name": "Cerro El Pico", "normalized_name": "CERRO EL PICO", "feature_type": "mountain", "group": "terrain", "feature_class": "Summit", "municipality": "Coamo"}}, {"type": "Feature", "geometry": {"type": "Point", "coordinates": [-67.02678, 18.061152]}, "properties": {"canonical_id": "place_mountain_cerro_el_retiro", "gnis_id": "1609957", "canonical_name": "Cerro El Retiro", "normalized_name": "CERRO EL RETIRO", "feature_type": "mountain", "group": "terrain", "feature_class": "Summit", "municipality": "San Germán"}}, {"type": "Feature", "geometry": {"type": "Point", "coordinates": [-65.88104, 18.020735]}, "properties": {"canonical_id": "place_mountain_cerro_el_sombreito", "gnis_id": "1610265", "canonical_name": "Cerro El Sombreito", "normalized_name": "CERRO EL SOMBREITO", "feature_type": "mountain", "group": "terrain", "feature_class": "Summit", "municipality": "Maunabo"}}, {"type": "Feature", "geometry": {"type": "Point", "coordinates": [-67.00456, 18.394308]}, "properties": {"canonical_id": "place_mountain_cerro_el_sombrero", "gnis_id": "1609958", "canonical_name": "Cerro El Sombrero", "normalized_name": "CERRO EL SOMBRERO", "feature_type": "mountain", "group": "terrain", "feature_class": "Summit", "municipality": "Isabela"}}, {"type": "Feature", "geometry": {"type": "Point", "coordinates": [-65.326098, 18.147554]}, "properties": {"canonical_id": "place_mountain_cerro_farallon_1", "gnis_id": "1609455", "canonical_name": "Cerro Farallón", "normalized_name": "CERRO FARALLON", "feature_type": "mountain", "group": "terrain", "feature_class": "Summit", "municipality": "Vieques"}}, {"type": "Feature", "geometry": {"type": "Point", "coordinates": [-66.306539, 18.238844]}, "properties": {"canonical_id": "place_mountain_cerro_farallon_2", "gnis_id": "1609959", "canonical_name": "Cerro Farallón", "normalized_name": "CERRO FARALLON", "feature_type": "mountain", "group": "terrain", "feature_class": "Summit", "municipality": "Barranquitas"}}, {"type": "Feature", "geometry": {"type": "Point", "coordinates": [-66.945135, 18.049302]}, "properties": {"canonical_id": "place_mountain_cerro_franchon", "gnis_id": "1609960", "canonical_name": "Cerro Franchón", "normalized_name": "CERRO FRANCHON", "feature_type": "mountain", "group": "terrain", "feature_class": "Summit", "municipality": "Sabana Grande"}}, {"type": "Feature", "geometry": {"type": "Point", "coordinates": [-66.17754, 18.02026]}, "properties": {"canonical_id": "place_mountain_cerro_garau", "gnis_id": "1609961", "canonical_name": "Cerro Garau", "normalized_name": "CERRO GARAU", "feature_type": "mountain", "group": "terrain", "feature_class": "Summit", "municipality": "Guayama"}}, {"type": "Feature", "geometry": {"type": "Point", "coordinates": [-66.699896, 18.124405]}, "properties": {"canonical_id": "place_mountain_cerro_garrote", "gnis_id": "1609962", "canonical_name": "Cerro Garrote", "normalized_name": "CERRO GARROTE", "feature_type": "mountain", "group": "terrain", "feature_class": "Summit", "municipality": "Peñuelas"}}, {"type": "Feature", "geometry": {"type": "Point", "coordinates": [-66.750284, 18.171046]}, "properties": {"canonical_id": "place_mountain_cerro_garzas", "gnis_id": "1609963", "canonical_name": "Cerro Garzas", "normalized_name": "CERRO GARZAS", "feature_type": "mountain", "group": "terrain", "feature_class": "Summit", "municipality": "Adjuntas"}}, {"type": "Feature", "geometry": {"type": "Point", "coordinates": [-67.048919, 18.250825]}, "properties": {"canonical_id": "place_mountain_cerro_goden", "gnis_id": "1609964", "canonical_name": "Cerro Goden", "normalized_name": "CERRO GODEN", "feature_type": "mountain", "group": "terrain", "feature_class": "Summit", "municipality": "Las Marías"}}, {"type": "Feature", "geometry": {"type": "Point", "coordinates": [-66.202456, 18.157117]}, "properties": {"canonical_id": "place_mountain_cerro_gordo_1", "gnis_id": "1609967", "canonical_name": "Cerro Gordo", "normalized_name": "CERRO GORDO", "feature_type": "mountain", "group": "terrain", "feature_class": "Summit", "municipality": "Cidra"}}, {"type": "Feature", "geometry": {"type": "Point", "coordinates": [-66.502032, 18.293704]}, "properties": {"canonical_id": "place_mountain_cerro_gordo_2", "gnis_id": "1609968", "canonical_name": "Cerro Gordo", "normalized_name": "CERRO GORDO", "feature_type": "mountain", "group": "terrain", "feature_class": "Summit", "municipality": "Ciales"}}, {"type": "Feature", "geometry": {"type": "Point", "coordinates": [-67.090238, 18.296046]}, "properties": {"canonical_id": "place_mountain_cerro_gordo_3", "gnis_id": "1609969", "canonical_name": "Cerro Gordo", "normalized_name": "CERRO GORDO", "feature_type": "mountain", "group": "terrain", "feature_class": "Summit", "municipality": "Añasco"}}, {"type": "Feature", "geometry": {"type": "Point", "coordinates": [-65.93194, 18.333031]}, "properties": {"canonical_id": "place_mountain_cerro_gordo_4", "gnis_id": "1609970", "canonical_name": "Cerro Gordo", "normalized_name": "CERRO GORDO", "feature_type": "mountain", "group": "terrain", "feature_class": "Summit", "municipality": "Carolina"}}, {"type": "Feature", "geometry": {"type": "Point", "coordinates": [-67.137638, 18.337805]}, "properties": {"canonical_id": "place_mountain_cerro_gordo_5", "gnis_id": "1609971", "canonical_name": "Cerro Gordo", "normalized_name": "CERRO GORDO", "feature_type": "mountain", "group": "terrain", "feature_class": "Summit", "municipality": "Aguada"}}, {"type": "Feature", "geometry": {"type": "Point", "coordinates": [-66.332528, 18.470661]}, "properties": {"canonical_id": "place_mountain_cerro_gozos", "gnis_id": "1609972", "canonical_name": "Cerro Gozos", "normalized_name": "CERRO GOZOS", "feature_type": "mountain", "group": "terrain", "feature_class": "Summit", "municipality": "Vega Alta"}}, {"type": "Feature", "geometry": {"type": "Point", "coordinates": [-66.011122, 18.149247]}, "properties": {"canonical_id": "place_mountain_cerro_gregorio", "gnis_id": "1609973", "canonical_name": "Cerro Gregorio", "normalized_name": "CERRO GREGORIO", "feature_type": "mountain", "group": "terrain", "feature_class": "Summit", "municipality": "San Lorenzo"}}, {"type": "Feature", "geometry": {"type": "Point", "coordinates": [-67.04073, 18.300349]}, "properties": {"canonical_id": "place_mountain_cerro_gritadero", "gnis_id": "1609974", "canonical_name": "Cerro Gritadero", "normalized_name": "CERRO GRITADERO", "feature_type": "mountain", "group": "terrain", "feature_class": "Summit", "municipality": "San Sebastián"}}, {"type": "Feature", "geometry": {"type": "Point", "coordinates": [-67.200844, 18.043468]}, "properties": {"canonical_id": "place_mountain_cerro_guaniquilla", "gnis_id": "1609975", "canonical_name": "Cerro Guaniquilla", "normalized_name": "CERRO GUANIQUILLA", "feature_type": "mountain", "group": "terrain", "feature_class": "Summit", "municipality": "Cabo Rojo"}}, {"type": "Feature", "geometry": {"type": "Point", "coordinates": [-66.418997, 18.467585]}, "properties": {"canonical_id": "place_mountain_cerro_guarico", "gnis_id": "1609976", "canonical_name": "Cerro Guarico", "normalized_name": "CERRO GUARICO", "feature_type": "mountain", "group": "terrain", "feature_class": "Summit", "municipality": "Vega Baja"}}, {"type": "Feature", "geometry": {"type": "Point", "coordinates": [-66.953962, 18.245344]}, "properties": {"canonical_id": "place_mountain_cerro_herencia", "gnis_id": "1609977", "canonical_name": "Cerro Herencia", "normalized_name": "CERRO HERENCIA", "feature_type": "mountain", "group": "terrain", "feature_class": "Summit", "municipality": "Las Marías"}}, {"type": "Feature", "geometry": {"type": "Point", "coordinates": [-66.041006, 18.103829]}, "properties": {"canonical_id": "place_mountain_cerro_honore", "gnis_id": "1609978", "canonical_name": "Cerro Honoré", "normalized_name": "CERRO HONORE", "feature_type": "mountain", "group": "terrain", "feature_class": "Summit", "municipality": "Patillas"}}, {"type": "Feature", "geometry": {"type": "Point", "coordinates": [-65.27847, 18.132833]}, "properties": {"canonical_id": "place_mountain_cerro_indio", "gnis_id": "1612895", "canonical_name": "Cerro Indio", "normalized_name": "CERRO INDIO", "feature_type": "mountain", "group": "terrain", "feature_class": "Summit", "municipality": "Vieques"}}, {"type": "Feature", "geometry": {"type": "Point", "coordinates": [-66.253076, 18.080265]}, "properties": {"canonical_id": "place_mountain_cerro_jobo_dulce", "gnis_id": "1609979", "canonical_name": "Cerro Jobo Dulce", "normalized_name": "CERRO JOBO DULCE", "feature_type": "mountain", "group": "terrain", "feature_class": "Summit", "municipality": "Aibonito"}}, {"type": "Feature", "geometry": {"type": "Point", "coordinates": [-66.738168, 18.220272]}, "properties": {"canonical_id": "place_mountain_cerro_la_chorrera", "gnis_id": "1609980", "canonical_name": "Cerro La Chorrera", "normalized_name": "CERRO LA CHORRERA", "feature_type": "mountain", "group": "terrain", "feature_class": "Summit", "municipality": "Adjuntas"}}, {"type": "Feature", "geometry": {"type": "Point", "coordinates": [-66.468464, 18.113875]}, "properties": {"canonical_id": "place_mountain_cerro_la_coroza", "gnis_id": "1609981", "canonical_name": "Cerro La Coroza", "normalized_name": "CERRO LA COROZA", "feature_type": "mountain", "group": "terrain", "feature_class": "Summit", "municipality": "Villalba"}}, {"type": "Feature", "geometry": {"type": "Point", "coordinates": [-67.001376, 18.03967]}, "properties": {"canonical_id": "place_mountain_cerro_la_guanica", "gnis_id": "1609982", "canonical_name": "Cerro La Guánica", "normalized_name": "CERRO LA GUANICA", "feature_type": "mountain", "group": "terrain", "feature_class": "Summit", "municipality": "Lajas"}}, {"type": "Feature", "geometry": {"type": "Point", "coordinates": [-66.157754, 18.129226]}, "properties": {"canonical_id": "place_mountain_cerro_la_guasima", "gnis_id": "1609983", "canonical_name": "Cerro La Guásima", "normalized_name": "CERRO LA GUASIMA", "feature_type": "mountain", "group": "terrain", "feature_class": "Summit", "municipality": "Cayey"}}, {"type": "Feature", "geometry": {"type": "Point", "coordinates": [-66.805156, 18.23151]}, "properties": {"canonical_id": "place_mountain_cerro_la_mira", "gnis_id": "1609984", "canonical_name": "Cerro La Mira", "normalized_name": "CERRO LA MIRA", "feature_type": "mountain", "group": "terrain", "feature_class": "Summit", "municipality": "Utuado"}}, {"type": "Feature", "geometry": {"type": "Point", "coordinates": [-66.466392, 18.128507]}, "properties": {"canonical_id": "place_mountain_cerro_la_monteria", "gnis_id": "1609985", "canonical_name": "Cerro La Montería", "normalized_name": "CERRO LA MONTERIA", "feature_type": "mountain", "group": "terrain", "feature_class": "Summit", "municipality": "Villalba"}}, {"type": "Feature", "geometry": {"type": "Point", "coordinates": [-65.899714, 18.032115]}, "properties": {"canonical_id": "place_mountain_cerro_la_pandura", "gnis_id": "1609986", "canonical_name": "Cerro La Pandura", "normalized_name": "CERRO LA PANDURA", "feature_type": "mountain", "group": "terrain", "feature_class": "Summit", "municipality": "Maunabo"}}, {"type": "Feature", "geometry": {"type": "Point", "coordinates": [-67.051354, 18.058448]}, "properties": {"canonical_id": "place_mountain_cerro_la_parra", "gnis_id": "1609987", "canonical_name": "Cerro La Parra", "normalized_name": "CERRO LA PARRA", "feature_type": "mountain", "group": "terrain", "feature_class": "Summit", "municipality": "Lajas"}}, {"type": "Feature", "geometry": {"type": "Point", "coordinates": [-66.153478, 18.290926]}, "properties": {"canonical_id": "place_mountain_cerro_la_pena", "gnis_id": "1609988", "canonical_name": "Cerro La Peña", "normalized_name": "CERRO LA PENA", "feature_type": "mountain", "group": "terrain", "feature_class": "Summit", "municipality": "Bayamón"}}, {"type": "Feature", "geometry": {"type": "Point", "coordinates": [-66.826418, 18.211052]}, "properties": {"canonical_id": "place_mountain_cerro_la_quinta", "gnis_id": "1609989", "canonical_name": "Cerro La Quinta", "normalized_name": "CERRO LA QUINTA", "feature_type": "mountain", "group": "terrain", "feature_class": "Summit", "municipality": "Adjuntas"}}, {"type": "Feature", "geometry": {"type": "Point", "coordinates": [-66.052605, 18.113121]}, "properties": {"canonical_id": "place_mountain_cerro_la_santa", "gnis_id": "1609990", "canonical_name": "Cerro La Santa", "normalized_name": "CERRO LA SANTA", "feature_type": "mountain", "group": "terrain", "feature_class": "Summit", "municipality": "Caguas"}}, {"type": "Feature", "geometry": {"type": "Point", "coordinates": [-67.015779, 18.395263]}, "properties": {"canonical_id": "place_mountain_cerro_la_silla", "gnis_id": "1609991", "canonical_name": "Cerro La Silla", "normalized_name": "CERRO LA SILLA", "feature_type": "mountain", "group": "terrain", "feature_class": "Summit", "municipality": "Isabela"}}, {"type": "Feature", "geometry": {"type": "Point", "coordinates": [-66.184509, 18.241464]}, "properties": {"canonical_id": "place_mountain_cerro_la_tiza", "gnis_id": "1609992", "canonical_name": "Cerro La Tiza", "normalized_name": "CERRO LA TIZA", "feature_type": "mountain", "group": "terrain", "feature_class": "Summit", "municipality": "Comerío"}}, {"type": "Feature", "geometry": {"type": "Point", "coordinates": [-66.913319, 18.04849]}, "properties": {"canonical_id": "place_mountain_cerro_la_torre_1", "gnis_id": "1609993", "canonical_name": "Cerro La Torre", "normalized_name": "CERRO LA TORRE", "feature_type": "mountain", "group": "terrain", "feature_class": "Summit", "municipality": "Sabana Grande"}}, {"type": "Feature", "geometry": {"type": "Point", "coordinates": [-66.85786, 18.249396]}, "properties": {"canonical_id": "place_mountain_cerro_la_torre_2", "gnis_id": "1609994", "canonical_name": "Cerro La Torre", "normalized_name": "CERRO LA TORRE", "feature_type": "mountain", "group": "terrain", "feature_class": "Summit", "municipality": "Lares"}}, {"type": "Feature", "geometry": {"type": "Point", "coordinates": [-65.985592, 18.044553]}, "properties": {"canonical_id": "place_mountain_cerro_la_torrecilla", "gnis_id": "1609995", "canonical_name": "Cerro La Torrecilla", "normalized_name": "CERRO LA TORRECILLA", "feature_type": "mountain", "group": "terrain", "feature_class": "Summit", "municipality": "Patillas"}}, {"type": "Feature", "geometry": {"type": "Point", "coordinates": [-66.783018, 18.042191]}, "properties": {"canonical_id": "place_mountain_cerro_la_tuna", "gnis_id": "1609996", "canonical_name": "Cerro La Tuna", "normalized_name": "CERRO LA TUNA", "feature_type": "mountain", "group": "terrain", "feature_class": "Summit", "municipality": "Guayanilla"}}, {"type": "Feature", "geometry": {"type": "Point", "coordinates": [-66.94988, 17.971054]}, "properties": {"canonical_id": "place_mountain_cerro_lajara", "gnis_id": "1609997", "canonical_name": "Cerro Lajara", "normalized_name": "CERRO LAJARA", "feature_type": "mountain", "group": "terrain", "feature_class": "Summit", "municipality": "Guánica"}}, {"type": "Feature", "geometry": {"type": "Point", "coordinates": [-66.002396, 18.049352]}, "properties": {"canonical_id": "place_mountain_cerro_lambedora", "gnis_id": "1609998", "canonical_name": "Cerro Lambedora", "normalized_name": "CERRO LAMBEDORA", "feature_type": "mountain", "group": "terrain", "feature_class": "Summit", "municipality": "Patillas"}}, {"type": "Feature", "geometry": {"type": "Point", "coordinates": [-66.080357, 18.152389]}, "properties": {"canonical_id": "place_mountain_cerro_las_pinas", "gnis_id": "1609999", "canonical_name": "Cerro Las Piñas", "normalized_name": "CERRO LAS PINAS", "feature_type": "mountain", "group": "terrain", "feature_class": "Summit", "municipality": "Cayey"}}, {"type": "Feature", "geometry": {"type": "Point", "coordinates": [-66.215533, 18.214337]}, "properties": {"canonical_id": "place_mountain_cerro_lazo", "gnis_id": "1610000", "canonical_name": "Cerro Lazo", "normalized_name": "CERRO LAZO", "feature_type": "mountain", "group": "terrain", "feature_class": "Summit", "municipality": "Comerío"}}, {"type": "Feature", "geometry": {"type": "Point", "coordinates": [-67.078089, 18.221843]}, "properties": {"canonical_id": "place_mountain_cerro_leclerc", "gnis_id": "1610001", "canonical_name": "Cerro Leclerc", "normalized_name": "CERRO LECLERC", "feature_type": "mountain", "group": "terrain", "feature_class": "Summit", "municipality": "Mayagüez"}}, {"type": "Feature", "geometry": {"type": "Point", "coordinates": [-66.829089, 18.190747]}, "properties": {"canonical_id": "place_mountain_cerro_leoncilla", "gnis_id": "1610002", "canonical_name": "Cerro Leoncilla", "normalized_name": "CERRO LEONCILLA", "feature_type": "mountain", "group": "terrain", "feature_class": "Summit", "municipality": "Adjuntas"}}, {"type": "Feature", "geometry": {"type": "Point", "coordinates": [-66.828405, 18.050042]}, "properties": {"canonical_id": "place_mountain_cerro_limones", "gnis_id": "1610003", "canonical_name": "Cerro Limones", "normalized_name": "CERRO LIMONES", "feature_type": "mountain", "group": "terrain", "feature_class": "Summit", "municipality": "Yauco"}}, {"type": "Feature", "geometry": {"type": "Point", "coordinates": [-66.757142, 18.200713]}, "properties": {"canonical_id": "place_mountain_cerro_lloroso", "gnis_id": "1610004", "canonical_name": "Cerro Lloroso", "normalized_name": "CERRO LLOROSO", "feature_type": "mountain", "group": "terrain", "feature_class": "Summit", "municipality": "Adjuntas"}}, {"type": "Feature", "geometry": {"type": "Point", "coordinates": [-66.583743, 18.019685]}, "properties": {"canonical_id": "place_mountain_cerro_los_negrones", "gnis_id": "1610005", "canonical_name": "Cerro Los Negrones", "normalized_name": "CERRO LOS NEGRONES", "feature_type": "mountain", "group": "terrain", "feature_class": "Summit", "municipality": "Ponce"}}, {"type": "Feature", "geometry": {"type": "Point", "coordinates": [-66.09395, 18.094342]}, "properties": {"canonical_id": "place_mountain_cerro_lucero_1", "gnis_id": "1610006", "canonical_name": "Cerro Lucero", "normalized_name": "CERRO LUCERO", "feature_type": "mountain", "group": "terrain", "feature_class": "Summit", "municipality": "Guayama"}}, {"type": "Feature", "geometry": {"type": "Point", "coordinates": [-66.06083, 18.116347]}, "properties": {"canonical_id": "place_mountain_cerro_lucero_2", "gnis_id": "1610007", "canonical_name": "Cerro Lucero", "normalized_name": "CERRO LUCERO", "feature_type": "mountain", "group": "terrain", "feature_class": "Summit", "municipality": "Cayey"}}, {"type": "Feature", "geometry": {"type": "Point", "coordinates": [-65.824272, 18.174854]}, "properties": {"canonical_id": "place_mountain_cerro_mabu", "gnis_id": "1610008", "canonical_name": "Cerro Mabú", "normalized_name": "CERRO MABU", "feature_type": "mountain", "group": "terrain", "feature_class": "Summit", "municipality": "Humacao"}}, {"type": "Feature", "geometry": {"type": "Point", "coordinates": [-66.58823, 18.263779]}, "properties": {"canonical_id": "place_mountain_cerro_magoyo", "gnis_id": "1610009", "canonical_name": "Cerro Magoyo", "normalized_name": "CERRO MAGOYO", "feature_type": "mountain", "group": "terrain", "feature_class": "Summit", "municipality": "Jayuya"}}, {"type": "Feature", "geometry": {"type": "Point", "coordinates": [-66.098416, 18.341276]}, "properties": {"canonical_id": "place_mountain_cerro_magueyes_1", "gnis_id": "1610010", "canonical_name": "Cerro Magueyes", "normalized_name": "CERRO MAGUEYES", "feature_type": "mountain", "group": "terrain", "feature_class": "Summit", "municipality": "San Juan"}}, {"type": "Feature", "geometry": {"type": "Point", "coordinates": [-66.226066, 18.231342]}, "properties": {"canonical_id": "place_mountain_cerro_magueyes_2", "gnis_id": "1610011", "canonical_name": "Cerro Magueyes", "normalized_name": "CERRO MAGUEYES", "feature_type": "mountain", "group": "terrain", "feature_class": "Summit", "municipality": "Comerío"}}, {"type": "Feature", "geometry": {"type": "Point", "coordinates": [-66.37536, 18.27789]}, "properties": {"canonical_id": "place_mountain_cerro_magueyes_3", "gnis_id": "1610012", "canonical_name": "Cerro Magueyes", "normalized_name": "CERRO MAGUEYES", "feature_type": "mountain", "group": "terrain", "feature_class": "Summit", "municipality": "Corozal"}}, {"type": "Feature", "geometry": {"type": "Point", "coordinates": [-65.92008, 17.985025]}, "properties": {"canonical_id": "place_mountain_cerro_mala_pascua", "gnis_id": "1610013", "canonical_name": "Cerro Mala Pascua", "normalized_name": "CERRO MALA PASCUA", "feature_type": "mountain", "group": "terrain", "feature_class": "Summit", "municipality": "Patillas"}}, {"type": "Feature", "geometry": {"type": "Point", "coordinates": [-66.872678, 18.202453]}, "properties": {"canonical_id": "place_mountain_cerro_malo_1", "gnis_id": "1610014", "canonical_name": "Cerro Malo", "normalized_name": "CERRO MALO", "feature_type": "mountain", "group": "terrain", "feature_class": "Summit", "municipality": "Lares"}}, {"type": "Feature", "geometry": {"type": "Point", "coordinates": [-66.409446, 18.26314]}, "properties": {"canonical_id": "place_mountain_cerro_malo_2", "gnis_id": "1610015", "canonical_name": "Cerro Malo", "normalized_name": "CERRO MALO", "feature_type": "mountain", "group": "terrain", "feature_class": "Summit", "municipality": "Orocovis"}}, {"type": "Feature", "geometry": {"type": "Point", "coordinates": [-65.409923, 18.14032]}, "properties": {"canonical_id": "place_mountain_cerro_malojillo", "gnis_id": "1612896", "canonical_name": "Cerro Malojillo", "normalized_name": "CERRO MALOJILLO", "feature_type": "mountain", "group": "terrain", "feature_class": "Summit", "municipality": "Vieques"}}, {"type": "Feature", "geometry": {"type": "Point", "coordinates": [-66.553548, 18.1524]}, "properties": {"canonical_id": "place_mountain_cerro_maravillas", "gnis_id": "1610016", "canonical_name": "Cerro Maravillas", "normalized_name": "CERRO MARAVILLAS", "feature_type": "mountain", "group": "terrain", "feature_class": "Summit", "municipality": "Ponce"}}, {"type": "Feature", "geometry": {"type": "Point", "coordinates": [-67.110841, 18.000148]}, "properties": {"canonical_id": "place_mountain_cerro_mariquita", "gnis_id": "1610017", "canonical_name": "Cerro Mariquita", "normalized_name": "CERRO MARIQUITA", "feature_type": "mountain", "group": "terrain", "feature_class": "Summit", "municipality": "Cabo Rojo"}}, {"type": "Feature", "geometry": {"type": "Point", "coordinates": [-66.112369, 18.27953]}, "properties": {"canonical_id": "place_mountain_cerro_marquesa", "gnis_id": "1610018", "canonical_name": "Cerro Marquesa", "normalized_name": "CERRO MARQUESA", "feature_type": "mountain", "group": "terrain", "feature_class": "Summit", "municipality": "Aguas Buenas"}}, {"type": "Feature", "geometry": {"type": "Point", "coordinates": [-65.475781, 18.13168]}, "properties": {"canonical_id": "place_mountain_cerro_martineau", "gnis_id": "1612897", "canonical_name": "Cerro Martineau", "normalized_name": "CERRO MARTINEAU", "feature_type": "mountain", "group": "terrain", "feature_class": "Summit", "municipality": "Vieques"}}, {"type": "Feature", "geometry": {"type": "Point", "coordinates": [-67.26372, 18.356001]}, "properties": {"canonical_id": "place_mountain_cerro_martinica", "gnis_id": "1610019", "canonical_name": "Cerro Martinica", "normalized_name": "CERRO MARTINICA", "feature_type": "mountain", "group": "terrain", "feature_class": "Summit", "municipality": "Rincón"}}, {"type": "Feature", "geometry": {"type": "Point", "coordinates": [-66.734064, 18.102425]}, "properties": {"canonical_id": "place_mountain_cerro_mata_de_platano", "gnis_id": "1610020", "canonical_name": "Cerro Mata de Plátano", "normalized_name": "CERRO MATA DE PLATANO", "feature_type": "mountain", "group": "terrain", "feature_class": "Summit", "municipality": "Peñuelas"}}, {"type": "Feature", "geometry": {"type": "Point", "coordinates": [-65.31726, 18.131302]}, "properties": {"canonical_id": "place_mountain_cerro_matias_jalobre", "gnis_id": "1612898", "canonical_name": "Cerro Matías Jalobre", "normalized_name": "CERRO MATIAS JALOBRE", "feature_type": "mountain", "group": "terrain", "feature_class": "Summit", "municipality": "Vieques"}}, {"type": "Feature", "geometry": {"type": "Point", "coordinates": [-66.767954, 18.200713]}, "properties": {"canonical_id": "place_mountain_cerro_medina", "gnis_id": "1610021", "canonical_name": "Cerro Medina", "normalized_name": "CERRO MEDINA", "feature_type": "mountain", "group": "terrain", "feature_class": "Summit", "municipality": "Adjuntas"}}, {"type": "Feature", "geometry": {"type": "Point", "coordinates": [-66.785712, 18.208409]}, "properties": {"canonical_id": "place_mountain_cerro_mercado", "gnis_id": "1610022", "canonical_name": "Cerro Mercado", "normalized_name": "CERRO MERCADO", "feature_type": "mountain", "group": "terrain", "feature_class": "Summit", "municipality": "Adjuntas"}}, {"type": "Feature", "geometry": {"type": "Point", "coordinates": [-66.43947, 18.247067]}, "properties": {"canonical_id": "place_mountain_cerro_mime", "gnis_id": "1610023", "canonical_name": "Cerro Mime", "normalized_name": "CERRO MIME", "feature_type": "mountain", "group": "terrain", "feature_class": "Summit", "municipality": "Orocovis"}}, {"type": "Feature", "geometry": {"type": "Point", "coordinates": [-66.042348, 18.078848]}, "properties": {"canonical_id": "place_mountain_cerro_miraflores_1", "gnis_id": "1610024", "canonical_name": "Cerro Miraflores", "normalized_name": "CERRO MIRAFLORES", "feature_type": "mountain", "group": "terrain", "feature_class": "Summit", "municipality": "Patillas"}}, {"type": "Feature", "geometry": {"type": "Point", "coordinates": [-66.367816, 18.4184]}, "properties": {"canonical_id": "place_mountain_cerro_miraflores_2", "gnis_id": "1610025", "canonical_name": "Cerro Miraflores", "normalized_name": "CERRO MIRAFLORES", "feature_type": "mountain", "group": "terrain", "feature_class": "Summit", "municipality": "Vega Baja"}}, {"type": "Feature", "geometry": {"type": "Point", "coordinates": [-66.297414, 17.993627]}, "properties": {"canonical_id": "place_mountain_cerro_modesto", "gnis_id": "1610026", "canonical_name": "Cerro Modesto", "normalized_name": "CERRO MODESTO", "feature_type": "mountain", "group": "terrain", "feature_class": "Summit", "municipality": "Salinas"}}, {"type": "Feature", "geometry": {"type": "Point", "coordinates": [-66.958736, 17.956858]}, "properties": {"canonical_id": "place_mountain_cerro_montalva", "gnis_id": "1610027", "canonical_name": "Cerro Montalva", "normalized_name": "CERRO MONTALVA", "feature_type": "mountain", "group": "terrain", "feature_class": "Summit", "municipality": "Guánica"}}, {"type": "Feature", "geometry": {"type": "Point", "coordinates": [-66.624662, 18.247493]}, "properties": {"canonical_id": "place_mountain_cerro_morales", "gnis_id": "1610028", "canonical_name": "Cerro Morales", "normalized_name": "CERRO MORALES", "feature_type": "mountain", "group": "terrain", "feature_class": "Summit", "municipality": "Utuado"}}, {"type": "Feature", "geometry": {"type": "Point", "coordinates": [-66.528483, 17.884195]}, "properties": {"canonical_id": "place_mountain_cerro_morrillo", "gnis_id": "1610029", "canonical_name": "Cerro Morrillo", "normalized_name": "CERRO MORRILLO", "feature_type": "mountain", "group": "terrain", "feature_class": "Summit", "municipality": "Ponce"}}, {"type": "Feature", "geometry": {"type": "Point", "coordinates": [-66.147113, 18.273901]}, "properties": {"canonical_id": "place_mountain_cerro_mula", "gnis_id": "1610030", "canonical_name": "Cerro Mula", "normalized_name": "CERRO MULA", "feature_type": "mountain", "group": "terrain", "feature_class": "Summit", "municipality": "Aguas Buenas"}}, {"type": "Feature", "geometry": {"type": "Point", "coordinates": [-66.769986, 18.209778]}, "properties": {"canonical_id": "place_mountain_cerro_novillo", "gnis_id": "1610031", "canonical_name": "Cerro Novillo", "normalized_name": "CERRO NOVILLO", "feature_type": "mountain", "group": "terrain", "feature_class": "Summit", "municipality": "Adjuntas"}}, {"type": "Feature", "geometry": {"type": "Point", "coordinates": [-66.854194, 18.293961]}, "properties": {"canonical_id": "place_mountain_cerro_palma", "gnis_id": "1610032", "canonical_name": "Cerro Palma", "normalized_name": "CERRO PALMA", "feature_type": "mountain", "group": "terrain", "feature_class": "Summit", "municipality": "Lares"}}, {"type": "Feature", "geometry": {"type": "Point", "coordinates": [-66.788658, 18.233597]}, "properties": {"canonical_id": "place_mountain_cerro_palo_seco", "gnis_id": "1610034", "canonical_name": "Cerro Palo Seco", "normalized_name": "CERRO PALO SECO", "feature_type": "mountain", "group": "terrain", "feature_class": "Summit", "municipality": "Adjuntas"}}, {"type": "Feature", "geometry": {"type": "Point", "coordinates": [-66.58385, 18.252452]}, "properties": {"canonical_id": "place_mountain_cerro_palo_de_cafe", "gnis_id": "1610033", "canonical_name": "Cerro Palo de Café", "normalized_name": "CERRO PALO DE CAFE", "feature_type": "mountain", "group": "terrain", "feature_class": "Summit", "municipality": "Jayuya"}}, {"type": "Feature", "geometry": {"type": "Point", "coordinates": [-65.347103, 18.140197]}, "properties": {"canonical_id": "place_mountain_cerro_palomas", "gnis_id": "1612899", "canonical_name": "Cerro Palomas", "normalized_name": "CERRO PALOMAS", "feature_type": "mountain", "group": "terrain", "feature_class": "Summit", "municipality": "Vieques"}}, {"type": "Feature", "geometry": {"type": "Point", "coordinates": [-67.101539, 18.315449]}, "properties": {"canonical_id": "place_mountain_cerro_pelao", "gnis_id": "1610035", "canonical_name": "Cerro Pelao", "normalized_name": "CERRO PELAO", "feature_type": "mountain", "group": "terrain", "feature_class": "Summit", "municipality": "Añasco"}}, {"type": "Feature", "geometry": {"type": "Point", "coordinates": [-66.50733, 18.380061]}, "properties": {"canonical_id": "place_mountain_cerro_pelota", "gnis_id": "1610036", "canonical_name": "Cerro Pelota", "normalized_name": "CERRO PELOTA", "feature_type": "mountain", "group": "terrain", "feature_class": "Summit", "municipality": "Manatí"}}, {"type": "Feature", "geometry": {"type": "Point", "coordinates": [-66.431306, 18.114986]}, "properties": {"canonical_id": "place_mountain_cerro_petronila", "gnis_id": "1610037", "canonical_name": "Cerro Petronila", "normalized_name": "CERRO PETRONILA", "feature_type": "mountain", "group": "terrain", "feature_class": "Summit", "municipality": "Villalba"}}, {"type": "Feature", "geometry": {"type": "Point", "coordinates": [-67.053023, 18.306811]}, "properties": {"canonical_id": "place_mountain_cerro_pichon_1", "gnis_id": "1610038", "canonical_name": "Cerro Pichón", "normalized_name": "CERRO PICHON", "feature_type": "mountain", "group": "terrain", "feature_class": "Summit", "municipality": "Moca"}}, {"type": "Feature", "geometry": {"type": "Point", "coordinates": [-67.061847, 18.310781]}, "properties": {"canonical_id": "place_mountain_cerro_pichon_2", "gnis_id": "1610039", "canonical_name": "Cerro Pichón", "normalized_name": "CERRO PICHON", "feature_type": "mountain", "group": "terrain", "feature_class": "Summit", "municipality": "Moca"}}, {"type": "Feature", "geometry": {"type": "Point", "coordinates": [-66.039545, 18.020681]}, "properties": {"canonical_id": "place_mountain_cerro_piedra_gorda", "gnis_id": "1610040", "canonical_name": "Cerro Piedra Gorda", "normalized_name": "CERRO PIEDRA GORDA", "feature_type": "mountain", "group": "terrain", "feature_class": "Summit", "municipality": "Patillas"}}, {"type": "Feature", "geometry": {"type": "Point", "coordinates": [-65.994909, 17.985376]}, "properties": {"canonical_id": "place_mountain_cerro_piedra_hueca", "gnis_id": "1610041", "canonical_name": "Cerro Piedra Hueca", "normalized_name": "CERRO PIEDRA HUECA", "feature_type": "mountain", "group": "terrain", "feature_class": "Summit", "municipality": "Patillas"}}, {"type": "Feature", "geometry": {"type": "Point", "coordinates": [-65.881471, 18.32394]}, "properties": {"canonical_id": "place_mountain_cerro_pitahaya", "gnis_id": "1610045", "canonical_name": "Cerro Pitahaya", "normalized_name": "CERRO PITAHAYA", "feature_type": "mountain", "group": "terrain", "feature_class": "Summit", "municipality": "Canóvanas"}}, {"type": "Feature", "geometry": {"type": "Point", "coordinates": [-67.171848, 18.083568]}, "properties": {"canonical_id": "place_mountain_cerro_pinas", "gnis_id": "1610042", "canonical_name": "Cerro Piñas", "normalized_name": "CERRO PINAS", "feature_type": "mountain", "group": "terrain", "feature_class": "Summit", "municipality": "Cabo Rojo"}}, {"type": "Feature", "geometry": {"type": "Point", "coordinates": [-66.953235, 18.208246]}, "properties": {"canonical_id": "place_mountain_cerro_plan_bonito", "gnis_id": "1610046", "canonical_name": "Cerro Plan Bonito", "normalized_name": "CERRO PLAN BONITO", "feature_type": "mountain", "group": "terrain", "feature_class": "Summit", "municipality": "Las Marías"}}, {"type": "Feature", "geometry": {"type": "Point", "coordinates": [-66.210666, 18.1536]}, "properties": {"canonical_id": "place_mountain_cerro_plana", "gnis_id": "1610047", "canonical_name": "Cerro Plana", "normalized_name": "CERRO PLANA", "feature_type": "mountain", "group": "terrain", "feature_class": "Summit", "municipality": "Cidra"}}, {"type": "Feature", "geometry": {"type": "Point", "coordinates": [-66.207042, 18.087237]}, "properties": {"canonical_id": "place_mountain_cerro_planada", "gnis_id": "1610048", "canonical_name": "Cerro Planada", "normalized_name": "CERRO PLANADA", "feature_type": "mountain", "group": "terrain", "feature_class": "Summit", "municipality": "Cayey"}}, {"type": "Feature", "geometry": {"type": "Point", "coordinates": [-65.420884, 18.110456]}, "properties": {"canonical_id": "place_mountain_cerro_playuela", "gnis_id": "1612900", "canonical_name": "Cerro Playuela", "normalized_name": "CERRO PLAYUELA", "feature_type": "mountain", "group": "terrain", "feature_class": "Summit", "municipality": "Vieques"}}, {"type": "Feature", "geometry": {"type": "Point", "coordinates": [-66.324722, 18.051492]}, "properties": {"canonical_id": "place_mountain_cerro_presidio", "gnis_id": "1610049", "canonical_name": "Cerro Presidio", "normalized_name": "CERRO PRESIDIO", "feature_type": "mountain", "group": "terrain", "feature_class": "Summit", "municipality": "Coamo"}}, {"type": "Feature", "geometry": {"type": "Point", "coordinates": [-66.662395, 18.197177]}, "properties": {"canonical_id": "place_mountain_cerro_prieto", "gnis_id": "1610050", "canonical_name": "Cerro Prieto", "normalized_name": "CERRO PRIETO", "feature_type": "mountain", "group": "terrain", "feature_class": "Summit", "municipality": "Utuado"}}, {"type": "Feature", "geometry": {"type": "Point", "coordinates": [-66.336709, 18.150153]}, "properties": {"canonical_id": "place_mountain_cerro_pulguillas", "gnis_id": "1610051", "canonical_name": "Cerro Pulguillas", "normalized_name": "CERRO PULGUILLAS", "feature_type": "mountain", "group": "terrain", "feature_class": "Summit", "municipality": "Coamo"}}, {"type": "Feature", "geometry": {"type": "Point", "coordinates": [-66.454724, 18.312821]}, "properties": {"canonical_id": "place_mountain_cerro_purron", "gnis_id": "1610052", "canonical_name": "Cerro Purrón", "normalized_name": "CERRO PURRON", "feature_type": "mountain", "group": "terrain", "feature_class": "Summit", "municipality": "Ciales"}}, {"type": "Feature", "geometry": {"type": "Point", "coordinates": [-66.424597, 18.22664]}, "properties": {"canonical_id": "place_mountain_cerro_pio", "gnis_id": "1610043", "canonical_name": "Cerro Pío", "normalized_name": "CERRO PIO", "feature_type": "mountain", "group": "terrain", "feature_class": "Summit", "municipality": "Orocovis"}}, {"type": "Feature", "geometry": {"type": "Point", "coordinates": [-66.303376, 18.038098]}, "properties": {"canonical_id": "place_mountain_cerro_pio_juan", "gnis_id": "1610044", "canonical_name": "Cerro Pío Juan", "normalized_name": "CERRO PIO JUAN", "feature_type": "mountain", "group": "terrain", "feature_class": "Summit", "municipality": "Salinas"}}, {"type": "Feature", "geometry": {"type": "Point", "coordinates": [-67.093918, 18.044959]}, "properties": {"canonical_id": "place_mountain_cerro_quemado", "gnis_id": "1610053", "canonical_name": "Cerro Quemado", "normalized_name": "CERRO QUEMADO", "feature_type": "mountain", "group": "terrain", "feature_class": "Summit", "municipality": "Lajas"}}, {"type": "Feature", "geometry": {"type": "Point", "coordinates": [-66.386475, 18.283794]}, "properties": {"canonical_id": "place_mountain_cerro_quiros", "gnis_id": "1610054", "canonical_name": "Cerro Quirós", "normalized_name": "CERRO QUIROS", "feature_type": "mountain", "group": "terrain", "feature_class": "Summit", "municipality": "Morovis"}}, {"type": "Feature", "geometry": {"type": "Point", "coordinates": [-66.327316, 18.008835]}, "properties": {"canonical_id": "place_mountain_cerro_respaldo", "gnis_id": "1609459", "canonical_name": "Cerro Respaldo", "normalized_name": "CERRO RESPALDO", "feature_type": "mountain", "group": "terrain", "feature_class": "Summit", "municipality": "Salinas"}}, {"type": "Feature", "geometry": {"type": "Point", "coordinates": [-66.759577, 18.233028]}, "properties": {"canonical_id": "place_mountain_cerro_roncador", "gnis_id": "1610055", "canonical_name": "Cerro Roncador", "normalized_name": "CERRO RONCADOR", "feature_type": "mountain", "group": "terrain", "feature_class": "Summit", "municipality": "Utuado"}}, {"type": "Feature", "geometry": {"type": "Point", "coordinates": [-66.532011, 18.177713]}, "properties": {"canonical_id": "place_mountain_cerro_rosa", "gnis_id": "1610056", "canonical_name": "Cerro Rosa", "normalized_name": "CERRO ROSA", "feature_type": "mountain", "group": "terrain", "feature_class": "Summit", "municipality": "Jayuya"}}, {"type": "Feature", "geometry": {"type": "Point", "coordinates": [-66.559426, 18.178513]}, "properties": {"canonical_id": "place_mountain_cerro_saliente", "gnis_id": "1610057", "canonical_name": "Cerro Saliente", "normalized_name": "CERRO SALIENTE", "feature_type": "mountain", "group": "terrain", "feature_class": "Summit", "municipality": "Jayuya"}}, {"type": "Feature", "geometry": {"type": "Point", "coordinates": [-67.181594, 18.375961]}, "properties": {"canonical_id": "place_mountain_cerro_san_jose_1", "gnis_id": "1610058", "canonical_name": "Cerro San José", "normalized_name": "CERRO SAN JOSE", "feature_type": "mountain", "group": "terrain", "feature_class": "Summit", "municipality": "Aguada"}}, {"type": "Feature", "geometry": {"type": "Point", "coordinates": [-65.940703, 18.410554]}, "properties": {"canonical_id": "place_mountain_cerro_san_jose_2", "gnis_id": "1610059", "canonical_name": "Cerro San José", "normalized_name": "CERRO SAN JOSE", "feature_type": "mountain", "group": "terrain", "feature_class": "Summit", "municipality": "Carolina"}}, {"type": "Feature", "geometry": {"type": "Point", "coordinates": [-66.326154, 18.092757]}, "properties": {"canonical_id": "place_mountain_cerro_santa_ana_1", "gnis_id": "1610060", "canonical_name": "Cerro Santa Ana", "normalized_name": "CERRO SANTA ANA", "feature_type": "mountain", "group": "terrain", "feature_class": "Summit", "municipality": "Coamo"}}, {"type": "Feature", "geometry": {"type": "Point", "coordinates": [-65.987324, 18.194317]}, "properties": {"canonical_id": "place_mountain_cerro_santa_ana_2", "gnis_id": "1610061", "canonical_name": "Cerro Santa Ana", "normalized_name": "CERRO SANTA ANA", "feature_type": "mountain", "group": "terrain", "feature_class": "Summit", "municipality": "San Lorenzo"}}, {"type": "Feature", "geometry": {"type": "Point", "coordinates": [-66.156259, 18.229377]}, "properties": {"canonical_id": "place_mountain_cerro_santa_barbara_1", "gnis_id": "1610062", "canonical_name": "Cerro Santa Bárbara", "normalized_name": "CERRO SANTA BARBARA", "feature_type": "mountain", "group": "terrain", "feature_class": "Summit", "municipality": "Aguas Buenas"}}, {"type": "Feature", "geometry": {"type": "Point", "coordinates": [-66.313847, 18.372027]}, "properties": {"canonical_id": "place_mountain_cerro_santa_barbara_2", "gnis_id": "1610063", "canonical_name": "Cerro Santa Bárbara", "normalized_name": "CERRO SANTA BARBARA", "feature_type": "mountain", "group": "terrain", "feature_class": "Summit", "municipality": "Toa Alta"}}, {"type": "Feature", "geometry": {"type": "Point", "coordinates": [-65.869031, 18.027998]}, "properties": {"canonical_id": "place_mountain_cerro_santa_elena", "gnis_id": "1610064", "canonical_name": "Cerro Santa Elena", "normalized_name": "CERRO SANTA ELENA", "feature_type": "mountain", "group": "terrain", "feature_class": "Summit", "municipality": "Yabucoa"}}, {"type": "Feature", "geometry": {"type": "Point", "coordinates": [-66.585378, 18.115376]}, "properties": {"canonical_id": "place_mountain_cerro_santo_domingo_1", "gnis_id": "1610065", "canonical_name": "Cerro Santo Domingo", "normalized_name": "CERRO SANTO DOMINGO", "feature_type": "mountain", "group": "terrain", "feature_class": "Summit", "municipality": "Ponce"}}, {"type": "Feature", "geometry": {"type": "Point", "coordinates": [-66.854199, 18.185693]}, "properties": {"canonical_id": "place_mountain_cerro_santo_domingo_2", "gnis_id": "1610066", "canonical_name": "Cerro Santo Domingo", "normalized_name": "CERRO SANTO DOMINGO", "feature_type": "mountain", "group": "terrain", "feature_class": "Summit", "municipality": "Lares"}}, {"type": "Feature", "geometry": {"type": "Point", "coordinates": [-65.489199, 18.122555]}, "properties": {"canonical_id": "place_mountain_cerro_sonadora", "gnis_id": "1612901", "canonical_name": "Cerro Sonadora", "normalized_name": "CERRO SONADORA", "feature_type": "mountain", "group": "terrain", "feature_class": "Summit", "municipality": "Vieques"}}, {"type": "Feature", "geometry": {"type": "Point", "coordinates": [-66.472119, 18.21951]}, "properties": {"canonical_id": "place_mountain_cerro_taita", "gnis_id": "1610067", "canonical_name": "Cerro Taita", "normalized_name": "CERRO TAITA", "feature_type": "mountain", "group": "terrain", "feature_class": "Summit", "municipality": "Orocovis"}}, {"type": "Feature", "geometry": {"type": "Point", "coordinates": [-67.040672, 18.276853]}, "properties": {"canonical_id": "place_mountain_cerro_tirano", "gnis_id": "1610068", "canonical_name": "Cerro Tirano", "normalized_name": "CERRO TIRANO", "feature_type": "mountain", "group": "terrain", "feature_class": "Summit", "municipality": "Añasco"}}, {"type": "Feature", "geometry": {"type": "Point", "coordinates": [-66.805818, 17.967546]}, "properties": {"canonical_id": "place_mountain_cerro_toro", "gnis_id": "1610069", "canonical_name": "Cerro Toro", "normalized_name": "CERRO TORO", "feature_type": "mountain", "group": "terrain", "feature_class": "Summit", "municipality": "Guayanilla"}}, {"type": "Feature", "geometry": {"type": "Point", "coordinates": [-66.095147, 18.021878]}, "properties": {"canonical_id": "place_mountain_cerro_tumbado", "gnis_id": "1613071", "canonical_name": "Cerro Tumbado", "normalized_name": "CERRO TUMBADO", "feature_type": "mountain", "group": "terrain", "feature_class": "Summit", "municipality": "Guayama"}}, {"type": "Feature", "geometry": {"type": "Point", "coordinates": [-67.17358, 18.379091]}, "properties": {"canonical_id": "place_mountain_cerro_vadi", "gnis_id": "1610070", "canonical_name": "Cerro Vadi", "normalized_name": "CERRO VADI", "feature_type": "mountain", "group": "terrain", "feature_class": "Summit", "municipality": "Aguada"}}, {"type": "Feature", "geometry": {"type": "Point", "coordinates": [-67.023674, 18.258135]}, "properties": {"canonical_id": "place_mountain_cerro_valladares", "gnis_id": "1610071", "canonical_name": "Cerro Valladares", "normalized_name": "CERRO VALLADARES", "feature_type": "mountain", "group": "terrain", "feature_class": "Summit", "municipality": "Las Marías"}}, {"type": "Feature", "geometry": {"type": "Point", "coordinates": [-66.773959, 18.150675]}, "properties": {"canonical_id": "place_mountain_cerro_vaquina", "gnis_id": "1610072", "canonical_name": "Cerro Vaquiña", "normalized_name": "CERRO VAQUINA", "feature_type": "mountain", "group": "terrain", "feature_class": "Summit", "municipality": "Adjuntas"}}, {"type": "Feature", "geometry": {"type": "Point", "coordinates": [-67.118236, 18.059681]}, "properties": {"canonical_id": "place_mountain_cerro_vargas", "gnis_id": "1610073", "canonical_name": "Cerro Vargas", "normalized_name": "CERRO VARGAS", "feature_type": "mountain", "group": "terrain", "feature_class": "Summit", "municipality": "Cabo Rojo"}}, {"type": "Feature", "geometry": {"type": "Point", "coordinates": [-66.257028, 18.093651]}, "properties": {"canonical_id": "place_mountain_cerro_verdun", "gnis_id": "1610074", "canonical_name": "Cerro Verdún", "normalized_name": "CERRO VERDUN", "feature_type": "mountain", "group": "terrain", "feature_class": "Summit", "municipality": "Aibonito"}}, {"type": "Feature", "geometry": {"type": "Point", "coordinates": [-66.998131, 17.990001]}, "properties": {"canonical_id": "place_mountain_cerro_vertero", "gnis_id": "1613072", "canonical_name": "Cerro Vertero", "normalized_name": "CERRO VERTERO", "feature_type": "mountain", "group": "terrain", "feature_class": "Summit", "municipality": "Lajas"}}, {"type": "Feature", "geometry": {"type": "Point", "coordinates": [-66.21126, 18.17547]}, "properties": {"canonical_id": "place_mountain_cerro_viento_caliente", "gnis_id": "1610075", "canonical_name": "Cerro Viento Caliente", "normalized_name": "CERRO VIENTO CALIENTE", "feature_type": "mountain", "group": "terrain", "feature_class": "Summit", "municipality": "Cidra"}}, {"type": "Feature", "geometry": {"type": "Point", "coordinates": [-67.179585, 18.376929]}, "properties": {"canonical_id": "place_mountain_cerro_vieques", "gnis_id": "1610076", "canonical_name": "Cerro Vieques", "normalized_name": "CERRO VIEQUES", "feature_type": "mountain", "group": "terrain", "feature_class": "Summit", "municipality": "Aguada"}}, {"type": "Feature", "geometry": {"type": "Point", "coordinates": [-67.141058, 18.459501]}, "properties": {"canonical_id": "place_mountain_cerro_vigia_1", "gnis_id": "1610077", "canonical_name": "Cerro Vigía", "normalized_name": "CERRO VIGIA", "feature_type": "mountain", "group": "terrain", "feature_class": "Summit", "municipality": "Aguadilla"}}, {"type": "Feature", "geometry": {"type": "Point", "coordinates": [-67.225737, 18.303137]}, "properties": {"canonical_id": "place_mountain_cerro_vigia_2", "gnis_id": "1610078", "canonical_name": "Cerro Vigía", "normalized_name": "CERRO VIGIA", "feature_type": "mountain", "group": "terrain", "feature_class": "Summit", "municipality": "Rincón"}}, {"type": "Feature", "geometry": {"type": "Point", "coordinates": [-66.513229, 18.258007]}, "properties": {"canonical_id": "place_mountain_cerro_vista_alegre", "gnis_id": "1610079", "canonical_name": "Cerro Vista Alegre", "normalized_name": "CERRO VISTA ALEGRE", "feature_type": "mountain", "group": "terrain", "feature_class": "Summit", "municipality": "Ciales"}}, {"type": "Feature", "geometry": {"type": "Point", "coordinates": [-65.928113, 18.146894]}, "properties": {"canonical_id": "place_mountain_cerro_viviana", "gnis_id": "1610080", "canonical_name": "Cerro Viviana", "normalized_name": "CERRO VIVIANA", "feature_type": "mountain", "group": "terrain", "feature_class": "Summit", "municipality": "San Lorenzo"}}, {"type": "Feature", "geometry": {"type": "Point", "coordinates": [-67.022231, 18.298397]}, "properties": {"canonical_id": "place_mountain_cerro_yaitini", "gnis_id": "1610081", "canonical_name": "Cerro Yaitini", "normalized_name": "CERRO YAITINI", "feature_type": "mountain", "group": "terrain", "feature_class": "Summit", "municipality": "San Sebastián"}}, {"type": "Feature", "geometry": {"type": "Point", "coordinates": [-66.052943, 18.038058]}, "properties": {"canonical_id": "place_mountain_cerro_yaurel", "gnis_id": "1610082", "canonical_name": "Cerro Yaurel", "normalized_name": "CERRO YAUREL", "feature_type": "mountain", "group": "terrain", "feature_class": "Summit", "municipality": "Patillas"}}, {"type": "Feature", "geometry": {"type": "Point", "coordinates": [-66.87896, 18.186919]}, "properties": {"canonical_id": "place_mountain_cerro_de_las_mulas", "gnis_id": "1609902", "canonical_name": "Cerro de Las Mulas", "normalized_name": "CERRO DE LAS MULAS", "feature_type": "mountain", "group": "terrain", "feature_class": "Summit", "municipality": "Maricao"}}, {"type": "Feature", "geometry": {"type": "Point", "coordinates": [-65.332606, 18.307604]}, "properties": {"canonical_id": "place_mountain_cerro_de_luis_pena", "gnis_id": "1612971", "canonical_name": "Cerro de Luis Pena", "normalized_name": "CERRO DE LUIS PENA", "feature_type": "mountain", "group": "terrain", "feature_class": "Summit", "municipality": "Culebra"}}, {"type": "Feature", "geometry": {"type": "Point", "coordinates": [-66.022645, 18.102953]}, "properties": {"canonical_id": "place_mountain_cerro_de_nuestra_madre", "gnis_id": "1609904", "canonical_name": "Cerro de Nuestra Madre", "normalized_name": "CERRO DE NUESTRA MADRE", "feature_type": "mountain", "group": "terrain", "feature_class": "Summit", "municipality": "Patillas"}}, {"type": "Feature", "geometry": {"type": "Point", "coordinates": [-66.591686, 18.172281]}, "properties": {"canonical_id": "place_mountain_cerro_de_punta", "gnis_id": "1609905", "canonical_name": "Cerro de Punta", "normalized_name": "CERRO DE PUNTA", "feature_type": "mountain", "group": "terrain", "feature_class": "Summit", "municipality": "Jayuya"}}, {"type": "Feature", "geometry": {"type": "Point", "coordinates": [-66.154387, 18.314411]}, "properties": {"canonical_id": "place_mountain_cerro_de_vergara", "gnis_id": "1609906", "canonical_name": "Cerro de Vergara", "normalized_name": "CERRO DE VERGARA", "feature_type": "mountain", "group": "terrain", "feature_class": "Summit", "municipality": "Bayamón"}}, {"type": "Feature", "geometry": {"type": "Point", "coordinates": [-66.463289, 18.371735]}, "properties": {"canonical_id": "place_mountain_cerro_de_la_bandera_1", "gnis_id": "1609889", "canonical_name": "Cerro de la Bandera", "normalized_name": "CERRO DE LA BANDERA", "feature_type": "mountain", "group": "terrain", "feature_class": "Summit", "municipality": "Manatí"}}, {"type": "Feature", "geometry": {"type": "Point", "coordinates": [-66.98332, 18.3976]}, "properties": {"canonical_id": "place_mountain_cerro_de_la_bandera_2", "gnis_id": "1609890", "canonical_name": "Cerro de la Bandera", "normalized_name": "CERRO DE LA BANDERA", "feature_type": "mountain", "group": "terrain", "feature_class": "Summit", "municipality": "Isabela"}}, {"type": "Feature", "geometry": {"type": "Point", "coordinates": [-67.019625, 18.147361]}, "properties": {"canonical_id": "place_mountain_cerro_de_la_candelaria", "gnis_id": "1609891", "canonical_name": "Cerro de la Candelaria", "normalized_name": "CERRO DE LA CANDELARIA", "feature_type": "mountain", "group": "terrain", "feature_class": "Summit", "municipality": "San Germán"}}, {"type": "Feature", "geometry": {"type": "Point", "coordinates": [-66.125105, 18.051607]}, "properties": {"canonical_id": "place_mountain_cerro_de_la_tabla", "gnis_id": "1609892", "canonical_name": "Cerro de la Tabla", "normalized_name": "CERRO DE LA TABLA", "feature_type": "mountain", "group": "terrain", "feature_class": "Summit", "municipality": "Guayama"}}, {"type": "Feature", "geometry": {"type": "Point", "coordinates": [-65.973093, 18.017557]}, "properties": {"canonical_id": "place_mountain_cerro_de_las_avispas_1", "gnis_id": "1609893", "canonical_name": "Cerro de las Avispas", "normalized_name": "CERRO DE LAS AVISPAS", "feature_type": "mountain", "group": "terrain", "feature_class": "Summit", "municipality": "Patillas"}}, {"type": "Feature", "geometry": {"type": "Point", "coordinates": [-66.806076, 18.095019]}, "properties": {"canonical_id": "place_mountain_cerro_de_las_avispas_2", "gnis_id": "1609894", "canonical_name": "Cerro de las Avispas", "normalized_name": "CERRO DE LAS AVISPAS", "feature_type": "mountain", "group": "terrain", "feature_class": "Summit", "municipality": "Guayanilla"}}, {"type": "Feature", "geometry": {"type": "Point", "coordinates": [-67.018333, 18.054489]}, "properties": {"canonical_id": "place_mountain_cerro_de_las_cuevas_1", "gnis_id": "1609895", "canonical_name": "Cerro de las Cuevas", "normalized_name": "CERRO DE LAS CUEVAS", "feature_type": "mountain", "group": "terrain", "feature_class": "Summit", "municipality": "Lajas"}}, {"type": "Feature", "geometry": {"type": "Point", "coordinates": [-66.465325, 18.085196]}, "properties": {"canonical_id": "place_mountain_cerro_de_las_cuevas_2", "gnis_id": "1609896", "canonical_name": "Cerro de las Cuevas", "normalized_name": "CERRO DE LAS CUEVAS", "feature_type": "mountain", "group": "terrain", "feature_class": "Summit", "municipality": "Villalba"}}, {"type": "Feature", "geometry": {"type": "Point", "coordinates": [-66.355902, 18.026919]}, "properties": {"canonical_id": "place_mountain_cerro_de_las_cuevas_3", "gnis_id": "1609901", "canonical_name": "Cerro de las Cuevas", "normalized_name": "CERRO DE LAS CUEVAS", "feature_type": "mountain", "group": "terrain", "feature_class": "Summit", "municipality": "Santa Isabel"}}, {"type": "Feature", "geometry": {"type": "Point", "coordinates": [-67.049624, 18.317407]}, "properties": {"canonical_id": "place_mountain_cerro_de_las_velas", "gnis_id": "1609897", "canonical_name": "Cerro de las Velas", "normalized_name": "CERRO DE LAS VELAS", "feature_type": "mountain", "group": "terrain", "feature_class": "Summit", "municipality": "Moca"}}, {"type": "Feature", "geometry": {"type": "Point", "coordinates": [-66.957893, 18.052852]}, "properties": {"canonical_id": "place_mountain_cerro_de_los_bonelli", "gnis_id": "1609898", "canonical_name": "Cerro de los Bonelli", "normalized_name": "CERRO DE LOS BONELLI", "feature_type": "mountain", "group": "terrain", "feature_class": "Summit", "municipality": "Sabana Grande"}}, {"type": "Feature", "geometry": {"type": "Point", "coordinates": [-66.225403, 18.054601]}, "properties": {"canonical_id": "place_mountain_cerro_de_los_cielos", "gnis_id": "1609899", "canonical_name": "Cerro de los Cielos", "normalized_name": "CERRO DE LOS CIELOS", "feature_type": "mountain", "group": "terrain", "feature_class": "Summit", "municipality": "Salinas"}}, {"type": "Feature", "geometry": {"type": "Point", "coordinates": [-66.007963, 18.073122]}, "properties": {"canonical_id": "place_mountain_cerro_del_cabro", "gnis_id": "1609907", "canonical_name": "Cerro del Cabro", "normalized_name": "CERRO DEL CABRO", "feature_type": "mountain", "group": "terrain", "feature_class": "Summit", "municipality": "Yabucoa"}}, {"type": "Feature", "geometry": {"type": "Point", "coordinates": [-66.130552, 18.276658]}, "properties": {"canonical_id": "place_mountain_cerro_del_chicharo", "gnis_id": "1609908", "canonical_name": "Cerro del Chícharo", "normalized_name": "CERRO DEL CHICHARO", "feature_type": "mountain", "group": "terrain", "feature_class": "Summit", "municipality": "Aguas Buenas"}}, {"type": "Feature", "geometry": {"type": "Point", "coordinates": [-66.63479, 18.103373]}, "properties": {"canonical_id": "place_mountain_cerro_del_diablo", "gnis_id": "1609909", "canonical_name": "Cerro del Diablo", "normalized_name": "CERRO DEL DIABLO", "feature_type": "mountain", "group": "terrain", "feature_class": "Summit", "municipality": "Ponce"}}, {"type": "Feature", "geometry": {"type": "Point", "coordinates": [-66.409058, 18.411036]}, "properties": {"canonical_id": "place_mountain_cerro_del_faro", "gnis_id": "1609910", "canonical_name": "Cerro del Faro", "normalized_name": "CERRO DEL FARO", "feature_type": "mountain", "group": "terrain", "feature_class": "Summit", "municipality": "Vega Baja"}}, {"type": "Feature", "geometry": {"type": "Point", "coordinates": [-66.967658, 18.385128]}, "properties": {"canonical_id": "place_mountain_cerro_del_indio", "gnis_id": "1609911", "canonical_name": "Cerro del Indio", "normalized_name": "CERRO DEL INDIO", "feature_type": "mountain", "group": "terrain", "feature_class": "Summit", "municipality": "Isabela"}}, {"type": "Feature", "geometry": {"type": "Point", "coordinates": [-66.405001, 18.008377]}, "properties": {"canonical_id": "place_mountain_cerro_del_muerto_1", "gnis_id": "1609912", "canonical_name": "Cerro del Muerto", "normalized_name": "CERRO DEL MUERTO", "feature_type": "mountain", "group": "terrain", "feature_class": "Summit", "municipality": "Santa Isabel"}}, {"type": "Feature", "geometry": {"type": "Point", "coordinates": [-65.393015, 18.156033]}, "properties": {"canonical_id": "place_mountain_cerro_del_muerto_2", "gnis_id": "1612892", "canonical_name": "Cerro del Muerto", "normalized_name": "CERRO DEL MUERTO", "feature_type": "mountain", "group": "terrain", "feature_class": "Summit", "municipality": "Vieques"}}, {"type": "Feature", "geometry": {"type": "Point", "coordinates": [-66.620046, 18.021372]}, "properties": {"canonical_id": "place_mountain_cerro_el_vigia", "gnis_id": "1990933", "canonical_name": "Cerro el Vigía", "normalized_name": "CERRO EL VIGIA", "feature_type": "mountain", "group": "terrain", "feature_class": "Summit", "municipality": "Ponce"}}, {"type": "Feature", "geometry": {"type": "Point", "coordinates": [-65.797514, 18.220334]}, "properties": {"canonical_id": "place_mountain_cerro_la_cuchilla", "gnis_id": "1609913", "canonical_name": "Cerro la Cuchilla", "normalized_name": "CERRO LA CUCHILLA", "feature_type": "mountain", "group": "terrain", "feature_class": "Summit", "municipality": "Naguabo"}}, {"type": "Feature", "geometry": {"type": "Point", "coordinates": [-66.276127, 18.44167]}, "properties": {"canonical_id": "place_mountain_cerros_de_higuillar", "gnis_id": "1610083", "canonical_name": "Cerros de Higuillar", "normalized_name": "CERROS DE HIGUILLAR", "feature_type": "mountain", "group": "terrain", "feature_class": "Summit", "municipality": "Dorado"}}, {"type": "Feature", "geometry": {"type": "Point", "coordinates": [-66.700561, 18.119247]}, "properties": {"canonical_id": "place_mountain_cerrote_de_penuelas", "gnis_id": "1610085", "canonical_name": "Cerrote de Peñuelas", "normalized_name": "CERROTE DE PENUELAS", "feature_type": "mountain", "group": "terrain", "feature_class": "Summit", "municipality": "Peñuelas"}}, {"type": "Feature", "geometry": {"type": "Point", "coordinates": [-67.0455, 18.315042]}, "properties": {"canonical_id": "place_mountain_cuesta_de_la_yuca", "gnis_id": "1610191", "canonical_name": "Cuesta de la Yuca", "normalized_name": "CUESTA DE LA YUCA", "feature_type": "mountain", "group": "terrain", "feature_class": "Summit", "municipality": "San Sebastián"}}, {"type": "Feature", "geometry": {"type": "Point", "coordinates": [-66.331106, 18.480438]}, "properties": {"canonical_id": "place_mountain_el_alto_de_brenas", "gnis_id": "1613084", "canonical_name": "El Alto de Breñas", "normalized_name": "EL ALTO DE BRENAS", "feature_type": "mountain", "group": "terrain", "feature_class": "Summit", "municipality": "Vega Alta"}}, {"type": "Feature", "geometry": {"type": "Point", "coordinates": [-65.821404, 18.28926]}, "properties": {"canonical_id": "place_mountain_el_cacique", "gnis_id": "1610219", "canonical_name": "El Cacique", "normalized_name": "EL CACIQUE", "feature_type": "mountain", "group": "terrain", "feature_class": "Summit", "municipality": "Río Grande"}}, {"type": "Feature", "geometry": {"type": "Point", "coordinates": [-66.95597, 18.450444]}, "properties": {"canonical_id": "place_mountain_el_centro", "gnis_id": "1610221", "canonical_name": "El Centro", "normalized_name": "EL CENTRO", "feature_type": "mountain", "group": "terrain", "feature_class": "Summit", "municipality": "Quebradillas"}}, {"type": "Feature", "geometry": {"type": "Point", "coordinates": [-67.030992, 18.157062]}, "properties": {"canonical_id": "place_mountain_el_cerro_avispa", "gnis_id": "1610223", "canonical_name": "El Cerro Avispa", "normalized_name": "EL CERRO AVISPA", "feature_type": "mountain", "group": "terrain", "feature_class": "Summit", "municipality": "San Germán"}}, {"type": "Feature", "geometry": {"type": "Point", "coordinates": [-66.9688, 18.12271]}, "properties": {"canonical_id": "place_mountain_el_comejen", "gnis_id": "1610230", "canonical_name": "El Comején", "normalized_name": "EL COMEJEN", "feature_type": "mountain", "group": "terrain", "feature_class": "Summit", "municipality": "Sabana Grande"}}, {"type": "Feature", "geometry": {"type": "Point", "coordinates": [-66.178439, 18.423698]}, "properties": {"canonical_id": "place_mountain_el_horno", "gnis_id": "1610239", "canonical_name": "El Horno", "normalized_name": "EL HORNO", "feature_type": "mountain", "group": "terrain", "feature_class": "Summit", "municipality": "Toa Baja"}}, {"type": "Feature", "geometry": {"type": "Point", "coordinates": [-65.767293, 18.144783]}, "properties": {"canonical_id": "place_mountain_el_morrillo", "gnis_id": "1610245", "canonical_name": "El Morrillo", "normalized_name": "EL MORRILLO", "feature_type": "mountain", "group": "terrain", "feature_class": "Summit", "municipality": "Humacao"}}, {"type": "Feature", "geometry": {"type": "Point", "coordinates": [-65.848028, 18.270642]}, "properties": {"canonical_id": "place_mountain_el_negro", "gnis_id": "1610248", "canonical_name": "El Negro", "normalized_name": "EL NEGRO", "feature_type": "mountain", "group": "terrain", "feature_class": "Summit", "municipality": "Canóvanas"}}, {"type": "Feature", "geometry": {"type": "Point", "coordinates": [-66.940286, 17.988811]}, "properties": {"canonical_id": "place_mountain_el_penon", "gnis_id": "1610251", "canonical_name": "El Peñon", "normalized_name": "EL PENON", "feature_type": "mountain", "group": "terrain", "feature_class": "Summit", "municipality": "Guánica"}}, {"type": "Feature", "geometry": {"type": "Point", "coordinates": [-66.155125, 18.082643]}, "properties": {"canonical_id": "place_mountain_el_torito", "gnis_id": "1610266", "canonical_name": "El Torito", "normalized_name": "EL TORITO", "feature_type": "mountain", "group": "terrain", "feature_class": "Summit", "municipality": "Cayey"}}, {"type": "Feature", "geometry": {"type": "Point", "coordinates": [-65.829246, 18.272113]}, "properties": {"canonical_id": "place_mountain_el_toro", "gnis_id": "1610267", "canonical_name": "El Toro", "normalized_name": "EL TORO", "feature_type": "mountain", "group": "terrain", "feature_class": "Summit", "municipality": "Las Piedras"}}, {"type": "Feature", "geometry": {"type": "Point", "coordinates": [-65.791276, 18.310485]}, "properties": {"canonical_id": "place_mountain_el_yunque", "gnis_id": "1610273", "canonical_name": "El Yunque", "normalized_name": "EL YUNQUE", "feature_type": "mountain", "group": "terrain", "feature_class": "Summit", "municipality": "Río Grande"}}, {"type": "Feature", "geometry": {"type": "Point", "coordinates": [-67.111164, 18.290871]}, "properties": {"canonical_id": "place_mountain_la_curena", "gnis_id": "1613135", "canonical_name": "La Curena", "normalized_name": "LA CURENA", "feature_type": "mountain", "group": "terrain", "feature_class": "Summit", "municipality": "Añasco"}}, {"type": "Feature", "geometry": {"type": "Point", "coordinates": [-66.559896, 18.114729]}, "properties": {"canonical_id": "place_mountain_la_mesa", "gnis_id": "1611265", "canonical_name": "La Mesa", "normalized_name": "LA MESA", "feature_type": "mountain", "group": "terrain", "feature_class": "Summit", "municipality": "Ponce"}}, {"type": "Feature", "geometry": {"type": "Point", "coordinates": [-65.812217, 18.260793]}, "properties": {"canonical_id": "place_mountain_la_mina", "gnis_id": "1611267", "canonical_name": "La Mina", "normalized_name": "LA MINA", "feature_type": "mountain", "group": "terrain", "feature_class": "Summit", "municipality": "Naguabo"}}, {"type": "Feature", "geometry": {"type": "Point", "coordinates": [-65.869374, 18.30644]}, "properties": {"canonical_id": "place_mountain_la_peregrina", "gnis_id": "1611271", "canonical_name": "La Peregrina", "normalized_name": "LA PEREGRINA", "feature_type": "mountain", "group": "terrain", "feature_class": "Summit", "municipality": "Canóvanas"}}, {"type": "Feature", "geometry": {"type": "Point", "coordinates": [-66.21818, 18.119639]}, "properties": {"canonical_id": "place_mountain_la_piedra", "gnis_id": "1611275", "canonical_name": "La Piedra", "normalized_name": "LA PIEDRA", "feature_type": "mountain", "group": "terrain", "feature_class": "Summit", "municipality": "Cayey"}}, {"type": "Feature", "geometry": {"type": "Point", "coordinates": [-65.987622, 18.304393]}, "properties": {"canonical_id": "place_mountain_la_silla", "gnis_id": "1611287", "canonical_name": "La Silla", "normalized_name": "LA SILLA", "feature_type": "mountain", "group": "terrain", "feature_class": "Summit", "municipality": "Gurabo"}}, {"type": "Feature", "geometry": {"type": "Point", "coordinates": [-66.332534, 18.201356]}, "properties": {"canonical_id": "place_mountain_la_torrecilla_1", "gnis_id": "1611292", "canonical_name": "La Torrecilla", "normalized_name": "LA TORRECILLA", "feature_type": "mountain", "group": "terrain", "feature_class": "Summit", "municipality": "Barranquitas"}}, {"type": "Feature", "geometry": {"type": "Point", "coordinates": [-66.858038, 18.238265]}, "properties": {"canonical_id": "place_mountain_la_torrecilla_2", "gnis_id": "1611293", "canonical_name": "La Torrecilla", "normalized_name": "LA TORRECILLA", "feature_type": "mountain", "group": "terrain", "feature_class": "Summit", "municipality": "Lares"}}, {"type": "Feature", "geometry": {"type": "Point", "coordinates": [-66.824879, 18.047922]}, "properties": {"canonical_id": "place_mountain_las_cruces", "gnis_id": "1611364", "canonical_name": "Las Cruces", "normalized_name": "LAS CRUCES", "feature_type": "mountain", "group": "terrain", "feature_class": "Summit", "municipality": "Yauco"}}, {"type": "Feature", "geometry": {"type": "Point", "coordinates": [-67.087631, 18.175899]}, "properties": {"canonical_id": "place_mountain_las_mesas", "gnis_id": "1611382", "canonical_name": "Las Mesas", "normalized_name": "LAS MESAS", "feature_type": "mountain", "group": "terrain", "feature_class": "Summit", "municipality": "Mayagüez"}}, {"type": "Feature", "geometry": {"type": "Point", "coordinates": [-66.23128, 18.093292]}, "properties": {"canonical_id": "place_mountain_las_tetas", "gnis_id": "1611394", "canonical_name": "Las Tetas", "normalized_name": "LAS TETAS", "feature_type": "mountain", "group": "terrain", "feature_class": "Summit", "municipality": "Salinas"}}, {"type": "Feature", "geometry": {"type": "Point", "coordinates": [-66.550695, 18.220298]}, "properties": {"canonical_id": "place_mountain_las_tres_palmas", "gnis_id": "1611396", "canonical_name": "Las Tres Palmas", "normalized_name": "LAS TRES PALMAS", "feature_type": "mountain", "group": "terrain", "feature_class": "Summit", "municipality": "Jayuya"}}, {"type": "Feature", "geometry": {"type": "Point", "coordinates": [-66.612333, 18.372324]}, "properties": {"canonical_id": "place_mountain_loma_correa", "gnis_id": "1611417", "canonical_name": "Loma Correa", "normalized_name": "LOMA CORREA", "feature_type": "mountain", "group": "terrain", "feature_class": "Summit", "municipality": "Arecibo"}}, {"type": "Feature", "geometry": {"type": "Point", "coordinates": [-66.411263, 18.110791]}, "properties": {"canonical_id": "place_mountain_loma_pelagatos", "gnis_id": "1611418", "canonical_name": "Loma Pelagatos", "normalized_name": "LOMA PELAGATOS", "feature_type": "mountain", "group": "terrain", "feature_class": "Summit", "municipality": "Coamo"}}, {"type": "Feature", "geometry": {"type": "Point", "coordinates": [-66.956012, 18.122281]}, "properties": {"canonical_id": "place_mountain_loma_de_la_caridad_picnel", "gnis_id": "1611415", "canonical_name": "Loma de la Caridad Picnel", "normalized_name": "LOMA DE LA CARIDAD PICNEL", "feature_type": "mountain", "group": "terrain", "feature_class": "Summit", "municipality": "Sabana Grande"}}, {"type": "Feature", "geometry": {"type": "Point", "coordinates": [-66.568039, 18.273088]}, "properties": {"canonical_id": "place_mountain_loma_de_la_zarza", "gnis_id": "1611416", "canonical_name": "Loma de la Zarza", "normalized_name": "LOMA DE LA ZARZA", "feature_type": "mountain", "group": "terrain", "feature_class": "Summit", "municipality": "Jayuya"}}, {"type": "Feature", "geometry": {"type": "Point", "coordinates": [-67.051035, 18.090113]}, "properties": {"canonical_id": "place_mountain_lomas_de_santa_marta", "gnis_id": "1611419", "canonical_name": "Lomas de Santa Marta", "normalized_name": "LOMAS DE SANTA MARTA", "feature_type": "mountain", "group": "terrain", "feature_class": "Summit", "municipality": "San Germán"}}, {"type": "Feature", "geometry": {"type": "Point", "coordinates": [-66.876968, 17.981865]}, "properties": {"canonical_id": "place_mountain_lomas_de_seboruco", "gnis_id": "1611420", "canonical_name": "Lomas de Seboruco", "normalized_name": "LOMAS DE SEBORUCO", "feature_type": "mountain", "group": "terrain", "feature_class": "Summit", "municipality": "Guánica"}}, {"type": "Feature", "geometry": {"type": "Point", "coordinates": [-66.961568, 18.12119]}, "properties": {"canonical_id": "place_mountain_los_barros", "gnis_id": "1611423", "canonical_name": "Los Barros", "normalized_name": "LOS BARROS", "feature_type": "mountain", "group": "terrain", "feature_class": "Summit", "municipality": "Sabana Grande"}}, {"type": "Feature", "geometry": {"type": "Point", "coordinates": [-67.179831, 18.386517]}, "properties": {"canonical_id": "place_mountain_los_cerros_cusualidad", "gnis_id": "1613150", "canonical_name": "Los Cerros Cusualidad", "normalized_name": "LOS CERROS CUSUALIDAD", "feature_type": "mountain", "group": "terrain", "feature_class": "Summit", "municipality": "Aguada"}}, {"type": "Feature", "geometry": {"type": "Point", "coordinates": [-67.127342, 18.409004]}, "properties": {"canonical_id": "place_mountain_los_cerros_vinet", "gnis_id": "1611426", "canonical_name": "Los Cerros Viñet", "normalized_name": "LOS CERROS VINET", "feature_type": "mountain", "group": "terrain", "feature_class": "Summit", "municipality": "Aguadilla"}}, {"type": "Feature", "geometry": {"type": "Point", "coordinates": [-65.99566, 18.386075]}, "properties": {"canonical_id": "place_mountain_los_cerros_del_comandante", "gnis_id": "1613149", "canonical_name": "Los Cerros del Comandante", "normalized_name": "LOS CERROS DEL COMANDANTE", "feature_type": "mountain", "group": "terrain", "feature_class": "Summit", "municipality": "Carolina"}}, {"type": "Feature", "geometry": {"type": "Point", "coordinates": [-67.06766, 18.15196]}, "properties": {"canonical_id": "place_mountain_los_penones", "gnis_id": "1611440", "canonical_name": "Los Penones", "normalized_name": "LOS PENONES", "feature_type": "mountain", "group": "terrain", "feature_class": "Summit", "municipality": "San Germán"}}, {"type": "Feature", "geometry": {"type": "Point", "coordinates": [-65.787077, 18.309225]}, "properties": {"canonical_id": "place_mountain_los_picachos", "gnis_id": "1611442", "canonical_name": "Los Picachos", "normalized_name": "LOS PICACHOS", "feature_type": "mountain", "group": "terrain", "feature_class": "Summit", "municipality": "Río Grande"}}, {"type": "Feature", "geometry": {"type": "Point", "coordinates": [-66.541199, 18.214696]}, "properties": {"canonical_id": "place_mountain_los_tres_picachos", "gnis_id": "1611447", "canonical_name": "Los Tres Picachos", "normalized_name": "LOS TRES PICACHOS", "feature_type": "mountain", "group": "terrain", "feature_class": "Summit", "municipality": "Ciales"}}, {"type": "Feature", "geometry": {"type": "Point", "coordinates": [-65.793263, 18.301008]}, "properties": {"canonical_id": "place_mountain_monte_britton", "gnis_id": "1609646", "canonical_name": "Monte Britton", "normalized_name": "MONTE BRITTON", "feature_type": "mountain", "group": "terrain", "feature_class": "Summit", "municipality": "Río Grande"}}, {"type": "Feature", "geometry": {"type": "Point", "coordinates": [-67.041224, 18.416408]}, "properties": {"canonical_id": "place_mountain_monte_encantado", "gnis_id": "1611531", "canonical_name": "Monte Encantado", "normalized_name": "MONTE ENCANTADO", "feature_type": "mountain", "group": "terrain", "feature_class": "Summit", "municipality": "Moca"}}, {"type": "Feature", "geometry": {"type": "Point", "coordinates": [-66.500857, 18.030618]}, "properties": {"canonical_id": "place_mountain_monte_figueroa", "gnis_id": "1611532", "canonical_name": "Monte Figueroa", "normalized_name": "MONTE FIGUEROA", "feature_type": "mountain", "group": "terrain", "feature_class": "Summit", "municipality": "Juana Díaz"}}, {"type": "Feature", "geometry": {"type": "Point", "coordinates": [-67.094646, 18.075473]}, "properties": {"canonical_id": "place_mountain_monte_grande", "gnis_id": "1611535", "canonical_name": "Monte Grande", "normalized_name": "MONTE GRANDE", "feature_type": "mountain", "group": "terrain", "feature_class": "Summit", "municipality": "San Germán"}}, {"type": "Feature", "geometry": {"type": "Point", "coordinates": [-66.76898, 18.141562]}, "properties": {"canonical_id": "place_mountain_monte_guilarte", "gnis_id": "1611536", "canonical_name": "Monte Guilarte", "normalized_name": "MONTE GUILARTE", "feature_type": "mountain", "group": "terrain", "feature_class": "Summit", "municipality": "Adjuntas"}}, {"type": "Feature", "geometry": {"type": "Point", "coordinates": [-66.74211, 18.212179]}, "properties": {"canonical_id": "place_mountain_monte_hormiga", "gnis_id": "1613152", "canonical_name": "Monte Hormiga", "normalized_name": "MONTE HORMIGA", "feature_type": "mountain", "group": "terrain", "feature_class": "Summit", "municipality": "Adjuntas"}}, {"type": "Feature", "geometry": {"type": "Point", "coordinates": [-66.886075, 18.462607]}, "properties": {"canonical_id": "place_mountain_monte_iguina", "gnis_id": "1611537", "canonical_name": "Monte Iguina", "normalized_name": "MONTE IGUINA", "feature_type": "mountain", "group": "terrain", "feature_class": "Summit", "municipality": "Camuy"}}, {"type": "Feature", "geometry": {"type": "Point", "coordinates": [-66.574704, 18.16808]}, "properties": {"canonical_id": "place_mountain_monte_jayuya", "gnis_id": "1611538", "canonical_name": "Monte Jayuya", "normalized_name": "MONTE JAYUYA", "feature_type": "mountain", "group": "terrain", "feature_class": "Summit", "municipality": "Ponce"}}, {"type": "Feature", "geometry": {"type": "Point", "coordinates": [-66.925348, 17.953224]}, "properties": {"canonical_id": "place_mountain_monte_las_pardas", "gnis_id": "1611539", "canonical_name": "Monte Las Pardas", "normalized_name": "MONTE LAS PARDAS", "feature_type": "mountain", "group": "terrain", "feature_class": "Summit", "municipality": "Guánica"}}, {"type": "Feature", "geometry": {"type": "Point", "coordinates": [-67.063579, 18.399429]}, "properties": {"canonical_id": "place_mountain_monte_mariquilla", "gnis_id": "1611541", "canonical_name": "Monte Mariquilla", "normalized_name": "MONTE MARIQUILLA", "feature_type": "mountain", "group": "terrain", "feature_class": "Summit", "municipality": "Moca"}}, {"type": "Feature", "geometry": {"type": "Point", "coordinates": [-66.652569, 18.098855]}, "properties": {"canonical_id": "place_mountain_monte_marqueno", "gnis_id": "1611542", "canonical_name": "Monte Marqueno", "normalized_name": "MONTE MARQUENO", "feature_type": "mountain", "group": "terrain", "feature_class": "Summit", "municipality": "Ponce"}}, {"type": "Feature", "geometry": {"type": "Point", "coordinates": [-66.83443, 18.156046]}, "properties": {"canonical_id": "place_mountain_monte_membrillo", "gnis_id": "1611543", "canonical_name": "Monte Membrillo", "normalized_name": "MONTE MEMBRILLO", "feature_type": "mountain", "group": "terrain", "feature_class": "Summit", "municipality": "Yauco"}}, {"type": "Feature", "geometry": {"type": "Point", "coordinates": [-66.972145, 18.109442]}, "properties": {"canonical_id": "place_mountain_monte_palmero", "gnis_id": "1611544", "canonical_name": "Monte Palmero", "normalized_name": "MONTE PALMERO", "feature_type": "mountain", "group": "terrain", "feature_class": "Summit", "municipality": "Sabana Grande"}}, {"type": "Feature", "geometry": {"type": "Point", "coordinates": [-65.551272, 18.093139]}, "properties": {"canonical_id": "place_mountain_monte_pirata", "gnis_id": "1612924", "canonical_name": "Monte Pirata", "normalized_name": "MONTE PIRATA", "feature_type": "mountain", "group": "terrain", "feature_class": "Summit", "municipality": "Vieques"}}, {"type": "Feature", "geometry": {"type": "Point", "coordinates": [-65.290244, 18.323355]}, "properties": {"canonical_id": "place_mountain_monte_resaca", "gnis_id": "1611545", "canonical_name": "Monte Resaca", "normalized_name": "MONTE RESACA", "feature_type": "mountain", "group": "terrain", "feature_class": "Summit", "municipality": "Culebra"}}, {"type": "Feature", "geometry": {"type": "Point", "coordinates": [-66.145319, 18.405223]}, "properties": {"canonical_id": "place_mountain_monte_de_santa_ana", "gnis_id": "1611527", "canonical_name": "Monte de Santa Ana", "normalized_name": "MONTE DE SANTA ANA", "feature_type": "mountain", "group": "terrain", "feature_class": "Summit", "municipality": "Bayamón"}}, {"type": "Feature", "geometry": {"type": "Point", "coordinates": [-66.93661, 17.938637]}, "properties": {"canonical_id": "place_mountain_monte_de_la_brea", "gnis_id": "1611525", "canonical_name": "Monte de la Brea", "normalized_name": "MONTE DE LA BREA", "feature_type": "mountain", "group": "terrain", "feature_class": "Summit", "municipality": "Guánica"}}, {"type": "Feature", "geometry": {"type": "Point", "coordinates": [-66.954367, 18.450979]}, "properties": {"canonical_id": "place_mountain_monte_de_la_luz", "gnis_id": "1611526", "canonical_name": "Monte de la Luz", "normalized_name": "MONTE DE LA LUZ", "feature_type": "mountain", "group": "terrain", "feature_class": "Summit", "municipality": "Quebradillas"}}, {"type": "Feature", "geometry": {"type": "Point", "coordinates": [-66.180233, 18.08437]}, "properties": {"canonical_id": "place_mountain_monte_el_gato", "gnis_id": "1611529", "canonical_name": "Monte el Gato", "normalized_name": "MONTE EL GATO", "feature_type": "mountain", "group": "terrain", "feature_class": "Summit", "municipality": "Cayey"}}, {"type": "Feature", "geometry": {"type": "Point", "coordinates": [-67.085295, 18.406372]}, "properties": {"canonical_id": "place_mountain_monte_el_ojo", "gnis_id": "1611530", "canonical_name": "Monte el Ojo", "normalized_name": "MONTE EL OJO", "feature_type": "mountain", "group": "terrain", "feature_class": "Summit", "municipality": "Moca"}}, {"type": "Feature", "geometry": {"type": "Point", "coordinates": [-66.430695, 18.144804]}, "properties": {"canonical_id": "place_mountain_montes_la_toyosa", "gnis_id": "1611552", "canonical_name": "Montes La Toyosa", "normalized_name": "MONTES LA TOYOSA", "feature_type": "mountain", "group": "terrain", "feature_class": "Summit", "municipality": "Villalba"}}, {"type": "Feature", "geometry": {"type": "Point", "coordinates": [-66.107667, 18.418426]}, "properties": {"canonical_id": "place_mountain_montes_de_caneja", "gnis_id": "1613151", "canonical_name": "Montes de Caneja", "normalized_name": "MONTES DE CANEJA", "feature_type": "mountain", "group": "terrain", "feature_class": "Summit", "municipality": "Guaynabo"}}, {"type": "Feature", "geometry": {"type": "Point", "coordinates": [-66.031572, 18.377832]}, "properties": {"canonical_id": "place_mountain_montes_de_hatillo", "gnis_id": "1611551", "canonical_name": "Montes de Hatillo", "normalized_name": "MONTES DE HATILLO", "feature_type": "mountain", "group": "terrain", "feature_class": "Summit", "municipality": "San Juan"}}, {"type": "Feature", "geometry": {"type": "Point", "coordinates": [-66.093671, 18.411727]}, "properties": {"canonical_id": "place_mountain_montes_de_san_patricio", "gnis_id": "1611550", "canonical_name": "Montes de San Patricio", "normalized_name": "MONTES DE SAN PATRICIO", "feature_type": "mountain", "group": "terrain", "feature_class": "Summit", "municipality": "San Juan"}}, {"type": "Feature", "geometry": {"type": "Point", "coordinates": [-65.78155, 18.114685]}, "properties": {"canonical_id": "place_mountain_morro_de_humacao", "gnis_id": "1992922", "canonical_name": "Morro de Humacao", "normalized_name": "MORRO DE HUMACAO", "feature_type": "mountain", "group": "terrain", "feature_class": "Summit", "municipality": "Humacao"}}, {"type": "Feature", "geometry": {"type": "Point", "coordinates": [-66.221301, 18.109145]}, "properties": {"canonical_id": "place_mountain_pena_domingo", "gnis_id": "1611641", "canonical_name": "Peña Domingo", "normalized_name": "PENA DOMINGO", "feature_type": "mountain", "group": "terrain", "feature_class": "Summit", "municipality": "Cayey"}}, {"type": "Feature", "geometry": {"type": "Point", "coordinates": [-66.467081, 18.194535]}, "properties": {"canonical_id": "place_mountain_pena_la_francia", "gnis_id": "1611642", "canonical_name": "Peña La Francia", "normalized_name": "PENA LA FRANCIA", "feature_type": "mountain", "group": "terrain", "feature_class": "Summit", "municipality": "Orocovis"}}, {"type": "Feature", "geometry": {"type": "Point", "coordinates": [-66.698467, 17.97985]}, "properties": {"canonical_id": "place_mountain_penon_de_ponce", "gnis_id": "1613159", "canonical_name": "Peñon de Ponce", "normalized_name": "PENON DE PONCE", "feature_type": "mountain", "group": "terrain", "feature_class": "Summit", "municipality": "Ponce"}}, {"type": "Feature", "geometry": {"type": "Point", "coordinates": [-66.206024, 18.067684]}, "properties": {"canonical_id": "place_mountain_penon_de_los_soldados", "gnis_id": "1611644", "canonical_name": "Peñon de los Soldados", "normalized_name": "PENON DE LOS SOLDADOS", "feature_type": "mountain", "group": "terrain", "feature_class": "Summit", "municipality": "Cayey"}}, {"type": "Feature", "geometry": {"type": "Point", "coordinates": [-67.182701, 17.997485]}, "properties": {"canonical_id": "place_mountain_penones_de_melones", "gnis_id": "1613160", "canonical_name": "Peñones de Melones", "normalized_name": "PENONES DE MELONES", "feature_type": "mountain", "group": "terrain", "feature_class": "Summit", "municipality": "Cabo Rojo"}}, {"type": "Feature", "geometry": {"type": "Point", "coordinates": [-67.012836, 18.057472]}, "properties": {"canonical_id": "place_mountain_picacho_de_la_tea", "gnis_id": "1613161", "canonical_name": "Picacho de la Tea", "normalized_name": "PICACHO DE LA TEA", "feature_type": "mountain", "group": "terrain", "feature_class": "Summit", "municipality": "Lajas"}}, {"type": "Feature", "geometry": {"type": "Point", "coordinates": [-65.965785, 18.152118]}, "properties": {"canonical_id": "place_mountain_piedra_blanca_1", "gnis_id": "1611668", "canonical_name": "Piedra Blanca", "normalized_name": "PIEDRA BLANCA", "feature_type": "mountain", "group": "terrain", "feature_class": "Summit", "municipality": "San Lorenzo"}}, {"type": "Feature", "geometry": {"type": "Point", "coordinates": [-66.57573, 18.179305]}, "properties": {"canonical_id": "place_mountain_piedra_blanca_2", "gnis_id": "1611669", "canonical_name": "Piedra Blanca", "normalized_name": "PIEDRA BLANCA", "feature_type": "mountain", "group": "terrain", "feature_class": "Summit", "municipality": "Jayuya"}}, {"type": "Feature", "geometry": {"type": "Point", "coordinates": [-66.01612, 18.15619]}, "properties": {"canonical_id": "place_mountain_piedra_reinada", "gnis_id": "1611670", "canonical_name": "Piedra Reinada", "normalized_name": "PIEDRA REINADA", "feature_type": "mountain", "group": "terrain", "feature_class": "Summit", "municipality": "San Lorenzo"}}, {"type": "Feature", "geometry": {"type": "Point", "coordinates": [-66.262627, 18.126828]}, "properties": {"canonical_id": "place_mountain_piedra_de_degetau", "gnis_id": "1611666", "canonical_name": "Piedra de Degetau", "normalized_name": "PIEDRA DE DEGETAU", "feature_type": "mountain", "group": "terrain", "feature_class": "Summit", "municipality": "Aibonito"}}, {"type": "Feature", "geometry": {"type": "Point", "coordinates": [-66.853641, 18.086531]}, "properties": {"canonical_id": "place_mountain_piedra_de_la_mula", "gnis_id": "1611665", "canonical_name": "Piedra de la Mula", "normalized_name": "PIEDRA DE LA MULA", "feature_type": "mountain", "group": "terrain", "feature_class": "Summit", "municipality": "Yauco"}}, {"type": "Feature", "geometry": {"type": "Point", "coordinates": [-66.954795, 18.109761]}, "properties": {"canonical_id": "place_mountain_plato_colmar", "gnis_id": "1611685", "canonical_name": "Plato Colmar", "normalized_name": "PLATO COLMAR", "feature_type": "mountain", "group": "terrain", "feature_class": "Summit", "municipality": "Sabana Grande"}}, {"type": "Feature", "geometry": {"type": "Point", "coordinates": [-66.650838, 18.472009]}, "properties": {"canonical_id": "place_mountain_rincon_grande", "gnis_id": "1612407", "canonical_name": "Rincón Grande", "normalized_name": "RINCON GRANDE", "feature_type": "mountain", "group": "terrain", "feature_class": "Summit", "municipality": "Arecibo"}}, {"type": "Feature", "geometry": {"type": "Point", "coordinates": [-65.793134, 18.311365]}, "properties": {"canonical_id": "place_mountain_roca_el_yunque", "gnis_id": "1612635", "canonical_name": "Roca El Yunque", "normalized_name": "ROCA EL YUNQUE", "feature_type": "mountain", "group": "terrain", "feature_class": "Summit", "municipality": "Río Grande"}}, {"type": "Feature", "geometry": {"type": "Point", "coordinates": [-66.026776, 18.268257]}, "properties": {"canonical_id": "place_mountain_range_altos_de_san_luis", "gnis_id": "1609511", "canonical_name": "Altos de San Luis", "normalized_name": "ALTOS DE SAN LUIS", "feature_type": "mountain_range", "group": "terrain", "feature_class": "Range", "municipality": "Caguas"}}, {"type": "Feature", "geometry": {"type": "Point", "coordinates": [-66.060317, 18.268011]}, "properties": {"canonical_id": "place_mountain_range_altos_de_la_mesa", "gnis_id": "1609510", "canonical_name": "Altos de la Mesa", "normalized_name": "ALTOS DE LA MESA", "feature_type": "mountain_range", "group": "terrain", "feature_class": "Range", "municipality": "Caguas"}}, {"type": "Feature", "geometry": {"type": "Point", "coordinates": [-67.2184, 18.304272]}, "properties": {"canonical_id": "place_mountain_range_cerros_de_san_francisco", "gnis_id": "1777351", "canonical_name": "Cerros de San Francisco", "normalized_name": "CERROS DE SAN FRANCISCO", "feature_type": "mountain_range", "group": "terrain", "feature_class": "Range", "municipality": "Añasco"}}, {"type": "Feature", "geometry": {"type": "Point", "coordinates": [-66.35475, 18.13081]}, "properties": {"canonical_id": "place_mountain_range_cerros_de_santini", "gnis_id": "1610084", "canonical_name": "Cerros de Santini", "normalized_name": "CERROS DE SANTINI", "feature_type": "mountain_range", "group": "terrain", "feature_class": "Range", "municipality": "Coamo"}}, {"type": "Feature", "geometry": {"type": "Point", "coordinates": [-66.408798, 18.163685]}, "properties": {"canonical_id": "place_mountain_range_cordillera_central", "gnis_id": "1610155", "canonical_name": "Cordillera Central", "normalized_name": "CORDILLERA CENTRAL", "feature_type": "mountain_range", "group": "terrain", "feature_class": "Range", "municipality": "Coamo"}}, {"type": "Feature", "geometry": {"type": "Point", "coordinates": [-67.070023, 18.418223]}, "properties": {"canonical_id": "place_mountain_range_cordillera_jaicoa", "gnis_id": "1613075", "canonical_name": "Cordillera Jaicoa", "normalized_name": "CORDILLERA JAICOA", "feature_type": "mountain_range", "group": "terrain", "feature_class": "Range", "municipality": "Moca"}}, {"type": "Feature", "geometry": {"type": "Point", "coordinates": [-67.148444, 18.120372]}, "properties": {"canonical_id": "place_mountain_range_cordillera_sabana_alta", "gnis_id": "1610156", "canonical_name": "Cordillera Sabana Alta", "normalized_name": "CORDILLERA SABANA ALTA", "feature_type": "mountain_range", "group": "terrain", "feature_class": "Range", "municipality": "Cabo Rojo"}}, {"type": "Feature", "geometry": {"type": "Point", "coordinates": [-67.188279, 18.310782]}, "properties": {"canonical_id": "place_mountain_range_la_cadena", "gnis_id": "1611237", "canonical_name": "La Cadena", "normalized_name": "LA CADENA", "feature_type": "mountain_range", "group": "terrain", "feature_class": "Range", "municipality": "Añasco"}}, {"type": "Feature", "geometry": {"type": "Point", "coordinates": [-66.319023, 18.19501]}, "properties": {"canonical_id": "place_mountain_range_montanas_de_juan_gonzalez", "gnis_id": "1611522", "canonical_name": "Montanas de Juan Gonzalez", "normalized_name": "MONTANAS DE JUAN GONZALEZ", "feature_type": "mountain_range", "group": "terrain", "feature_class": "Range", "municipality": "Barranquitas"}}, {"type": "Feature", "geometry": {"type": "Point", "coordinates": [-67.04168, 18.22584]}, "properties": {"canonical_id": "place_mountain_range_montanas_de_uroyan", "gnis_id": "1611523", "canonical_name": "Montanas de Uroyan", "normalized_name": "MONTANAS DE UROYAN", "feature_type": "mountain_range", "group": "terrain", "feature_class": "Range", "municipality": "Las Marías"}}, {"type": "Feature", "geometry": {"type": "Point", "coordinates": [-66.872179, 18.400496]}, "properties": {"canonical_id": "place_mountain_range_montanas_guarionex", "gnis_id": "1611524", "canonical_name": "Montañas Guarionex", "normalized_name": "MONTANAS GUARIONEX", "feature_type": "mountain_range", "group": "terrain", "feature_class": "Range", "municipality": "Camuy"}}, {"type": "Feature", "geometry": {"type": "Point", "coordinates": [-66.331912, 18.286939]}, "properties": {"canonical_id": "place_mountain_range_montanas_de_corozal", "gnis_id": "1611521", "canonical_name": "Montañas de Corozal", "normalized_name": "MONTANAS DE COROZAL", "feature_type": "mountain_range", "group": "terrain", "feature_class": "Range", "municipality": "Corozal"}}, {"type": "Feature", "geometry": {"type": "Point", "coordinates": [-66.81829, 18.028008]}, "properties": {"canonical_id": "place_mountain_range_montes_de_barina", "gnis_id": "1611549", "canonical_name": "Montes de Barina", "normalized_name": "MONTES DE BARINA", "feature_type": "mountain_range", "group": "terrain", "feature_class": "Range", "municipality": "Guayanilla"}}, {"type": "Feature", "geometry": {"type": "Point", "coordinates": [-66.971371, 18.416627]}, "properties": {"canonical_id": "place_mountain_range_montanas_aymamon", "gnis_id": "1611520", "canonical_name": "Moñtanas Aymamón", "normalized_name": "MONTANAS AYMAMON", "feature_type": "mountain_range", "group": "terrain", "feature_class": "Range", "municipality": "Isabela"}}, {"type": "Feature", "geometry": {"type": "Point", "coordinates": [-67.112119, 17.995613]}, "properties": {"canonical_id": "place_mountain_range_sierra_bermeja", "gnis_id": "1613258", "canonical_name": "Sierra Bermeja", "normalized_name": "SIERRA BERMEJA", "feature_type": "mountain_range", "group": "terrain", "feature_class": "Range", "municipality": "Cabo Rojo"}}, {"type": "Feature", "geometry": {"type": "Point", "coordinates": [-66.043461, 18.100533]}, "properties": {"canonical_id": "place_mountain_range_sierra_de_cayey", "gnis_id": "1613259", "canonical_name": "Sierra de Cayey", "normalized_name": "SIERRA DE CAYEY", "feature_type": "mountain_range", "group": "terrain", "feature_class": "Range", "municipality": "Patillas"}}, {"type": "Feature", "geometry": {"type": "Point", "coordinates": [-65.946836, 18.002466]}, "properties": {"canonical_id": "place_mountain_range_sierra_de_guardarraya", "gnis_id": "1613260", "canonical_name": "Sierra de Guardarraya", "normalized_name": "SIERRA DE GUARDARRAYA", "feature_type": "mountain_range", "group": "terrain", "feature_class": "Range", "municipality": "Maunabo"}}, {"type": "Feature", "geometry": {"type": "Point", "coordinates": [-66.16204, 18.046275]}, "properties": {"canonical_id": "place_mountain_range_sierra_de_jajome", "gnis_id": "1612756", "canonical_name": "Sierra de Jájome", "normalized_name": "SIERRA DE JAJOME", "feature_type": "mountain_range", "group": "terrain", "feature_class": "Range", "municipality": "Guayama"}}, {"type": "Feature", "geometry": {"type": "Point", "coordinates": [-65.797869, 18.292303]}, "properties": {"canonical_id": "place_mountain_range_sierra_de_luquillo", "gnis_id": "1612757", "canonical_name": "Sierra de Luquillo", "normalized_name": "SIERRA DE LUQUILLO", "feature_type": "mountain_range", "group": "terrain", "feature_class": "Range", "municipality": "Río Grande"}}, {"type": "Feature", "geometry": {"type": "Point", "coordinates": [-66.994387, 18.235382]}, "properties": {"canonical_id": "place_mountain_range_sierra_de_naranjal", "gnis_id": "1612753", "canonical_name": "Sierra de Naranjal", "normalized_name": "SIERRA DE NARANJAL", "feature_type": "mountain_range", "group": "terrain", "feature_class": "Range", "municipality": "Las Marías"}}, {"type": "Feature", "geometry": {"type": "Point", "coordinates": [-67.191294, 18.312189]}, "properties": {"canonical_id": "place_peak_pico_atalaya", "gnis_id": "1611656", "canonical_name": "Pico Atalaya", "normalized_name": "PICO ATALAYA", "feature_type": "peak", "group": "terrain", "feature_class": "Summit", "municipality": "Rincón"}}, {"type": "Feature", "geometry": {"type": "Point", "coordinates": [-65.791276, 18.310506]}, "properties": {"canonical_id": "place_peak_pico_el_yunque", "gnis_id": "1611657", "canonical_name": "Pico El Yunque", "normalized_name": "PICO EL YUNQUE", "feature_type": "peak", "group": "terrain", "feature_class": "Summit", "municipality": "Río Grande"}}, {"type": "Feature", "geometry": {"type": "Point", "coordinates": [-66.919431, 18.114781]}, "properties": {"canonical_id": "place_peak_pico_fraile", "gnis_id": "1611658", "canonical_name": "Pico Fraile", "normalized_name": "PICO FRAILE", "feature_type": "peak", "group": "terrain", "feature_class": "Summit", "municipality": "Sabana Grande"}}, {"type": "Feature", "geometry": {"type": "Point", "coordinates": [-65.952388, 18.006217]}, "properties": {"canonical_id": "place_peak_pico_huton", "gnis_id": "1611659", "canonical_name": "Pico Huton", "normalized_name": "PICO HUTON", "feature_type": "peak", "group": "terrain", "feature_class": "Summit", "municipality": "Maunabo"}}, {"type": "Feature", "geometry": {"type": "Point", "coordinates": [-65.958541, 18.00453]}, "properties": {"canonical_id": "place_peak_pico_lebron", "gnis_id": "1611660", "canonical_name": "Pico Lebrón", "normalized_name": "PICO LEBRON", "feature_type": "peak", "group": "terrain", "feature_class": "Summit", "municipality": "Patillas"}}, {"type": "Feature", "geometry": {"type": "Point", "coordinates": [-66.996825, 18.173308]}, "properties": {"canonical_id": "place_peak_pico_montoso", "gnis_id": "1611661", "canonical_name": "Pico Montoso", "normalized_name": "PICO MONTOSO", "feature_type": "peak", "group": "terrain", "feature_class": "Summit", "municipality": "Maricao"}}, {"type": "Feature", "geometry": {"type": "Point", "coordinates": [-66.598273, 18.085772]}, "properties": {"canonical_id": "place_peak_pico_pinto", "gnis_id": "1611662", "canonical_name": "Pico Pinto", "normalized_name": "PICO PINTO", "feature_type": "peak", "group": "terrain", "feature_class": "Summit", "municipality": "Ponce"}}, {"type": "Feature", "geometry": {"type": "Point", "coordinates": [-66.819302, 18.103847]}, "properties": {"canonical_id": "place_peak_pico_rodadero", "gnis_id": "1611663", "canonical_name": "Pico Rodadero", "normalized_name": "PICO RODADERO", "feature_type": "peak", "group": "terrain", "feature_class": "Summit", "municipality": "Yauco"}}, {"type": "Feature", "geometry": {"type": "Point", "coordinates": [-67.042404, 18.222452]}, "properties": {"canonical_id": "place_peak_pico_san_bernardo", "gnis_id": "1611664", "canonical_name": "Pico San Bernardo", "normalized_name": "PICO SAN BERNARDO", "feature_type": "peak", "group": "terrain", "feature_class": "Summit", "municipality": "Mayagüez"}}, {"type": "Feature", "geometry": {"type": "Point", "coordinates": [-66.964067, 18.148155]}, "properties": {"canonical_id": "place_peak_pico_santa_ana", "gnis_id": "1613395", "canonical_name": "Pico Santa Ana", "normalized_name": "PICO SANTA ANA", "feature_type": "peak", "group": "terrain", "feature_class": "Summit", "municipality": "Maricao"}}, {"type": "Feature", "geometry": {"type": "Point", "coordinates": [-65.75883, 18.26867]}, "properties": {"canonical_id": "place_peak_pico_del_este", "gnis_id": "1611654", "canonical_name": "Pico del Este", "normalized_name": "PICO DEL ESTE", "feature_type": "peak", "group": "terrain", "feature_class": "Summit", "municipality": "Naguabo"}}, {"type": "Feature", "geometry": {"type": "Point", "coordinates": [-65.764595, 18.276108]}, "properties": {"canonical_id": "place_peak_pico_del_oeste", "gnis_id": "1611655", "canonical_name": "Pico del Oeste", "normalized_name": "PICO DEL OESTE", "feature_type": "peak", "group": "terrain", "feature_class": "Summit", "municipality": "Ceiba"}}, {"type": "Feature", "geometry": {"type": "Point", "coordinates": [-66.971843, 17.973022]}, "properties": {"canonical_id": "place_plain_sabana_montalva", "gnis_id": "1613253", "canonical_name": "Sabana Montalva", "normalized_name": "SABANA MONTALVA", "feature_type": "plain", "group": "terrain", "feature_class": "Plain", "municipality": "Lajas"}}, {"type": "Feature", "geometry": {"type": "Point", "coordinates": [-66.922541, 17.976536]}, "properties": {"canonical_id": "place_ridge_cerro_de_abra", "gnis_id": "1609900", "canonical_name": "Cerro de Abra", "normalized_name": "CERRO DE ABRA", "feature_type": "ridge", "group": "terrain", "feature_class": "Ridge", "municipality": "Guánica"}}, {"type": "Feature", "geometry": {"type": "Point", "coordinates": [-66.280706, 18.091175]}, "properties": {"canonical_id": "place_ridge_cerro_de_la_mesa", "gnis_id": "1609903", "canonical_name": "Cerro de la Mesa", "normalized_name": "CERRO DE LA MESA", "feature_type": "ridge", "group": "terrain", "feature_class": "Ridge", "municipality": "Coamo"}}, {"type": "Feature", "geometry": {"type": "Point", "coordinates": [-66.907633, 18.169328]}, "properties": {"canonical_id": "place_ridge_chuchilla_de_bucarabones", "gnis_id": "1613079", "canonical_name": "Chuchilla de Bucarabones", "normalized_name": "CHUCHILLA DE BUCARABONES", "feature_type": "ridge", "group": "terrain", "feature_class": "Ridge", "municipality": "Maricao"}}, {"type": "Feature", "geometry": {"type": "Point", "coordinates": [-65.939311, 18.278262]}, "properties": {"canonical_id": "place_ridge_chuchilla_de_hato_nuevo", "gnis_id": "1613080", "canonical_name": "Chuchilla de Hato Nuevo", "normalized_name": "CHUCHILLA DE HATO NUEVO", "feature_type": "ridge", "group": "terrain", "feature_class": "Ridge", "municipality": "Gurabo"}}, {"type": "Feature", "geometry": {"type": "Point", "coordinates": [-65.883018, 18.256307]}, "properties": {"canonical_id": "place_ridge_cuchila_el_asomante", "gnis_id": "1610186", "canonical_name": "Cuchila el Asomante", "normalized_name": "CUCHILA EL ASOMANTE", "feature_type": "ridge", "group": "terrain", "feature_class": "Ridge", "municipality": "Juncos"}}, {"type": "Feature", "geometry": {"type": "Point", "coordinates": [-66.62855, 18.267831]}, "properties": {"canonical_id": "place_ridge_cuchilla_buena_vista", "gnis_id": "1613078", "canonical_name": "Cuchilla Buena Vista", "normalized_name": "CUCHILLA BUENA VISTA", "feature_type": "ridge", "group": "terrain", "feature_class": "Ridge", "municipality": "Utuado"}}, {"type": "Feature", "geometry": {"type": "Point", "coordinates": [-65.758848, 18.268646]}, "properties": {"canonical_id": "place_ridge_cuchilla_el_duque", "gnis_id": "1613081", "canonical_name": "Cuchilla El Duque", "normalized_name": "CUCHILLA EL DUQUE", "feature_type": "ridge", "group": "terrain", "feature_class": "Ridge", "municipality": "Naguabo"}}, {"type": "Feature", "geometry": {"type": "Point", "coordinates": [-67.114658, 18.159613]}, "properties": {"canonical_id": "place_ridge_cuchilla_los_matos", "gnis_id": "1610187", "canonical_name": "Cuchilla Los Matos", "normalized_name": "CUCHILLA LOS MATOS", "feature_type": "ridge", "group": "terrain", "feature_class": "Ridge", "municipality": "Mayagüez"}}, {"type": "Feature", "geometry": {"type": "Point", "coordinates": [-65.733307, 18.288187]}, "properties": {"canonical_id": "place_ridge_cuchilla_naranjo", "gnis_id": "1613082", "canonical_name": "Cuchilla Naranjo", "normalized_name": "CUCHILLA NARANJO", "feature_type": "ridge", "group": "terrain", "feature_class": "Ridge", "municipality": "Luquillo"}}, {"type": "Feature", "geometry": {"type": "Point", "coordinates": [-66.897999, 18.10901]}, "properties": {"canonical_id": "place_ridge_cuchilla_ranchera", "gnis_id": "1610188", "canonical_name": "Cuchilla Ranchera", "normalized_name": "CUCHILLA RANCHERA", "feature_type": "ridge", "group": "terrain", "feature_class": "Ridge", "municipality": "Yauco"}}, {"type": "Feature", "geometry": {"type": "Point", "coordinates": [-66.697648, 18.163636]}, "properties": {"canonical_id": "place_ridge_cuchilla_de_juan_gonzalez", "gnis_id": "1610184", "canonical_name": "Cuchilla de Juan González", "normalized_name": "CUCHILLA DE JUAN GONZALEZ", "feature_type": "ridge", "group": "terrain", "feature_class": "Ridge", "municipality": "Adjuntas"}}, {"type": "Feature", "geometry": {"type": "Point", "coordinates": [-66.60663, 18.101889]}, "properties": {"canonical_id": "place_ridge_cuchilla_de_monte_llano", "gnis_id": "1610183", "canonical_name": "Cuchilla de Monte Llano", "normalized_name": "CUCHILLA DE MONTE LLANO", "feature_type": "ridge", "group": "terrain", "feature_class": "Ridge", "municipality": "Ponce"}}, {"type": "Feature", "geometry": {"type": "Point", "coordinates": [-65.941397, 18.040885]}, "properties": {"canonical_id": "place_ridge_cuchilla_de_panduras", "gnis_id": "1610185", "canonical_name": "Cuchilla de Panduras", "normalized_name": "CUCHILLA DE PANDURAS", "feature_type": "ridge", "group": "terrain", "feature_class": "Ridge", "municipality": "Yabucoa"}}, {"type": "Feature", "geometry": {"type": "Point", "coordinates": [-65.885336, 18.406069]}, "properties": {"canonical_id": "place_ridge_cuchilla_de_santa_ines", "gnis_id": "1613077", "canonical_name": "Cuchilla de Santa Inés", "normalized_name": "CUCHILLA DE SANTA INES", "feature_type": "ridge", "group": "terrain", "feature_class": "Ridge", "municipality": "Canóvanas"}}, {"type": "Feature", "geometry": {"type": "Point", "coordinates": [-67.010265, 18.161256]}, "properties": {"canonical_id": "place_ridge_cuchillas_aceitunas", "gnis_id": "1610189", "canonical_name": "Cuchillas Aceitunas", "normalized_name": "CUCHILLAS ACEITUNAS", "feature_type": "ridge", "group": "terrain", "feature_class": "Ridge", "municipality": "Maricao"}}, {"type": "Feature", "geometry": {"type": "Point", "coordinates": [-66.739813, 18.272865]}, "properties": {"canonical_id": "place_ridge_el_alto", "gnis_id": "1610212", "canonical_name": "El Alto", "normalized_name": "EL ALTO", "feature_type": "ridge", "group": "terrain", "feature_class": "Ridge", "municipality": "Utuado"}}, {"type": "Feature", "geometry": {"type": "Point", "coordinates": [-67.114582, 18.062181]}, "properties": {"canonical_id": "place_ridge_la_cuchilla", "gnis_id": "1611245", "canonical_name": "La Cuchilla", "normalized_name": "LA CUCHILLA", "feature_type": "ridge", "group": "terrain", "feature_class": "Ridge", "municipality": "Cabo Rojo"}}, {"type": "Feature", "geometry": {"type": "Point", "coordinates": [-66.275834, 18.069583]}, "properties": {"canonical_id": "place_ridge_las_piedras_chiquitas", "gnis_id": "1611391", "canonical_name": "Las Piedras Chiquitas", "normalized_name": "LAS PIEDRAS CHIQUITAS", "feature_type": "ridge", "group": "terrain", "feature_class": "Ridge", "municipality": "Coamo"}}, {"type": "Feature", "geometry": {"type": "Point", "coordinates": [-66.149579, 18.094552]}, "properties": {"canonical_id": "place_ridge_monte_llano", "gnis_id": "1611540", "canonical_name": "Monte Llano", "normalized_name": "MONTE LLANO", "feature_type": "ridge", "group": "terrain", "feature_class": "Ridge", "municipality": "Cayey"}}, {"type": "Feature", "geometry": {"type": "Point", "coordinates": [-67.135862, 17.965381]}, "properties": {"canonical_id": "place_valley_arroyo_cajul", "gnis_id": "1609554", "canonical_name": "Arroyo Cajul", "normalized_name": "ARROYO CAJUL", "feature_type": "valley", "group": "terrain", "feature_class": "Valley", "municipality": "Cabo Rojo"}}, {"type": "Feature", "geometry": {"type": "Point", "coordinates": [-67.094975, 18.361439]}, "properties": {"canonical_id": "place_valley_cano_echevarria", "gnis_id": "1609737", "canonical_name": "Caño Echevarria", "normalized_name": "CANO ECHEVARRIA", "feature_type": "valley", "group": "terrain", "feature_class": "Valley", "municipality": "Moca"}}, {"type": "Feature", "geometry": {"type": "Point", "coordinates": [-67.140532, 18.401351]}, "properties": {"canonical_id": "place_valley_cano_media_luna", "gnis_id": "1609744", "canonical_name": "Caño Media Luna", "normalized_name": "CANO MEDIA LUNA", "feature_type": "valley", "group": "terrain", "feature_class": "Valley", "municipality": "Aguadilla"}}, {"type": "Feature", "geometry": {"type": "Point", "coordinates": [-67.224383, 18.379282]}, "properties": {"canonical_id": "place_valley_cano_de_santi_ponce", "gnis_id": "1609730", "canonical_name": "Caño de Santi Ponce", "normalized_name": "CANO DE SANTI PONCE", "feature_type": "valley", "group": "terrain", "feature_class": "Valley", "municipality": "Aguada"}}, {"type": "Feature", "geometry": {"type": "Point", "coordinates": [-66.291759, 18.169403]}, "properties": {"canonical_id": "place_valley_canon_de_san_cristobal", "gnis_id": "1609755", "canonical_name": "Cañón de San Cristóbal", "normalized_name": "CANON DE SAN CRISTOBAL", "feature_type": "valley", "group": "terrain", "feature_class": "Valley", "municipality": "Barranquitas"}}, {"type": "Feature", "geometry": {"type": "Point", "coordinates": [-66.895183, 17.951196]}, "properties": {"canonical_id": "place_valley_hoya_el_ber", "gnis_id": "1611090", "canonical_name": "Hoya El Ber", "normalized_name": "HOYA EL BER", "feature_type": "valley", "group": "terrain", "feature_class": "Valley", "municipality": "Guánica"}}, {"type": "Feature", "geometry": {"type": "Point", "coordinates": [-65.956459, 18.360346]}, "properties": {"canonical_id": "place_valley_hoya_fria", "gnis_id": "1611091", "canonical_name": "Hoya Fría", "normalized_name": "HOYA FRIA", "feature_type": "valley", "group": "terrain", "feature_class": "Valley", "municipality": "Carolina"}}, {"type": "Feature", "geometry": {"type": "Point", "coordinates": [-67.136289, 18.152628]}, "properties": {"canonical_id": "place_valley_hoya_grande", "gnis_id": "1611093", "canonical_name": "Hoya Grande", "normalized_name": "HOYA GRANDE", "feature_type": "valley", "group": "terrain", "feature_class": "Valley", "municipality": "Hormigueros"}}, {"type": "Feature", "geometry": {"type": "Point", "coordinates": [-66.879104, 17.953698]}, "properties": {"canonical_id": "place_valley_hoya_hondo", "gnis_id": "1611094", "canonical_name": "Hoya Hondo", "normalized_name": "HOYA HONDO", "feature_type": "valley", "group": "terrain", "feature_class": "Valley", "municipality": "Guánica"}}, {"type": "Feature", "geometry": {"type": "Point", "coordinates": [-66.954055, 17.945665]}, "properties": {"canonical_id": "place_valley_hoya_la_laura", "gnis_id": "1611095", "canonical_name": "Hoya La Laura", "normalized_name": "HOYA LA LAURA", "feature_type": "valley", "group": "terrain", "feature_class": "Valley", "municipality": "Guánica"}}, {"type": "Feature", "geometry": {"type": "Point", "coordinates": [-66.886057, 17.952948]}, "properties": {"canonical_id": "place_valley_hoya_las_picuas", "gnis_id": "1611096", "canonical_name": "Hoya Las Picuas", "normalized_name": "HOYA LAS PICUAS", "feature_type": "valley", "group": "terrain", "feature_class": "Valley", "municipality": "Guánica"}}, {"type": "Feature", "geometry": {"type": "Point", "coordinates": [-66.942628, 17.943592]}, "properties": {"canonical_id": "place_valley_hoya_pozo_blanco", "gnis_id": "1611097", "canonical_name": "Hoya Pozo Blanco", "normalized_name": "HOYA POZO BLANCO", "feature_type": "valley", "group": "terrain", "feature_class": "Valley", "municipality": "Guánica"}}, {"type": "Feature", "geometry": {"type": "Point", "coordinates": [-66.2718, 18.372373]}, "properties": {"canonical_id": "place_valley_hoyo_prieto", "gnis_id": "1611099", "canonical_name": "Hoyo Prieto", "normalized_name": "HOYO PRIETO", "feature_type": "valley", "group": "terrain", "feature_class": "Valley", "municipality": "Toa Alta"}}, {"type": "Feature", "geometry": {"type": "Point", "coordinates": [-66.484508, 18.292672]}, "properties": {"canonical_id": "place_valley_la_chorrera", "gnis_id": "1611242", "canonical_name": "La Chorrera", "normalized_name": "LA CHORRERA", "feature_type": "valley", "group": "terrain", "feature_class": "Valley", "municipality": "Ciales"}}, {"type": "Feature", "geometry": {"type": "Point", "coordinates": [-66.857224, 17.982295]}, "properties": {"canonical_id": "place_valley_la_covana", "gnis_id": "1611244", "canonical_name": "La Covana", "normalized_name": "LA COVANA", "feature_type": "valley", "group": "terrain", "feature_class": "Valley", "municipality": "Yauco"}}, {"type": "Feature", "geometry": {"type": "Point", "coordinates": [-66.586466, 18.342547]}, "properties": {"canonical_id": "place_valley_los_canos", "gnis_id": "1611424", "canonical_name": "Los Canos", "normalized_name": "LOS CANOS", "feature_type": "valley", "group": "terrain", "feature_class": "Valley", "municipality": "Florida"}}, {"type": "Feature", "geometry": {"type": "Point", "coordinates": [-67.151082, 18.011048]}, "properties": {"canonical_id": "place_valley_valle_de_lajas", "gnis_id": "1613263", "canonical_name": "Valle de Lajas", "normalized_name": "VALLE DE LAJAS", "feature_type": "valley", "group": "terrain", "feature_class": "Valley", "municipality": "Cabo Rojo"}}, {"type": "Feature", "geometry": {"type": "Point", "coordinates": [-65.826583, 18.056317]}, "properties": {"canonical_id": "place_valley_valle_de_yabucoa", "gnis_id": "1613264", "canonical_name": "Valle de Yabucoa", "normalized_name": "VALLE DE YABUCOA", "feature_type": "valley", "group": "terrain", "feature_class": "Valley", "municipality": "Yabucoa"}}, {"type": "Feature", "geometry": {"type": "Point", "coordinates": [-66.995813, 18.41932]}, "properties": {"canonical_id": "place_valley_valle_de_las_cotorras", "gnis_id": "1612813", "canonical_name": "Valle de las Cotorras", "normalized_name": "VALLE DE LAS COTORRAS", "feature_type": "valley", "group": "terrain", "feature_class": "Valley", "municipality": "Isabela"}}, {"type": "Feature", "geometry": {"type": "Point", "coordinates": [-65.859543, 18.02215]}, "properties": {"canonical_id": "place_woods_arkabuko_naguake_woods", "gnis_id": "2746462", "canonical_name": "Arkabuko Naguake Woods", "normalized_name": "ARKABUKO NAGUAKE WOODS", "feature_type": "woods", "group": "terrain", "feature_class": "Woods", "municipality": "Yabucoa"}}]}