{
  "type": "FeatureCollection",
  "name": "usgs_ofr_98_038_metallic_occurrences_wgs84",
  "crs": {
    "type": "name",
    "properties": {
      "name": "EPSG:4326"
    }
  },
  "features": [
    {
      "type": "Feature",
      "properties": {
        "source_id": "metallic_e00_lab_001",
        "source_file": "metallic.e00",
        "source_report": "USGS OFR 98-038",
        "geometry_source": "ARC/INFO E00 LAB coordinate",
        "source_x_m": 57044.789,
        "source_y_m": 8997.828,
        "conversion_crs": "Polyconic lon_0=-67 lat_0=18 Clarke 1866 meters to EPSG:4326",
        "conversion_status": "derived_from_lab_coordinates_attributes_pending"
      },
      "geometry": {
        "type": "Point",
        "coordinates": [
          -66.46112062,
          18.08054733
        ]
      }
    },
    {
      "type": "Feature",
      "properties": {
        "source_id": "metallic_e00_lab_002",
        "source_file": "metallic.e00",
        "source_report": "USGS OFR 98-038",
        "geometry_source": "ARC/INFO E00 LAB coordinate",
        "source_x_m": 1.0,
        "source_y_m": 0.0,
        "conversion_crs": "Polyconic lon_0=-67 lat_0=18 Clarke 1866 meters to EPSG:4326",
        "conversion_status": "derived_from_lab_coordinates_attributes_pending"
      },
      "geometry": {
        "type": "Point",
        "coordinates": [
          -66.99999056,
          18.0
        ]
      }
    },
    {
      "type": "Feature",
      "properties": {
        "source_id": "metallic_e00_lab_003",
        "source_file": "metallic.e00",
        "source_report": "USGS OFR 98-038",
        "geometry_source": "ARC/INFO E00 LAB coordinate",
        "source_x_m": 56608.547,
        "source_y_m": 7920.765,
        "conversion_crs": "Polyconic lon_0=-67 lat_0=18 Clarke 1866 meters to EPSG:4326",
        "conversion_status": "derived_from_lab_coordinates_attributes_pending"
      },
      "geometry": {
        "type": "Point",
        "coordinates": [
          -66.46527106,
          18.07082748
        ]
      }
    },
    {
      "type": "Feature",
      "properties": {
        "source_id": "metallic_e00_lab_004",
        "source_file": "metallic.e00",
        "source_report": "USGS OFR 98-038",
        "geometry_source": "ARC/INFO E00 LAB coordinate",
        "source_x_m": 2.0,
        "source_y_m": 0.0,
        "conversion_crs": "Polyconic lon_0=-67 lat_0=18 Clarke 1866 meters to EPSG:4326",
        "conversion_status": "derived_from_lab_coordinates_attributes_pending"
      },
      "geometry": {
        "type": "Point",
        "coordinates": [
          -66.99998112,
          18.0
        ]
      }
    },
    {
      "type": "Feature",
      "properties": {
        "source_id": "metallic_e00_lab_005",
        "source_file": "metallic.e00",
        "source_report": "USGS OFR 98-038",
        "geometry_source": "ARC/INFO E00 LAB coordinate",
        "source_x_m": 56939.141,
        "source_y_m": 5893.0,
        "conversion_crs": "Polyconic lon_0=-67 lat_0=18 Clarke 1866 meters to EPSG:4326",
        "conversion_status": "derived_from_lab_coordinates_attributes_pending"
      },
      "geometry": {
        "type": "Point",
        "coordinates": [
          -66.462204,
          18.05249786
        ]
      }
    },
    {
      "type": "Feature",
      "properties": {
        "source_id": "metallic_e00_lab_006",
        "source_file": "metallic.e00",
        "source_report": "USGS OFR 98-038",
        "geometry_source": "ARC/INFO E00 LAB coordinate",
        "source_x_m": 3.0,
        "source_y_m": 0.0,
        "conversion_crs": "Polyconic lon_0=-67 lat_0=18 Clarke 1866 meters to EPSG:4326",
        "conversion_status": "derived_from_lab_coordinates_attributes_pending"
      },
      "geometry": {
        "type": "Point",
        "coordinates": [
          -66.99997167,
          18.0
        ]
      }
    },
    {
      "type": "Feature",
      "properties": {
        "source_id": "metallic_e00_lab_007",
        "source_file": "metallic.e00",
        "source_report": "USGS OFR 98-038",
        "geometry_source": "ARC/INFO E00 LAB coordinate",
        "source_x_m": 57936.984,
        "source_y_m": 6079.59,
        "conversion_crs": "Polyconic lon_0=-67 lat_0=18 Clarke 1866 meters to EPSG:4326",
        "conversion_status": "derived_from_lab_coordinates_attributes_pending"
      },
      "geometry": {
        "type": "Point",
        "coordinates": [
          -66.45277411,
          18.05415726
        ]
      }
    },
    {
      "type": "Feature",
      "properties": {
        "source_id": "metallic_e00_lab_008",
        "source_file": "metallic.e00",
        "source_report": "USGS OFR 98-038",
        "geometry_source": "ARC/INFO E00 LAB coordinate",
        "source_x_m": 4.0,
        "source_y_m": 0.0,
        "conversion_crs": "Polyconic lon_0=-67 lat_0=18 Clarke 1866 meters to EPSG:4326",
        "conversion_status": "derived_from_lab_coordinates_attributes_pending"
      },
      "geometry": {
        "type": "Point",
        "coordinates": [
          -66.99996223,
          18.0
        ]
      }
    },
    {
      "type": "Feature",
      "properties": {
        "source_id": "metallic_e00_lab_009",
        "source_file": "metallic.e00",
        "source_report": "USGS OFR 98-038",
        "geometry_source": "ARC/INFO E00 LAB coordinate",
        "source_x_m": 58671.297,
        "source_y_m": 6328.77,
        "conversion_crs": "Polyconic lon_0=-67 lat_0=18 Clarke 1866 meters to EPSG:4326",
        "conversion_status": "derived_from_lab_coordinates_attributes_pending"
      },
      "geometry": {
        "type": "Point",
        "coordinates": [
          -66.44583137,
          18.05638885
        ]
      }
    },
    {
      "type": "Feature",
      "properties": {
        "source_id": "metallic_e00_lab_010",
        "source_file": "metallic.e00",
        "source_report": "USGS OFR 98-038",
        "geometry_source": "ARC/INFO E00 LAB coordinate",
        "source_x_m": 5.0,
        "source_y_m": 0.0,
        "conversion_crs": "Polyconic lon_0=-67 lat_0=18 Clarke 1866 meters to EPSG:4326",
        "conversion_status": "derived_from_lab_coordinates_attributes_pending"
      },
      "geometry": {
        "type": "Point",
        "coordinates": [
          -66.99995279,
          18.0
        ]
      }
    },
    {
      "type": "Feature",
      "properties": {
        "source_id": "metallic_e00_lab_011",
        "source_file": "metallic.e00",
        "source_report": "USGS OFR 98-038",
        "geometry_source": "ARC/INFO E00 LAB coordinate",
        "source_x_m": 59907.164,
        "source_y_m": 6854.792,
        "conversion_crs": "Polyconic lon_0=-67 lat_0=18 Clarke 1866 meters to EPSG:4326",
        "conversion_status": "derived_from_lab_coordinates_attributes_pending"
      },
      "geometry": {
        "type": "Point",
        "coordinates": [
          -66.43414309,
          18.06110763
        ]
      }
    },
    {
      "type": "Feature",
      "properties": {
        "source_id": "metallic_e00_lab_012",
        "source_file": "metallic.e00",
        "source_report": "USGS OFR 98-038",
        "geometry_source": "ARC/INFO E00 LAB coordinate",
        "source_x_m": 6.0,
        "source_y_m": 0.0,
        "conversion_crs": "Polyconic lon_0=-67 lat_0=18 Clarke 1866 meters to EPSG:4326",
        "conversion_status": "derived_from_lab_coordinates_attributes_pending"
      },
      "geometry": {
        "type": "Point",
        "coordinates": [
          -66.99994335,
          18.0
        ]
      }
    },
    {
      "type": "Feature",
      "properties": {
        "source_id": "metallic_e00_lab_013",
        "source_file": "metallic.e00",
        "source_report": "USGS OFR 98-038",
        "geometry_source": "ARC/INFO E00 LAB coordinate",
        "source_x_m": 55464.172,
        "source_y_m": 37524.992,
        "conversion_crs": "Polyconic lon_0=-67 lat_0=18 Clarke 1866 meters to EPSG:4326",
        "conversion_status": "derived_from_lab_coordinates_attributes_pending"
      },
      "geometry": {
        "type": "Point",
        "coordinates": [
          -66.47528079,
          18.33832927
        ]
      }
    },
    {
      "type": "Feature",
      "properties": {
        "source_id": "metallic_e00_lab_014",
        "source_file": "metallic.e00",
        "source_report": "USGS OFR 98-038",
        "geometry_source": "ARC/INFO E00 LAB coordinate",
        "source_x_m": 7.0,
        "source_y_m": 0.0,
        "conversion_crs": "Polyconic lon_0=-67 lat_0=18 Clarke 1866 meters to EPSG:4326",
        "conversion_status": "derived_from_lab_coordinates_attributes_pending"
      },
      "geometry": {
        "type": "Point",
        "coordinates": [
          -66.9999339,
          18.0
        ]
      }
    },
    {
      "type": "Feature",
      "properties": {
        "source_id": "metallic_e00_lab_015",
        "source_file": "metallic.e00",
        "source_report": "USGS OFR 98-038",
        "geometry_source": "ARC/INFO E00 LAB coordinate",
        "source_x_m": 61224.289,
        "source_y_m": 36373.305,
        "conversion_crs": "Polyconic lon_0=-67 lat_0=18 Clarke 1866 meters to EPSG:4326",
        "conversion_status": "derived_from_lab_coordinates_attributes_pending"
      },
      "geometry": {
        "type": "Point",
        "coordinates": [
          -66.42082215,
          18.32776636
        ]
      }
    },
    {
      "type": "Feature",
      "properties": {
        "source_id": "metallic_e00_lab_016",
        "source_file": "metallic.e00",
        "source_report": "USGS OFR 98-038",
        "geometry_source": "ARC/INFO E00 LAB coordinate",
        "source_x_m": 8.0,
        "source_y_m": 0.0,
        "conversion_crs": "Polyconic lon_0=-67 lat_0=18 Clarke 1866 meters to EPSG:4326",
        "conversion_status": "derived_from_lab_coordinates_attributes_pending"
      },
      "geometry": {
        "type": "Point",
        "coordinates": [
          -66.99992446,
          18.0
        ]
      }
    },
    {
      "type": "Feature",
      "properties": {
        "source_id": "metallic_e00_lab_017",
        "source_file": "metallic.e00",
        "source_report": "USGS OFR 98-038",
        "geometry_source": "ARC/INFO E00 LAB coordinate",
        "source_x_m": 53446.906,
        "source_y_m": 35028.609,
        "conversion_crs": "Polyconic lon_0=-67 lat_0=18 Clarke 1866 meters to EPSG:4326",
        "conversion_status": "derived_from_lab_coordinates_attributes_pending"
      },
      "geometry": {
        "type": "Point",
        "coordinates": [
          -66.49443058,
          18.31582641
        ]
      }
    },
    {
      "type": "Feature",
      "properties": {
        "source_id": "metallic_e00_lab_018",
        "source_file": "metallic.e00",
        "source_report": "USGS OFR 98-038",
        "geometry_source": "ARC/INFO E00 LAB coordinate",
        "source_x_m": 9.0,
        "source_y_m": 0.0,
        "conversion_crs": "Polyconic lon_0=-67 lat_0=18 Clarke 1866 meters to EPSG:4326",
        "conversion_status": "derived_from_lab_coordinates_attributes_pending"
      },
      "geometry": {
        "type": "Point",
        "coordinates": [
          -66.99991502,
          18.0
        ]
      }
    },
    {
      "type": "Feature",
      "properties": {
        "source_id": "metallic_e00_lab_019",
        "source_file": "metallic.e00",
        "source_report": "USGS OFR 98-038",
        "geometry_source": "ARC/INFO E00 LAB coordinate",
        "source_x_m": 53595.664,
        "source_y_m": 34321.797,
        "conversion_crs": "Polyconic lon_0=-67 lat_0=18 Clarke 1866 meters to EPSG:4326",
        "conversion_status": "derived_from_lab_coordinates_attributes_pending"
      },
      "geometry": {
        "type": "Point",
        "coordinates": [
          -66.49304203,
          18.30943674
        ]
      }
    },
    {
      "type": "Feature",
      "properties": {
        "source_id": "metallic_e00_lab_020",
        "source_file": "metallic.e00",
        "source_report": "USGS OFR 98-038",
        "geometry_source": "ARC/INFO E00 LAB coordinate",
        "source_x_m": 10.0,
        "source_y_m": 0.0,
        "conversion_crs": "Polyconic lon_0=-67 lat_0=18 Clarke 1866 meters to EPSG:4326",
        "conversion_status": "derived_from_lab_coordinates_attributes_pending"
      },
      "geometry": {
        "type": "Point",
        "coordinates": [
          -66.99990558,
          18.0
        ]
      }
    },
    {
      "type": "Feature",
      "properties": {
        "source_id": "metallic_e00_lab_021",
        "source_file": "metallic.e00",
        "source_report": "USGS OFR 98-038",
        "geometry_source": "ARC/INFO E00 LAB coordinate",
        "source_x_m": 55273.992,
        "source_y_m": 32974.164,
        "conversion_crs": "Polyconic lon_0=-67 lat_0=18 Clarke 1866 meters to EPSG:4326",
        "conversion_status": "derived_from_lab_coordinates_attributes_pending"
      },
      "geometry": {
        "type": "Point",
        "coordinates": [
          -66.47720344,
          18.29721828
        ]
      }
    },
    {
      "type": "Feature",
      "properties": {
        "source_id": "metallic_e00_lab_022",
        "source_file": "metallic.e00",
        "source_report": "USGS OFR 98-038",
        "geometry_source": "ARC/INFO E00 LAB coordinate",
        "source_x_m": 11.0,
        "source_y_m": 0.0,
        "conversion_crs": "Polyconic lon_0=-67 lat_0=18 Clarke 1866 meters to EPSG:4326",
        "conversion_status": "derived_from_lab_coordinates_attributes_pending"
      },
      "geometry": {
        "type": "Point",
        "coordinates": [
          -66.99989613,
          18.0
        ]
      }
    },
    {
      "type": "Feature",
      "properties": {
        "source_id": "metallic_e00_lab_023",
        "source_file": "metallic.e00",
        "source_report": "USGS OFR 98-038",
        "geometry_source": "ARC/INFO E00 LAB coordinate",
        "source_x_m": 55834.68,
        "source_y_m": 32114.449,
        "conversion_crs": "Polyconic lon_0=-67 lat_0=18 Clarke 1866 meters to EPSG:4326",
        "conversion_status": "derived_from_lab_coordinates_attributes_pending"
      },
      "geometry": {
        "type": "Point",
        "coordinates": [
          -66.47192385,
          18.28943631
        ]
      }
    },
    {
      "type": "Feature",
      "properties": {
        "source_id": "metallic_e00_lab_024",
        "source_file": "metallic.e00",
        "source_report": "USGS OFR 98-038",
        "geometry_source": "ARC/INFO E00 LAB coordinate",
        "source_x_m": 12.0,
        "source_y_m": 0.0,
        "conversion_crs": "Polyconic lon_0=-67 lat_0=18 Clarke 1866 meters to EPSG:4326",
        "conversion_status": "derived_from_lab_coordinates_attributes_pending"
      },
      "geometry": {
        "type": "Point",
        "coordinates": [
          -66.99988669,
          18.0
        ]
      }
    },
    {
      "type": "Feature",
      "properties": {
        "source_id": "metallic_e00_lab_025",
        "source_file": "metallic.e00",
        "source_report": "USGS OFR 98-038",
        "geometry_source": "ARC/INFO E00 LAB coordinate",
        "source_x_m": 15277.781,
        "source_y_m": 24660.918,
        "conversion_crs": "Polyconic lon_0=-67 lat_0=18 Clarke 1866 meters to EPSG:4326",
        "conversion_status": "derived_from_lab_coordinates_attributes_pending"
      },
      "geometry": {
        "type": "Point",
        "coordinates": [
          -66.85556031,
          18.22276685
        ]
      }
    },
    {
      "type": "Feature",
      "properties": {
        "source_id": "metallic_e00_lab_026",
        "source_file": "metallic.e00",
        "source_report": "USGS OFR 98-038",
        "geometry_source": "ARC/INFO E00 LAB coordinate",
        "source_x_m": 13.0,
        "source_y_m": 0.0,
        "conversion_crs": "Polyconic lon_0=-67 lat_0=18 Clarke 1866 meters to EPSG:4326",
        "conversion_status": "derived_from_lab_coordinates_attributes_pending"
      },
      "geometry": {
        "type": "Point",
        "coordinates": [
          -66.99987725,
          18.0
        ]
      }
    },
    {
      "type": "Feature",
      "properties": {
        "source_id": "metallic_e00_lab_027",
        "source_file": "metallic.e00",
        "source_report": "USGS OFR 98-038",
        "geometry_source": "ARC/INFO E00 LAB coordinate",
        "source_x_m": 55602.141,
        "source_y_m": 31069.207,
        "conversion_crs": "Polyconic lon_0=-67 lat_0=18 Clarke 1866 meters to EPSG:4326",
        "conversion_status": "derived_from_lab_coordinates_attributes_pending"
      },
      "geometry": {
        "type": "Point",
        "coordinates": [
          -66.47415163,
          18.27999876
        ]
      }
    },
    {
      "type": "Feature",
      "properties": {
        "source_id": "metallic_e00_lab_028",
        "source_file": "metallic.e00",
        "source_report": "USGS OFR 98-038",
        "geometry_source": "ARC/INFO E00 LAB coordinate",
        "source_x_m": 14.0,
        "source_y_m": 0.0,
        "conversion_crs": "Polyconic lon_0=-67 lat_0=18 Clarke 1866 meters to EPSG:4326",
        "conversion_status": "derived_from_lab_coordinates_attributes_pending"
      },
      "geometry": {
        "type": "Point",
        "coordinates": [
          -66.99986781,
          18.0
        ]
      }
    },
    {
      "type": "Feature",
      "properties": {
        "source_id": "metallic_e00_lab_029",
        "source_file": "metallic.e00",
        "source_report": "USGS OFR 98-038",
        "geometry_source": "ARC/INFO E00 LAB coordinate",
        "source_x_m": 15867.934,
        "source_y_m": 23371.148,
        "conversion_crs": "Polyconic lon_0=-67 lat_0=18 Clarke 1866 meters to EPSG:4326",
        "conversion_status": "derived_from_lab_coordinates_attributes_pending"
      },
      "geometry": {
        "type": "Point",
        "coordinates": [
          -66.84999085,
          18.21110915
        ]
      }
    },
    {
      "type": "Feature",
      "properties": {
        "source_id": "metallic_e00_lab_030",
        "source_file": "metallic.e00",
        "source_report": "USGS OFR 98-038",
        "geometry_source": "ARC/INFO E00 LAB coordinate",
        "source_x_m": 15.0,
        "source_y_m": 0.0,
        "conversion_crs": "Polyconic lon_0=-67 lat_0=18 Clarke 1866 meters to EPSG:4326",
        "conversion_status": "derived_from_lab_coordinates_attributes_pending"
      },
      "geometry": {
        "type": "Point",
        "coordinates": [
          -66.99985837,
          18.0
        ]
      }
    },
    {
      "type": "Feature",
      "properties": {
        "source_id": "metallic_e00_lab_031",
        "source_file": "metallic.e00",
        "source_report": "USGS OFR 98-038",
        "geometry_source": "ARC/INFO E00 LAB coordinate",
        "source_x_m": 57794.523,
        "source_y_m": 34395.992,
        "conversion_crs": "Polyconic lon_0=-67 lat_0=18 Clarke 1866 meters to EPSG:4326",
        "conversion_status": "derived_from_lab_coordinates_attributes_pending"
      },
      "geometry": {
        "type": "Point",
        "coordinates": [
          -66.45332341,
          18.30999749
        ]
      }
    },
    {
      "type": "Feature",
      "properties": {
        "source_id": "metallic_e00_lab_032",
        "source_file": "metallic.e00",
        "source_report": "USGS OFR 98-038",
        "geometry_source": "ARC/INFO E00 LAB coordinate",
        "source_x_m": 16.0,
        "source_y_m": 0.0,
        "conversion_crs": "Polyconic lon_0=-67 lat_0=18 Clarke 1866 meters to EPSG:4326",
        "conversion_status": "derived_from_lab_coordinates_attributes_pending"
      },
      "geometry": {
        "type": "Point",
        "coordinates": [
          -66.99984892,
          18.0
        ]
      }
    },
    {
      "type": "Feature",
      "properties": {
        "source_id": "metallic_e00_lab_033",
        "source_file": "metallic.e00",
        "source_report": "USGS OFR 98-038",
        "geometry_source": "ARC/INFO E00 LAB coordinate",
        "source_x_m": 16692.48,
        "source_y_m": 19897.555,
        "conversion_crs": "Polyconic lon_0=-67 lat_0=18 Clarke 1866 meters to EPSG:4326",
        "conversion_status": "derived_from_lab_coordinates_attributes_pending"
      },
      "geometry": {
        "type": "Point",
        "coordinates": [
          -66.84222415,
          18.17971799
        ]
      }
    },
    {
      "type": "Feature",
      "properties": {
        "source_id": "metallic_e00_lab_034",
        "source_file": "metallic.e00",
        "source_report": "USGS OFR 98-038",
        "geometry_source": "ARC/INFO E00 LAB coordinate",
        "source_x_m": 17.0,
        "source_y_m": 0.0,
        "conversion_crs": "Polyconic lon_0=-67 lat_0=18 Clarke 1866 meters to EPSG:4326",
        "conversion_status": "derived_from_lab_coordinates_attributes_pending"
      },
      "geometry": {
        "type": "Point",
        "coordinates": [
          -66.99983948,
          18.0
        ]
      }
    },
    {
      "type": "Feature",
      "properties": {
        "source_id": "metallic_e00_lab_035",
        "source_file": "metallic.e00",
        "source_report": "USGS OFR 98-038",
        "geometry_source": "ARC/INFO E00 LAB coordinate",
        "source_x_m": 59472.391,
        "source_y_m": 33294.453,
        "conversion_crs": "Polyconic lon_0=-67 lat_0=18 Clarke 1866 meters to EPSG:4326",
        "conversion_status": "derived_from_lab_coordinates_attributes_pending"
      },
      "geometry": {
        "type": "Point",
        "coordinates": [
          -66.43748474,
          18.29999923
        ]
      }
    },
    {
      "type": "Feature",
      "properties": {
        "source_id": "metallic_e00_lab_036",
        "source_file": "metallic.e00",
        "source_report": "USGS OFR 98-038",
        "geometry_source": "ARC/INFO E00 LAB coordinate",
        "source_x_m": 18.0,
        "source_y_m": 0.0,
        "conversion_crs": "Polyconic lon_0=-67 lat_0=18 Clarke 1866 meters to EPSG:4326",
        "conversion_status": "derived_from_lab_coordinates_attributes_pending"
      },
      "geometry": {
        "type": "Point",
        "coordinates": [
          -66.99983004,
          18.0
        ]
      }
    },
    {
      "type": "Feature",
      "properties": {
        "source_id": "metallic_e00_lab_037",
        "source_file": "metallic.e00",
        "source_report": "USGS OFR 98-038",
        "geometry_source": "ARC/INFO E00 LAB coordinate",
        "source_x_m": 24098.961,
        "source_y_m": 18767.5,
        "conversion_crs": "Polyconic lon_0=-67 lat_0=18 Clarke 1866 meters to EPSG:4326",
        "conversion_status": "derived_from_lab_coordinates_attributes_pending"
      },
      "geometry": {
        "type": "Point",
        "coordinates": [
          -66.77223206,
          18.16943739
        ]
      }
    },
    {
      "type": "Feature",
      "properties": {
        "source_id": "metallic_e00_lab_038",
        "source_file": "metallic.e00",
        "source_report": "USGS OFR 98-038",
        "geometry_source": "ARC/INFO E00 LAB coordinate",
        "source_x_m": 19.0,
        "source_y_m": 0.0,
        "conversion_crs": "Polyconic lon_0=-67 lat_0=18 Clarke 1866 meters to EPSG:4326",
        "conversion_status": "derived_from_lab_coordinates_attributes_pending"
      },
      "geometry": {
        "type": "Point",
        "coordinates": [
          -66.9998206,
          18.0
        ]
      }
    },
    {
      "type": "Feature",
      "properties": {
        "source_id": "metallic_e00_lab_039",
        "source_file": "metallic.e00",
        "source_report": "USGS OFR 98-038",
        "geometry_source": "ARC/INFO E00 LAB coordinate",
        "source_x_m": 59829.5,
        "source_y_m": 32065.617,
        "conversion_crs": "Polyconic lon_0=-67 lat_0=18 Clarke 1866 meters to EPSG:4326",
        "conversion_status": "derived_from_lab_coordinates_attributes_pending"
      },
      "geometry": {
        "type": "Point",
        "coordinates": [
          -66.4341431,
          18.28888699
        ]
      }
    },
    {
      "type": "Feature",
      "properties": {
        "source_id": "metallic_e00_lab_040",
        "source_file": "metallic.e00",
        "source_report": "USGS OFR 98-038",
        "geometry_source": "ARC/INFO E00 LAB coordinate",
        "source_x_m": 20.0,
        "source_y_m": 0.0,
        "conversion_crs": "Polyconic lon_0=-67 lat_0=18 Clarke 1866 meters to EPSG:4326",
        "conversion_status": "derived_from_lab_coordinates_attributes_pending"
      },
      "geometry": {
        "type": "Point",
        "coordinates": [
          -66.99981115,
          18.0
        ]
      }
    },
    {
      "type": "Feature",
      "properties": {
        "source_id": "metallic_e00_lab_041",
        "source_file": "metallic.e00",
        "source_report": "USGS OFR 98-038",
        "geometry_source": "ARC/INFO E00 LAB coordinate",
        "source_x_m": 26733.395,
        "source_y_m": 27225.559,
        "conversion_crs": "Polyconic lon_0=-67 lat_0=18 Clarke 1866 meters to EPSG:4326",
        "conversion_status": "derived_from_lab_coordinates_attributes_pending"
      },
      "geometry": {
        "type": "Point",
        "coordinates": [
          -66.7472229,
          18.2458267
        ]
      }
    },
    {
      "type": "Feature",
      "properties": {
        "source_id": "metallic_e00_lab_042",
        "source_file": "metallic.e00",
        "source_report": "USGS OFR 98-038",
        "geometry_source": "ARC/INFO E00 LAB coordinate",
        "source_x_m": 21.0,
        "source_y_m": 0.0,
        "conversion_crs": "Polyconic lon_0=-67 lat_0=18 Clarke 1866 meters to EPSG:4326",
        "conversion_status": "derived_from_lab_coordinates_attributes_pending"
      },
      "geometry": {
        "type": "Point",
        "coordinates": [
          -66.99980171,
          18.0
        ]
      }
    },
    {
      "type": "Feature",
      "properties": {
        "source_id": "metallic_e00_lab_043",
        "source_file": "metallic.e00",
        "source_report": "USGS OFR 98-038",
        "geometry_source": "ARC/INFO E00 LAB coordinate",
        "source_x_m": 29232.641,
        "source_y_m": 26459.914,
        "conversion_crs": "Polyconic lon_0=-67 lat_0=18 Clarke 1866 meters to EPSG:4326",
        "conversion_status": "derived_from_lab_coordinates_attributes_pending"
      },
      "geometry": {
        "type": "Point",
        "coordinates": [
          -66.7236023,
          18.23887632
        ]
      }
    },
    {
      "type": "Feature",
      "properties": {
        "source_id": "metallic_e00_lab_044",
        "source_file": "metallic.e00",
        "source_report": "USGS OFR 98-038",
        "geometry_source": "ARC/INFO E00 LAB coordinate",
        "source_x_m": 22.0,
        "source_y_m": 0.0,
        "conversion_crs": "Polyconic lon_0=-67 lat_0=18 Clarke 1866 meters to EPSG:4326",
        "conversion_status": "derived_from_lab_coordinates_attributes_pending"
      },
      "geometry": {
        "type": "Point",
        "coordinates": [
          -66.99979227,
          18.0
        ]
      }
    },
    {
      "type": "Feature",
      "properties": {
        "source_id": "metallic_e00_lab_045",
        "source_file": "metallic.e00",
        "source_report": "USGS OFR 98-038",
        "geometry_source": "ARC/INFO E00 LAB coordinate",
        "source_x_m": 29966.5,
        "source_y_m": 25693.047,
        "conversion_crs": "Polyconic lon_0=-67 lat_0=18 Clarke 1866 meters to EPSG:4326",
        "conversion_status": "derived_from_lab_coordinates_attributes_pending"
      },
      "geometry": {
        "type": "Point",
        "coordinates": [
          -66.71667482,
          18.2319374
        ]
      }
    },
    {
      "type": "Feature",
      "properties": {
        "source_id": "metallic_e00_lab_046",
        "source_file": "metallic.e00",
        "source_report": "USGS OFR 98-038",
        "geometry_source": "ARC/INFO E00 LAB coordinate",
        "source_x_m": 23.0,
        "source_y_m": 0.0,
        "conversion_crs": "Polyconic lon_0=-67 lat_0=18 Clarke 1866 meters to EPSG:4326",
        "conversion_status": "derived_from_lab_coordinates_attributes_pending"
      },
      "geometry": {
        "type": "Point",
        "coordinates": [
          -66.99978283,
          18.0
        ]
      }
    },
    {
      "type": "Feature",
      "properties": {
        "source_id": "metallic_e00_lab_047",
        "source_file": "metallic.e00",
        "source_report": "USGS OFR 98-038",
        "geometry_source": "ARC/INFO E00 LAB coordinate",
        "source_x_m": 29234.496,
        "source_y_m": 25230.457,
        "conversion_crs": "Polyconic lon_0=-67 lat_0=18 Clarke 1866 meters to EPSG:4326",
        "conversion_status": "derived_from_lab_coordinates_attributes_pending"
      },
      "geometry": {
        "type": "Point",
        "coordinates": [
          -66.72360231,
          18.22776793
        ]
      }
    },
    {
      "type": "Feature",
      "properties": {
        "source_id": "metallic_e00_lab_048",
        "source_file": "metallic.e00",
        "source_report": "USGS OFR 98-038",
        "geometry_source": "ARC/INFO E00 LAB coordinate",
        "source_x_m": 24.0,
        "source_y_m": 0.0,
        "conversion_crs": "Polyconic lon_0=-67 lat_0=18 Clarke 1866 meters to EPSG:4326",
        "conversion_status": "derived_from_lab_coordinates_attributes_pending"
      },
      "geometry": {
        "type": "Point",
        "coordinates": [
          -66.99977339,
          18.0
        ]
      }
    },
    {
      "type": "Feature",
      "properties": {
        "source_id": "metallic_e00_lab_049",
        "source_file": "metallic.e00",
        "source_report": "USGS OFR 98-038",
        "geometry_source": "ARC/INFO E00 LAB coordinate",
        "source_x_m": 33059.352,
        "source_y_m": 22469.473,
        "conversion_crs": "Polyconic lon_0=-67 lat_0=18 Clarke 1866 meters to EPSG:4326",
        "conversion_status": "derived_from_lab_coordinates_attributes_pending"
      },
      "geometry": {
        "type": "Point",
        "coordinates": [
          -66.68748476,
          18.20276642
        ]
      }
    },
    {
      "type": "Feature",
      "properties": {
        "source_id": "metallic_e00_lab_050",
        "source_file": "metallic.e00",
        "source_report": "USGS OFR 98-038",
        "geometry_source": "ARC/INFO E00 LAB coordinate",
        "source_x_m": 25.0,
        "source_y_m": 0.0,
        "conversion_crs": "Polyconic lon_0=-67 lat_0=18 Clarke 1866 meters to EPSG:4326",
        "conversion_status": "derived_from_lab_coordinates_attributes_pending"
      },
      "geometry": {
        "type": "Point",
        "coordinates": [
          -66.99976394,
          18.0
        ]
      }
    },
    {
      "type": "Feature",
      "properties": {
        "source_id": "metallic_e00_lab_051",
        "source_file": "metallic.e00",
        "source_report": "USGS OFR 98-038",
        "geometry_source": "ARC/INFO E00 LAB coordinate",
        "source_x_m": 30853.547,
        "source_y_m": 22004.367,
        "conversion_crs": "Polyconic lon_0=-67 lat_0=18 Clarke 1866 meters to EPSG:4326",
        "conversion_status": "derived_from_lab_coordinates_attributes_pending"
      },
      "geometry": {
        "type": "Point",
        "coordinates": [
          -66.70834353,
          18.19859692
        ]
      }
    },
    {
      "type": "Feature",
      "properties": {
        "source_id": "metallic_e00_lab_052",
        "source_file": "metallic.e00",
        "source_report": "USGS OFR 98-038",
        "geometry_source": "ARC/INFO E00 LAB coordinate",
        "source_x_m": 26.0,
        "source_y_m": 0.0,
        "conversion_crs": "Polyconic lon_0=-67 lat_0=18 Clarke 1866 meters to EPSG:4326",
        "conversion_status": "derived_from_lab_coordinates_attributes_pending"
      },
      "geometry": {
        "type": "Point",
        "coordinates": [
          -66.9997545,
          18.0
        ]
      }
    },
    {
      "type": "Feature",
      "properties": {
        "source_id": "metallic_e00_lab_053",
        "source_file": "metallic.e00",
        "source_report": "USGS OFR 98-038",
        "geometry_source": "ARC/INFO E00 LAB coordinate",
        "source_x_m": 75178.109,
        "source_y_m": 19420.223,
        "conversion_crs": "Polyconic lon_0=-67 lat_0=18 Clarke 1866 meters to EPSG:4326",
        "conversion_status": "derived_from_lab_coordinates_attributes_pending"
      },
      "geometry": {
        "type": "Point",
        "coordinates": [
          -66.28944398,
          18.17415619
        ]
      }
    },
    {
      "type": "Feature",
      "properties": {
        "source_id": "metallic_e00_lab_054",
        "source_file": "metallic.e00",
        "source_report": "USGS OFR 98-038",
        "geometry_source": "ARC/INFO E00 LAB coordinate",
        "source_x_m": 27.0,
        "source_y_m": 0.0,
        "conversion_crs": "Polyconic lon_0=-67 lat_0=18 Clarke 1866 meters to EPSG:4326",
        "conversion_status": "derived_from_lab_coordinates_attributes_pending"
      },
      "geometry": {
        "type": "Point",
        "coordinates": [
          -66.99974506,
          18.0
        ]
      }
    },
    {
      "type": "Feature",
      "properties": {
        "source_id": "metallic_e00_lab_055",
        "source_file": "metallic.e00",
        "source_report": "USGS OFR 98-038",
        "geometry_source": "ARC/INFO E00 LAB coordinate",
        "source_x_m": 79770.813,
        "source_y_m": 24604.578,
        "conversion_crs": "Polyconic lon_0=-67 lat_0=18 Clarke 1866 meters to EPSG:4326",
        "conversion_status": "derived_from_lab_coordinates_attributes_pending"
      },
      "geometry": {
        "type": "Point",
        "coordinates": [
          -66.24583448,
          18.22082901
        ]
      }
    },
    {
      "type": "Feature",
      "properties": {
        "source_id": "metallic_e00_lab_056",
        "source_file": "metallic.e00",
        "source_report": "USGS OFR 98-038",
        "geometry_source": "ARC/INFO E00 LAB coordinate",
        "source_x_m": 28.0,
        "source_y_m": 0.0,
        "conversion_crs": "Polyconic lon_0=-67 lat_0=18 Clarke 1866 meters to EPSG:4326",
        "conversion_status": "derived_from_lab_coordinates_attributes_pending"
      },
      "geometry": {
        "type": "Point",
        "coordinates": [
          -66.99973562,
          18.0
        ]
      }
    },
    {
      "type": "Feature",
      "properties": {
        "source_id": "metallic_e00_lab_057",
        "source_file": "metallic.e00",
        "source_report": "USGS OFR 98-038",
        "geometry_source": "ARC/INFO E00 LAB coordinate",
        "source_x_m": 87687.625,
        "source_y_m": 21717.699,
        "conversion_crs": "Polyconic lon_0=-67 lat_0=18 Clarke 1866 meters to EPSG:4326",
        "conversion_status": "derived_from_lab_coordinates_attributes_pending"
      },
      "geometry": {
        "type": "Point",
        "coordinates": [
          -66.17111207,
          18.19443893
        ]
      }
    },
    {
      "type": "Feature",
      "properties": {
        "source_id": "metallic_e00_lab_058",
        "source_file": "metallic.e00",
        "source_report": "USGS OFR 98-038",
        "geometry_source": "ARC/INFO E00 LAB coordinate",
        "source_x_m": 29.0,
        "source_y_m": 0.0,
        "conversion_crs": "Polyconic lon_0=-67 lat_0=18 Clarke 1866 meters to EPSG:4326",
        "conversion_status": "derived_from_lab_coordinates_attributes_pending"
      },
      "geometry": {
        "type": "Point",
        "coordinates": [
          -66.99972617,
          18.0
        ]
      }
    },
    {
      "type": "Feature",
      "properties": {
        "source_id": "metallic_e00_lab_059",
        "source_file": "metallic.e00",
        "source_report": "USGS OFR 98-038",
        "geometry_source": "ARC/INFO E00 LAB coordinate",
        "source_x_m": 98009.156,
        "source_y_m": 20106.766,
        "conversion_crs": "Polyconic lon_0=-67 lat_0=18 Clarke 1866 meters to EPSG:4326",
        "conversion_status": "derived_from_lab_coordinates_attributes_pending"
      },
      "geometry": {
        "type": "Point",
        "coordinates": [
          -66.07362378,
          18.17943953
        ]
      }
    },
    {
      "type": "Feature",
      "properties": {
        "source_id": "metallic_e00_lab_060",
        "source_file": "metallic.e00",
        "source_report": "USGS OFR 98-038",
        "geometry_source": "ARC/INFO E00 LAB coordinate",
        "source_x_m": 30.0,
        "source_y_m": 0.0,
        "conversion_crs": "Polyconic lon_0=-67 lat_0=18 Clarke 1866 meters to EPSG:4326",
        "conversion_status": "derived_from_lab_coordinates_attributes_pending"
      },
      "geometry": {
        "type": "Point",
        "coordinates": [
          -66.99971673,
          18.0
        ]
      }
    },
    {
      "type": "Feature",
      "properties": {
        "source_id": "metallic_e00_lab_061",
        "source_file": "metallic.e00",
        "source_report": "USGS OFR 98-038",
        "geometry_source": "ARC/INFO E00 LAB coordinate",
        "source_x_m": 109434.08,
        "source_y_m": 26992.879,
        "conversion_crs": "Polyconic lon_0=-67 lat_0=18 Clarke 1866 meters to EPSG:4326",
        "conversion_status": "derived_from_lab_coordinates_attributes_pending"
      },
      "geometry": {
        "type": "Point",
        "coordinates": [
          -65.96527099,
          18.24109649
        ]
      }
    },
    {
      "type": "Feature",
      "properties": {
        "source_id": "metallic_e00_lab_062",
        "source_file": "metallic.e00",
        "source_report": "USGS OFR 98-038",
        "geometry_source": "ARC/INFO E00 LAB coordinate",
        "source_x_m": 31.0,
        "source_y_m": 0.0,
        "conversion_crs": "Polyconic lon_0=-67 lat_0=18 Clarke 1866 meters to EPSG:4326",
        "conversion_status": "derived_from_lab_coordinates_attributes_pending"
      },
      "geometry": {
        "type": "Point",
        "coordinates": [
          -66.99970729,
          18.0
        ]
      }
    },
    {
      "type": "Feature",
      "properties": {
        "source_id": "metallic_e00_lab_063",
        "source_file": "metallic.e00",
        "source_report": "USGS OFR 98-038",
        "geometry_source": "ARC/INFO E00 LAB coordinate",
        "source_x_m": 59084.367,
        "source_y_m": 5960.155,
        "conversion_crs": "Polyconic lon_0=-67 lat_0=18 Clarke 1866 meters to EPSG:4326",
        "conversion_status": "derived_from_lab_coordinates_attributes_pending"
      },
      "geometry": {
        "type": "Point",
        "coordinates": [
          -66.44194033,
          18.05304717
        ]
      }
    },
    {
      "type": "Feature",
      "properties": {
        "source_id": "metallic_e00_lab_064",
        "source_file": "metallic.e00",
        "source_report": "USGS OFR 98-038",
        "geometry_source": "ARC/INFO E00 LAB coordinate",
        "source_x_m": 32.0,
        "source_y_m": 0.0,
        "conversion_crs": "Polyconic lon_0=-67 lat_0=18 Clarke 1866 meters to EPSG:4326",
        "conversion_status": "derived_from_lab_coordinates_attributes_pending"
      },
      "geometry": {
        "type": "Point",
        "coordinates": [
          -66.99969785,
          18.0
        ]
      }
    },
    {
      "type": "Feature",
      "properties": {
        "source_id": "metallic_e00_lab_065",
        "source_file": "metallic.e00",
        "source_report": "USGS OFR 98-038",
        "geometry_source": "ARC/INFO E00 LAB coordinate",
        "source_x_m": 109873.53,
        "source_y_m": 26903.734,
        "conversion_crs": "Polyconic lon_0=-67 lat_0=18 Clarke 1866 meters to EPSG:4326",
        "conversion_status": "derived_from_lab_coordinates_attributes_pending"
      },
      "geometry": {
        "type": "Point",
        "coordinates": [
          -65.96112075,
          18.24026869
        ]
      }
    },
    {
      "type": "Feature",
      "properties": {
        "source_id": "metallic_e00_lab_066",
        "source_file": "metallic.e00",
        "source_report": "USGS OFR 98-038",
        "geometry_source": "ARC/INFO E00 LAB coordinate",
        "source_x_m": 33.0,
        "source_y_m": 0.0,
        "conversion_crs": "Polyconic lon_0=-67 lat_0=18 Clarke 1866 meters to EPSG:4326",
        "conversion_status": "derived_from_lab_coordinates_attributes_pending"
      },
      "geometry": {
        "type": "Point",
        "coordinates": [
          -66.9996884,
          18.0
        ]
      }
    },
    {
      "type": "Feature",
      "properties": {
        "source_id": "metallic_e00_lab_067",
        "source_file": "metallic.e00",
        "source_report": "USGS OFR 98-038",
        "geometry_source": "ARC/INFO E00 LAB coordinate",
        "source_x_m": 109583.17,
        "source_y_m": 26595.52,
        "conversion_crs": "Polyconic lon_0=-67 lat_0=18 Clarke 1866 meters to EPSG:4326",
        "conversion_status": "derived_from_lab_coordinates_attributes_pending"
      },
      "geometry": {
        "type": "Point",
        "coordinates": [
          -65.9638826,
          18.23749921
        ]
      }
    },
    {
      "type": "Feature",
      "properties": {
        "source_id": "metallic_e00_lab_068",
        "source_file": "metallic.e00",
        "source_report": "USGS OFR 98-038",
        "geometry_source": "ARC/INFO E00 LAB coordinate",
        "source_x_m": 34.0,
        "source_y_m": 0.0,
        "conversion_crs": "Polyconic lon_0=-67 lat_0=18 Clarke 1866 meters to EPSG:4326",
        "conversion_status": "derived_from_lab_coordinates_attributes_pending"
      },
      "geometry": {
        "type": "Point",
        "coordinates": [
          -66.99967896,
          18.0
        ]
      }
    },
    {
      "type": "Feature",
      "properties": {
        "source_id": "metallic_e00_lab_069",
        "source_file": "metallic.e00",
        "source_report": "USGS OFR 98-038",
        "geometry_source": "ARC/INFO E00 LAB coordinate",
        "source_x_m": 63084.242,
        "source_y_m": 5512.423,
        "conversion_crs": "Polyconic lon_0=-67 lat_0=18 Clarke 1866 meters to EPSG:4326",
        "conversion_status": "derived_from_lab_coordinates_attributes_pending"
      },
      "geometry": {
        "type": "Point",
        "coordinates": [
          -66.40417486,
          18.04888915
        ]
      }
    },
    {
      "type": "Feature",
      "properties": {
        "source_id": "metallic_e00_lab_070",
        "source_file": "metallic.e00",
        "source_report": "USGS OFR 98-038",
        "geometry_source": "ARC/INFO E00 LAB coordinate",
        "source_x_m": 35.0,
        "source_y_m": 0.0,
        "conversion_crs": "Polyconic lon_0=-67 lat_0=18 Clarke 1866 meters to EPSG:4326",
        "conversion_status": "derived_from_lab_coordinates_attributes_pending"
      },
      "geometry": {
        "type": "Point",
        "coordinates": [
          -66.99966952,
          18.0
        ]
      }
    },
    {
      "type": "Feature",
      "properties": {
        "source_id": "metallic_e00_lab_071",
        "source_file": "metallic.e00",
        "source_report": "USGS OFR 98-038",
        "geometry_source": "ARC/INFO E00 LAB coordinate",
        "source_x_m": 109939.22,
        "source_y_m": 26136.0,
        "conversion_crs": "Polyconic lon_0=-67 lat_0=18 Clarke 1866 meters to EPSG:4326",
        "conversion_status": "derived_from_lab_coordinates_attributes_pending"
      },
      "geometry": {
        "type": "Point",
        "coordinates": [
          -65.96054086,
          18.23332977
        ]
      }
    },
    {
      "type": "Feature",
      "properties": {
        "source_id": "metallic_e00_lab_072",
        "source_file": "metallic.e00",
        "source_report": "USGS OFR 98-038",
        "geometry_source": "ARC/INFO E00 LAB coordinate",
        "source_x_m": 36.0,
        "source_y_m": 0.0,
        "conversion_crs": "Polyconic lon_0=-67 lat_0=18 Clarke 1866 meters to EPSG:4326",
        "conversion_status": "derived_from_lab_coordinates_attributes_pending"
      },
      "geometry": {
        "type": "Point",
        "coordinates": [
          -66.99966008,
          18.0
        ]
      }
    },
    {
      "type": "Feature",
      "properties": {
        "source_id": "metallic_e00_lab_073",
        "source_file": "metallic.e00",
        "source_report": "USGS OFR 98-038",
        "geometry_source": "ARC/INFO E00 LAB coordinate",
        "source_x_m": 57822.938,
        "source_y_m": 5311.25,
        "conversion_crs": "Polyconic lon_0=-67 lat_0=18 Clarke 1866 meters to EPSG:4326",
        "conversion_status": "derived_from_lab_coordinates_attributes_pending"
      },
      "geometry": {
        "type": "Point",
        "coordinates": [
          -66.45387273,
          18.04721832
        ]
      }
    },
    {
      "type": "Feature",
      "properties": {
        "source_id": "metallic_e00_lab_074",
        "source_file": "metallic.e00",
        "source_report": "USGS OFR 98-038",
        "geometry_source": "ARC/INFO E00 LAB coordinate",
        "source_x_m": 37.0,
        "source_y_m": 0.0,
        "conversion_crs": "Polyconic lon_0=-67 lat_0=18 Clarke 1866 meters to EPSG:4326",
        "conversion_status": "derived_from_lab_coordinates_attributes_pending"
      },
      "geometry": {
        "type": "Point",
        "coordinates": [
          -66.99965064,
          18.0
        ]
      }
    },
    {
      "type": "Feature",
      "properties": {
        "source_id": "metallic_e00_lab_075",
        "source_file": "metallic.e00",
        "source_report": "USGS OFR 98-038",
        "geometry_source": "ARC/INFO E00 LAB coordinate",
        "source_x_m": 110345.98,
        "source_y_m": 26691.484,
        "conversion_crs": "Polyconic lon_0=-67 lat_0=18 Clarke 1866 meters to EPSG:4326",
        "conversion_status": "derived_from_lab_coordinates_attributes_pending"
      },
      "geometry": {
        "type": "Point",
        "coordinates": [
          -65.95666516,
          18.23832699
        ]
      }
    },
    {
      "type": "Feature",
      "properties": {
        "source_id": "metallic_e00_lab_076",
        "source_file": "metallic.e00",
        "source_report": "USGS OFR 98-038",
        "geometry_source": "ARC/INFO E00 LAB coordinate",
        "source_x_m": 38.0,
        "source_y_m": 0.0,
        "conversion_crs": "Polyconic lon_0=-67 lat_0=18 Clarke 1866 meters to EPSG:4326",
        "conversion_status": "derived_from_lab_coordinates_attributes_pending"
      },
      "geometry": {
        "type": "Point",
        "coordinates": [
          -66.99964119,
          18.0
        ]
      }
    },
    {
      "type": "Feature",
      "properties": {
        "source_id": "metallic_e00_lab_077",
        "source_file": "metallic.e00",
        "source_report": "USGS OFR 98-038",
        "geometry_source": "ARC/INFO E00 LAB coordinate",
        "source_x_m": 57351.555,
        "source_y_m": 4633.482,
        "conversion_crs": "Polyconic lon_0=-67 lat_0=18 Clarke 1866 meters to EPSG:4326",
        "conversion_status": "derived_from_lab_coordinates_attributes_pending"
      },
      "geometry": {
        "type": "Point",
        "coordinates": [
          -66.45834357,
          18.04110717
        ]
      }
    },
    {
      "type": "Feature",
      "properties": {
        "source_id": "metallic_e00_lab_078",
        "source_file": "metallic.e00",
        "source_report": "USGS OFR 98-038",
        "geometry_source": "ARC/INFO E00 LAB coordinate",
        "source_x_m": 39.0,
        "source_y_m": 0.0,
        "conversion_crs": "Polyconic lon_0=-67 lat_0=18 Clarke 1866 meters to EPSG:4326",
        "conversion_status": "derived_from_lab_coordinates_attributes_pending"
      },
      "geometry": {
        "type": "Point",
        "coordinates": [
          -66.99963175,
          18.0
        ]
      }
    },
    {
      "type": "Feature",
      "properties": {
        "source_id": "metallic_e00_lab_079",
        "source_file": "metallic.e00",
        "source_report": "USGS OFR 98-038",
        "geometry_source": "ARC/INFO E00 LAB coordinate",
        "source_x_m": 60676.797,
        "source_y_m": 4551.88,
        "conversion_crs": "Polyconic lon_0=-67 lat_0=18 Clarke 1866 meters to EPSG:4326",
        "conversion_status": "derived_from_lab_coordinates_attributes_pending"
      },
      "geometry": {
        "type": "Point",
        "coordinates": [
          -66.42694093,
          18.04027938
        ]
      }
    },
    {
      "type": "Feature",
      "properties": {
        "source_id": "metallic_e00_lab_080",
        "source_file": "metallic.e00",
        "source_report": "USGS OFR 98-038",
        "geometry_source": "ARC/INFO E00 LAB coordinate",
        "source_x_m": 40.0,
        "source_y_m": 0.0,
        "conversion_crs": "Polyconic lon_0=-67 lat_0=18 Clarke 1866 meters to EPSG:4326",
        "conversion_status": "derived_from_lab_coordinates_attributes_pending"
      },
      "geometry": {
        "type": "Point",
        "coordinates": [
          -66.99962231,
          18.0
        ]
      }
    },
    {
      "type": "Feature",
      "properties": {
        "source_id": "metallic_e00_lab_081",
        "source_file": "metallic.e00",
        "source_report": "USGS OFR 98-038",
        "geometry_source": "ARC/INFO E00 LAB coordinate",
        "source_x_m": 61618.25,
        "source_y_m": 4184.96,
        "conversion_crs": "Polyconic lon_0=-67 lat_0=18 Clarke 1866 meters to EPSG:4326",
        "conversion_status": "derived_from_lab_coordinates_attributes_pending"
      },
      "geometry": {
        "type": "Point",
        "coordinates": [
          -66.41806038,
          18.03693771
        ]
      }
    },
    {
      "type": "Feature",
      "properties": {
        "source_id": "metallic_e00_lab_082",
        "source_file": "metallic.e00",
        "source_report": "USGS OFR 98-038",
        "geometry_source": "ARC/INFO E00 LAB coordinate",
        "source_x_m": 41.0,
        "source_y_m": 0.0,
        "conversion_crs": "Polyconic lon_0=-67 lat_0=18 Clarke 1866 meters to EPSG:4326",
        "conversion_status": "derived_from_lab_coordinates_attributes_pending"
      },
      "geometry": {
        "type": "Point",
        "coordinates": [
          -66.99961287,
          18.0
        ]
      }
    },
    {
      "type": "Feature",
      "properties": {
        "source_id": "metallic_e00_lab_083",
        "source_file": "metallic.e00",
        "source_report": "USGS OFR 98-038",
        "geometry_source": "ARC/INFO E00 LAB coordinate",
        "source_x_m": 57913.742,
        "source_y_m": 3559.344,
        "conversion_crs": "Polyconic lon_0=-67 lat_0=18 Clarke 1866 meters to EPSG:4326",
        "conversion_status": "derived_from_lab_coordinates_attributes_pending"
      },
      "geometry": {
        "type": "Point",
        "coordinates": [
          -66.45306401,
          18.03138733
        ]
      }
    },
    {
      "type": "Feature",
      "properties": {
        "source_id": "metallic_e00_lab_084",
        "source_file": "metallic.e00",
        "source_report": "USGS OFR 98-038",
        "geometry_source": "ARC/INFO E00 LAB coordinate",
        "source_x_m": 42.0,
        "source_y_m": 0.0,
        "conversion_crs": "Polyconic lon_0=-67 lat_0=18 Clarke 1866 meters to EPSG:4326",
        "conversion_status": "derived_from_lab_coordinates_attributes_pending"
      },
      "geometry": {
        "type": "Point",
        "coordinates": [
          -66.99960342,
          18.0
        ]
      }
    },
    {
      "type": "Feature",
      "properties": {
        "source_id": "metallic_e00_lab_085",
        "source_file": "metallic.e00",
        "source_report": "USGS OFR 98-038",
        "geometry_source": "ARC/INFO E00 LAB coordinate",
        "source_x_m": 102278.47,
        "source_y_m": 18713.785,
        "conversion_crs": "Polyconic lon_0=-67 lat_0=18 Clarke 1866 meters to EPSG:4326",
        "conversion_status": "derived_from_lab_coordinates_attributes_pending"
      },
      "geometry": {
        "type": "Point",
        "coordinates": [
          -66.0333405,
          18.16665648
        ]
      }
    },
    {
      "type": "Feature",
      "properties": {
        "source_id": "metallic_e00_lab_086",
        "source_file": "metallic.e00",
        "source_report": "USGS OFR 98-038",
        "geometry_source": "ARC/INFO E00 LAB coordinate",
        "source_x_m": 43.0,
        "source_y_m": 0.0,
        "conversion_crs": "Polyconic lon_0=-67 lat_0=18 Clarke 1866 meters to EPSG:4326",
        "conversion_status": "derived_from_lab_coordinates_attributes_pending"
      },
      "geometry": {
        "type": "Point",
        "coordinates": [
          -66.99959398,
          18.0
        ]
      }
    },
    {
      "type": "Feature",
      "properties": {
        "source_id": "metallic_e00_lab_087",
        "source_file": "metallic.e00",
        "source_report": "USGS OFR 98-038",
        "geometry_source": "ARC/INFO E00 LAB coordinate",
        "source_x_m": 79820.656,
        "source_y_m": 12460.07,
        "conversion_crs": "Polyconic lon_0=-67 lat_0=18 Clarke 1866 meters to EPSG:4326",
        "conversion_status": "derived_from_lab_coordinates_attributes_pending"
      },
      "geometry": {
        "type": "Point",
        "coordinates": [
          -66.24583442,
          18.11110686
        ]
      }
    },
    {
      "type": "Feature",
      "properties": {
        "source_id": "metallic_e00_lab_088",
        "source_file": "metallic.e00",
        "source_report": "USGS OFR 98-038",
        "geometry_source": "ARC/INFO E00 LAB coordinate",
        "source_x_m": 44.0,
        "source_y_m": 0.0,
        "conversion_crs": "Polyconic lon_0=-67 lat_0=18 Clarke 1866 meters to EPSG:4326",
        "conversion_status": "derived_from_lab_coordinates_attributes_pending"
      },
      "geometry": {
        "type": "Point",
        "coordinates": [
          -66.99958454,
          18.0
        ]
      }
    },
    {
      "type": "Feature",
      "properties": {
        "source_id": "metallic_e00_lab_089",
        "source_file": "metallic.e00",
        "source_report": "USGS OFR 98-038",
        "geometry_source": "ARC/INFO E00 LAB coordinate",
        "source_x_m": -14116.668,
        "source_y_m": 5538.743,
        "conversion_crs": "Polyconic lon_0=-67 lat_0=18 Clarke 1866 meters to EPSG:4326",
        "conversion_status": "derived_from_lab_coordinates_attributes_pending"
      },
      "geometry": {
        "type": "Point",
        "coordinates": [
          -67.13333131,
          18.04999923
        ]
      }
    },
    {
      "type": "Feature",
      "properties": {
        "source_id": "metallic_e00_lab_090",
        "source_file": "metallic.e00",
        "source_report": "USGS OFR 98-038",
        "geometry_source": "ARC/INFO E00 LAB coordinate",
        "source_x_m": 45.0,
        "source_y_m": 0.0,
        "conversion_crs": "Polyconic lon_0=-67 lat_0=18 Clarke 1866 meters to EPSG:4326",
        "conversion_status": "derived_from_lab_coordinates_attributes_pending"
      },
      "geometry": {
        "type": "Point",
        "coordinates": [
          -66.9995751,
          18.0
        ]
      }
    },
    {
      "type": "Feature",
      "properties": {
        "source_id": "metallic_e00_lab_091",
        "source_file": "metallic.e00",
        "source_report": "USGS OFR 98-038",
        "geometry_source": "ARC/INFO E00 LAB coordinate",
        "source_x_m": -8819.965,
        "source_y_m": 14758.051,
        "conversion_crs": "Polyconic lon_0=-67 lat_0=18 Clarke 1866 meters to EPSG:4326",
        "conversion_status": "derived_from_lab_coordinates_attributes_pending"
      },
      "geometry": {
        "type": "Point",
        "coordinates": [
          -67.08334352,
          18.13332748
        ]
      }
    },
    {
      "type": "Feature",
      "properties": {
        "source_id": "metallic_e00_lab_092",
        "source_file": "metallic.e00",
        "source_report": "USGS OFR 98-038",
        "geometry_source": "ARC/INFO E00 LAB coordinate",
        "source_x_m": 46.0,
        "source_y_m": 0.0,
        "conversion_crs": "Polyconic lon_0=-67 lat_0=18 Clarke 1866 meters to EPSG:4326",
        "conversion_status": "derived_from_lab_coordinates_attributes_pending"
      },
      "geometry": {
        "type": "Point",
        "coordinates": [
          -66.99956565,
          18.0
        ]
      }
    },
    {
      "type": "Feature",
      "properties": {
        "source_id": "metallic_e00_lab_093",
        "source_file": "metallic.e00",
        "source_report": "USGS OFR 98-038",
        "geometry_source": "ARC/INFO E00 LAB coordinate",
        "source_x_m": 91299.016,
        "source_y_m": 9589.344,
        "conversion_crs": "Polyconic lon_0=-67 lat_0=18 Clarke 1866 meters to EPSG:4326",
        "conversion_status": "derived_from_lab_coordinates_attributes_pending"
      },
      "geometry": {
        "type": "Point",
        "coordinates": [
          -66.13751231,
          18.08471679
        ]
      }
    },
    {
      "type": "Feature",
      "properties": {
        "source_id": "metallic_e00_lab_094",
        "source_file": "metallic.e00",
        "source_report": "USGS OFR 98-038",
        "geometry_source": "ARC/INFO E00 LAB coordinate",
        "source_x_m": 47.0,
        "source_y_m": 0.0,
        "conversion_crs": "Polyconic lon_0=-67 lat_0=18 Clarke 1866 meters to EPSG:4326",
        "conversion_status": "derived_from_lab_coordinates_attributes_pending"
      },
      "geometry": {
        "type": "Point",
        "coordinates": [
          -66.99955621,
          18.0
        ]
      }
    },
    {
      "type": "Feature",
      "properties": {
        "source_id": "metallic_e00_lab_095",
        "source_file": "metallic.e00",
        "source_report": "USGS OFR 98-038",
        "geometry_source": "ARC/INFO E00 LAB coordinate",
        "source_x_m": 63349.211,
        "source_y_m": 32753.254,
        "conversion_crs": "Polyconic lon_0=-67 lat_0=18 Clarke 1866 meters to EPSG:4326",
        "conversion_status": "derived_from_lab_coordinates_attributes_pending"
      },
      "geometry": {
        "type": "Point",
        "coordinates": [
          -66.40083318,
          18.29499816
        ]
      }
    },
    {
      "type": "Feature",
      "properties": {
        "source_id": "metallic_e00_lab_096",
        "source_file": "metallic.e00",
        "source_report": "USGS OFR 98-038",
        "geometry_source": "ARC/INFO E00 LAB coordinate",
        "source_x_m": 48.0,
        "source_y_m": 0.0,
        "conversion_crs": "Polyconic lon_0=-67 lat_0=18 Clarke 1866 meters to EPSG:4326",
        "conversion_status": "derived_from_lab_coordinates_attributes_pending"
      },
      "geometry": {
        "type": "Point",
        "coordinates": [
          -66.99954677,
          18.0
        ]
      }
    },
    {
      "type": "Feature",
      "properties": {
        "source_id": "metallic_e00_lab_097",
        "source_file": "metallic.e00",
        "source_report": "USGS OFR 98-038",
        "geometry_source": "ARC/INFO E00 LAB coordinate",
        "source_x_m": 63621.992,
        "source_y_m": 30263.863,
        "conversion_crs": "Polyconic lon_0=-67 lat_0=18 Clarke 1866 meters to EPSG:4326",
        "conversion_status": "derived_from_lab_coordinates_attributes_pending"
      },
      "geometry": {
        "type": "Point",
        "coordinates": [
          -66.39833076,
          18.27249906
        ]
      }
    },
    {
      "type": "Feature",
      "properties": {
        "source_id": "metallic_e00_lab_098",
        "source_file": "metallic.e00",
        "source_report": "USGS OFR 98-038",
        "geometry_source": "ARC/INFO E00 LAB coordinate",
        "source_x_m": 49.0,
        "source_y_m": 0.0,
        "conversion_crs": "Polyconic lon_0=-67 lat_0=18 Clarke 1866 meters to EPSG:4326",
        "conversion_status": "derived_from_lab_coordinates_attributes_pending"
      },
      "geometry": {
        "type": "Point",
        "coordinates": [
          -66.99953733,
          18.0
        ]
      }
    },
    {
      "type": "Feature",
      "properties": {
        "source_id": "metallic_e00_lab_099",
        "source_file": "metallic.e00",
        "source_report": "USGS OFR 98-038",
        "geometry_source": "ARC/INFO E00 LAB coordinate",
        "source_x_m": 63449.758,
        "source_y_m": 29156.223,
        "conversion_crs": "Polyconic lon_0=-67 lat_0=18 Clarke 1866 meters to EPSG:4326",
        "conversion_status": "derived_from_lab_coordinates_attributes_pending"
      },
      "geometry": {
        "type": "Point",
        "coordinates": [
          -66.39999394,
          18.26249692
        ]
      }
    },
    {
      "type": "Feature",
      "properties": {
        "source_id": "metallic_e00_lab_100",
        "source_file": "metallic.e00",
        "source_report": "USGS OFR 98-038",
        "geometry_source": "ARC/INFO E00 LAB coordinate",
        "source_x_m": 50.0,
        "source_y_m": 0.0,
        "conversion_crs": "Polyconic lon_0=-67 lat_0=18 Clarke 1866 meters to EPSG:4326",
        "conversion_status": "derived_from_lab_coordinates_attributes_pending"
      },
      "geometry": {
        "type": "Point",
        "coordinates": [
          -66.99952789,
          18.0
        ]
      }
    },
    {
      "type": "Feature",
      "properties": {
        "source_id": "metallic_e00_lab_101",
        "source_file": "metallic.e00",
        "source_report": "USGS OFR 98-038",
        "geometry_source": "ARC/INFO E00 LAB coordinate",
        "source_x_m": 71026.438,
        "source_y_m": 37268.313,
        "conversion_crs": "Polyconic lon_0=-67 lat_0=18 Clarke 1866 meters to EPSG:4326",
        "conversion_status": "derived_from_lab_coordinates_attributes_pending"
      },
      "geometry": {
        "type": "Point",
        "coordinates": [
          -66.32806401,
          18.33554834
        ]
      }
    },
    {
      "type": "Feature",
      "properties": {
        "source_id": "metallic_e00_lab_102",
        "source_file": "metallic.e00",
        "source_report": "USGS OFR 98-038",
        "geometry_source": "ARC/INFO E00 LAB coordinate",
        "source_x_m": 51.0,
        "source_y_m": 0.0,
        "conversion_crs": "Polyconic lon_0=-67 lat_0=18 Clarke 1866 meters to EPSG:4326",
        "conversion_status": "derived_from_lab_coordinates_attributes_pending"
      },
      "geometry": {
        "type": "Point",
        "coordinates": [
          -66.99951844,
          18.0
        ]
      }
    },
    {
      "type": "Feature",
      "properties": {
        "source_id": "metallic_e00_lab_103",
        "source_file": "metallic.e00",
        "source_report": "USGS OFR 98-038",
        "geometry_source": "ARC/INFO E00 LAB coordinate",
        "source_x_m": 70879.766,
        "source_y_m": 37236.953,
        "conversion_crs": "Polyconic lon_0=-67 lat_0=18 Clarke 1866 meters to EPSG:4326",
        "conversion_status": "derived_from_lab_coordinates_attributes_pending"
      },
      "geometry": {
        "type": "Point",
        "coordinates": [
          -66.32945266,
          18.3352699
        ]
      }
    },
    {
      "type": "Feature",
      "properties": {
        "source_id": "metallic_e00_lab_104",
        "source_file": "metallic.e00",
        "source_report": "USGS OFR 98-038",
        "geometry_source": "ARC/INFO E00 LAB coordinate",
        "source_x_m": 52.0,
        "source_y_m": 0.0,
        "conversion_crs": "Polyconic lon_0=-67 lat_0=18 Clarke 1866 meters to EPSG:4326",
        "conversion_status": "derived_from_lab_coordinates_attributes_pending"
      },
      "geometry": {
        "type": "Point",
        "coordinates": [
          -66.999509,
          18.0
        ]
      }
    },
    {
      "type": "Feature",
      "properties": {
        "source_id": "metallic_e00_lab_105",
        "source_file": "metallic.e00",
        "source_report": "USGS OFR 98-038",
        "geometry_source": "ARC/INFO E00 LAB coordinate",
        "source_x_m": 73560.203,
        "source_y_m": 35617.602,
        "conversion_crs": "Polyconic lon_0=-67 lat_0=18 Clarke 1866 meters to EPSG:4326",
        "conversion_status": "derived_from_lab_coordinates_attributes_pending"
      },
      "geometry": {
        "type": "Point",
        "coordinates": [
          -66.30415353,
          18.32054899
        ]
      }
    },
    {
      "type": "Feature",
      "properties": {
        "source_id": "metallic_e00_lab_106",
        "source_file": "metallic.e00",
        "source_report": "USGS OFR 98-038",
        "geometry_source": "ARC/INFO E00 LAB coordinate",
        "source_x_m": 53.0,
        "source_y_m": 0.0,
        "conversion_crs": "Polyconic lon_0=-67 lat_0=18 Clarke 1866 meters to EPSG:4326",
        "conversion_status": "derived_from_lab_coordinates_attributes_pending"
      },
      "geometry": {
        "type": "Point",
        "coordinates": [
          -66.99949956,
          18.0
        ]
      }
    },
    {
      "type": "Feature",
      "properties": {
        "source_id": "metallic_e00_lab_107",
        "source_file": "metallic.e00",
        "source_report": "USGS OFR 98-038",
        "geometry_source": "ARC/INFO E00 LAB coordinate",
        "source_x_m": 71218.484,
        "source_y_m": 32872.734,
        "conversion_crs": "Polyconic lon_0=-67 lat_0=18 Clarke 1866 meters to EPSG:4326",
        "conversion_status": "derived_from_lab_coordinates_attributes_pending"
      },
      "geometry": {
        "type": "Point",
        "coordinates": [
          -66.32640083,
          18.29582973
        ]
      }
    },
    {
      "type": "Feature",
      "properties": {
        "source_id": "metallic_e00_lab_108",
        "source_file": "metallic.e00",
        "source_report": "USGS OFR 98-038",
        "geometry_source": "ARC/INFO E00 LAB coordinate",
        "source_x_m": 54.0,
        "source_y_m": 0.0,
        "conversion_crs": "Polyconic lon_0=-67 lat_0=18 Clarke 1866 meters to EPSG:4326",
        "conversion_status": "derived_from_lab_coordinates_attributes_pending"
      },
      "geometry": {
        "type": "Point",
        "coordinates": [
          -66.99949012,
          18.0
        ]
      }
    },
    {
      "type": "Feature",
      "properties": {
        "source_id": "metallic_e00_lab_109",
        "source_file": "metallic.e00",
        "source_report": "USGS OFR 98-038",
        "geometry_source": "ARC/INFO E00 LAB coordinate",
        "source_x_m": 32032.055,
        "source_y_m": 21914.66,
        "conversion_crs": "Polyconic lon_0=-67 lat_0=18 Clarke 1866 meters to EPSG:4326",
        "conversion_status": "derived_from_lab_coordinates_attributes_pending"
      },
      "geometry": {
        "type": "Point",
        "coordinates": [
          -66.6972046,
          18.19776915
        ]
      }
    },
    {
      "type": "Feature",
      "properties": {
        "source_id": "metallic_e00_lab_110",
        "source_file": "metallic.e00",
        "source_report": "USGS OFR 98-038",
        "geometry_source": "ARC/INFO E00 LAB coordinate",
        "source_x_m": 55.0,
        "source_y_m": 0.0,
        "conversion_crs": "Polyconic lon_0=-67 lat_0=18 Clarke 1866 meters to EPSG:4326",
        "conversion_status": "derived_from_lab_coordinates_attributes_pending"
      },
      "geometry": {
        "type": "Point",
        "coordinates": [
          -66.99948067,
          18.0
        ]
      }
    },
    {
      "type": "Feature",
      "properties": {
        "source_id": "metallic_e00_lab_111",
        "source_file": "metallic.e00",
        "source_report": "USGS OFR 98-038",
        "geometry_source": "ARC/INFO E00 LAB coordinate",
        "source_x_m": 69899.594,
        "source_y_m": 32653.0,
        "conversion_crs": "Polyconic lon_0=-67 lat_0=18 Clarke 1866 meters to EPSG:4326",
        "conversion_status": "derived_from_lab_coordinates_attributes_pending"
      },
      "geometry": {
        "type": "Point",
        "coordinates": [
          -66.33888258,
          18.29388808
        ]
      }
    },
    {
      "type": "Feature",
      "properties": {
        "source_id": "metallic_e00_lab_112",
        "source_file": "metallic.e00",
        "source_report": "USGS OFR 98-038",
        "geometry_source": "ARC/INFO E00 LAB coordinate",
        "source_x_m": 56.0,
        "source_y_m": 0.0,
        "conversion_crs": "Polyconic lon_0=-67 lat_0=18 Clarke 1866 meters to EPSG:4326",
        "conversion_status": "derived_from_lab_coordinates_attributes_pending"
      },
      "geometry": {
        "type": "Point",
        "coordinates": [
          -66.99947123,
          18.0
        ]
      }
    },
    {
      "type": "Feature",
      "properties": {
        "source_id": "metallic_e00_lab_113",
        "source_file": "metallic.e00",
        "source_report": "USGS OFR 98-038",
        "geometry_source": "ARC/INFO E00 LAB coordinate",
        "source_x_m": 33147.563,
        "source_y_m": 21855.734,
        "conversion_crs": "Polyconic lon_0=-67 lat_0=18 Clarke 1866 meters to EPSG:4326",
        "conversion_status": "derived_from_lab_coordinates_attributes_pending"
      },
      "geometry": {
        "type": "Point",
        "coordinates": [
          -66.6866608,
          18.19721982
        ]
      }
    },
    {
      "type": "Feature",
      "properties": {
        "source_id": "metallic_e00_lab_114",
        "source_file": "metallic.e00",
        "source_report": "USGS OFR 98-038",
        "geometry_source": "ARC/INFO E00 LAB coordinate",
        "source_x_m": 57.0,
        "source_y_m": 0.0,
        "conversion_crs": "Polyconic lon_0=-67 lat_0=18 Clarke 1866 meters to EPSG:4326",
        "conversion_status": "derived_from_lab_coordinates_attributes_pending"
      },
      "geometry": {
        "type": "Point",
        "coordinates": [
          -66.99946179,
          18.0
        ]
      }
    },
    {
      "type": "Feature",
      "properties": {
        "source_id": "metallic_e00_lab_115",
        "source_file": "metallic.e00",
        "source_report": "USGS OFR 98-038",
        "geometry_source": "ARC/INFO E00 LAB coordinate",
        "source_x_m": 75040.578,
        "source_y_m": 31995.883,
        "conversion_crs": "Polyconic lon_0=-67 lat_0=18 Clarke 1866 meters to EPSG:4326",
        "conversion_status": "derived_from_lab_coordinates_attributes_pending"
      },
      "geometry": {
        "type": "Point",
        "coordinates": [
          -66.29028327,
          18.28777693
        ]
      }
    },
    {
      "type": "Feature",
      "properties": {
        "source_id": "metallic_e00_lab_116",
        "source_file": "metallic.e00",
        "source_report": "USGS OFR 98-038",
        "geometry_source": "ARC/INFO E00 LAB coordinate",
        "source_x_m": 58.0,
        "source_y_m": 0.0,
        "conversion_crs": "Polyconic lon_0=-67 lat_0=18 Clarke 1866 meters to EPSG:4326",
        "conversion_status": "derived_from_lab_coordinates_attributes_pending"
      },
      "geometry": {
        "type": "Point",
        "coordinates": [
          -66.99945235,
          18.0
        ]
      }
    },
    {
      "type": "Feature",
      "properties": {
        "source_id": "metallic_e00_lab_117",
        "source_file": "metallic.e00",
        "source_report": "USGS OFR 98-038",
        "geometry_source": "ARC/INFO E00 LAB coordinate",
        "source_x_m": 33941.75,
        "source_y_m": 21857.109,
        "conversion_crs": "Polyconic lon_0=-67 lat_0=18 Clarke 1866 meters to EPSG:4326",
        "conversion_status": "derived_from_lab_coordinates_attributes_pending"
      },
      "geometry": {
        "type": "Point",
        "coordinates": [
          -66.67915345,
          18.19721984
        ]
      }
    },
    {
      "type": "Feature",
      "properties": {
        "source_id": "metallic_e00_lab_118",
        "source_file": "metallic.e00",
        "source_report": "USGS OFR 98-038",
        "geometry_source": "ARC/INFO E00 LAB coordinate",
        "source_x_m": 59.0,
        "source_y_m": 0.0,
        "conversion_crs": "Polyconic lon_0=-67 lat_0=18 Clarke 1866 meters to EPSG:4326",
        "conversion_status": "derived_from_lab_coordinates_attributes_pending"
      },
      "geometry": {
        "type": "Point",
        "coordinates": [
          -66.9994429,
          18.0
        ]
      }
    },
    {
      "type": "Feature",
      "properties": {
        "source_id": "metallic_e00_lab_119",
        "source_file": "metallic.e00",
        "source_report": "USGS OFR 98-038",
        "geometry_source": "ARC/INFO E00 LAB coordinate",
        "source_x_m": 73868.406,
        "source_y_m": 31376.168,
        "conversion_crs": "Polyconic lon_0=-67 lat_0=18 Clarke 1866 meters to EPSG:4326",
        "conversion_status": "derived_from_lab_coordinates_attributes_pending"
      },
      "geometry": {
        "type": "Point",
        "coordinates": [
          -66.30139171,
          18.28221892
        ]
      }
    },
    {
      "type": "Feature",
      "properties": {
        "source_id": "metallic_e00_lab_120",
        "source_file": "metallic.e00",
        "source_report": "USGS OFR 98-038",
        "geometry_source": "ARC/INFO E00 LAB coordinate",
        "source_x_m": 60.0,
        "source_y_m": 0.0,
        "conversion_crs": "Polyconic lon_0=-67 lat_0=18 Clarke 1866 meters to EPSG:4326",
        "conversion_status": "derived_from_lab_coordinates_attributes_pending"
      },
      "geometry": {
        "type": "Point",
        "coordinates": [
          -66.99943346,
          18.0
        ]
      }
    },
    {
      "type": "Feature",
      "properties": {
        "source_id": "metallic_e00_lab_121",
        "source_file": "metallic.e00",
        "source_report": "USGS OFR 98-038",
        "geometry_source": "ARC/INFO E00 LAB coordinate",
        "source_x_m": 33796.461,
        "source_y_m": 20933.492,
        "conversion_crs": "Polyconic lon_0=-67 lat_0=18 Clarke 1866 meters to EPSG:4326",
        "conversion_status": "derived_from_lab_coordinates_attributes_pending"
      },
      "geometry": {
        "type": "Point",
        "coordinates": [
          -66.68054204,
          18.18887708
        ]
      }
    },
    {
      "type": "Feature",
      "properties": {
        "source_id": "metallic_e00_lab_122",
        "source_file": "metallic.e00",
        "source_report": "USGS OFR 98-038",
        "geometry_source": "ARC/INFO E00 LAB coordinate",
        "source_x_m": 61.0,
        "source_y_m": 0.0,
        "conversion_crs": "Polyconic lon_0=-67 lat_0=18 Clarke 1866 meters to EPSG:4326",
        "conversion_status": "derived_from_lab_coordinates_attributes_pending"
      },
      "geometry": {
        "type": "Point",
        "coordinates": [
          -66.99942402,
          18.0
        ]
      }
    },
    {
      "type": "Feature",
      "properties": {
        "source_id": "metallic_e00_lab_123",
        "source_file": "metallic.e00",
        "source_report": "USGS OFR 98-038",
        "geometry_source": "ARC/INFO E00 LAB coordinate",
        "source_x_m": 27477.105,
        "source_y_m": 21692.777,
        "conversion_crs": "Polyconic lon_0=-67 lat_0=18 Clarke 1866 meters to EPSG:4326",
        "conversion_status": "derived_from_lab_coordinates_attributes_pending"
      },
      "geometry": {
        "type": "Point",
        "coordinates": [
          -66.74026493,
          18.19582748
        ]
      }
    },
    {
      "type": "Feature",
      "properties": {
        "source_id": "metallic_e00_lab_124",
        "source_file": "metallic.e00",
        "source_report": "USGS OFR 98-038",
        "geometry_source": "ARC/INFO E00 LAB coordinate",
        "source_x_m": 62.0,
        "source_y_m": 0.0,
        "conversion_crs": "Polyconic lon_0=-67 lat_0=18 Clarke 1866 meters to EPSG:4326",
        "conversion_status": "derived_from_lab_coordinates_attributes_pending"
      },
      "geometry": {
        "type": "Point",
        "coordinates": [
          -66.99941458,
          18.0
        ]
      }
    },
    {
      "type": "Feature",
      "properties": {
        "source_id": "metallic_e00_lab_125",
        "source_file": "metallic.e00",
        "source_report": "USGS OFR 98-038",
        "geometry_source": "ARC/INFO E00 LAB coordinate",
        "source_x_m": 26595.188,
        "source_y_m": 20922.293,
        "conversion_crs": "Polyconic lon_0=-67 lat_0=18 Clarke 1866 meters to EPSG:4326",
        "conversion_status": "derived_from_lab_coordinates_attributes_pending"
      },
      "geometry": {
        "type": "Point",
        "coordinates": [
          -66.74861147,
          18.18887707
        ]
      }
    },
    {
      "type": "Feature",
      "properties": {
        "source_id": "metallic_e00_lab_126",
        "source_file": "metallic.e00",
        "source_report": "USGS OFR 98-038",
        "geometry_source": "ARC/INFO E00 LAB coordinate",
        "source_x_m": 63.0,
        "source_y_m": 0.0,
        "conversion_crs": "Polyconic lon_0=-67 lat_0=18 Clarke 1866 meters to EPSG:4326",
        "conversion_status": "derived_from_lab_coordinates_attributes_pending"
      },
      "geometry": {
        "type": "Point",
        "coordinates": [
          -66.99940514,
          18.0
        ]
      }
    },
    {
      "type": "Feature",
      "properties": {
        "source_id": "metallic_e00_lab_127",
        "source_file": "metallic.e00",
        "source_report": "USGS OFR 98-038",
        "geometry_source": "ARC/INFO E00 LAB coordinate",
        "source_x_m": 35117.492,
        "source_y_m": 20629.316,
        "conversion_crs": "Polyconic lon_0=-67 lat_0=18 Clarke 1866 meters to EPSG:4326",
        "conversion_status": "derived_from_lab_coordinates_attributes_pending"
      },
      "geometry": {
        "type": "Point",
        "coordinates": [
          -66.66806035,
          18.18610762
        ]
      }
    },
    {
      "type": "Feature",
      "properties": {
        "source_id": "metallic_e00_lab_128",
        "source_file": "metallic.e00",
        "source_report": "USGS OFR 98-038",
        "geometry_source": "ARC/INFO E00 LAB coordinate",
        "source_x_m": 64.0,
        "source_y_m": 0.0,
        "conversion_crs": "Polyconic lon_0=-67 lat_0=18 Clarke 1866 meters to EPSG:4326",
        "conversion_status": "derived_from_lab_coordinates_attributes_pending"
      },
      "geometry": {
        "type": "Point",
        "coordinates": [
          -66.99939569,
          18.0
        ]
      }
    },
    {
      "type": "Feature",
      "properties": {
        "source_id": "metallic_e00_lab_129",
        "source_file": "metallic.e00",
        "source_report": "USGS OFR 98-038",
        "geometry_source": "ARC/INFO E00 LAB coordinate",
        "source_x_m": 38583.906,
        "source_y_m": 21188.141,
        "conversion_crs": "Polyconic lon_0=-67 lat_0=18 Clarke 1866 meters to EPSG:4326",
        "conversion_status": "derived_from_lab_coordinates_attributes_pending"
      },
      "geometry": {
        "type": "Point",
        "coordinates": [
          -66.63528449,
          18.19109726
        ]
      }
    },
    {
      "type": "Feature",
      "properties": {
        "source_id": "metallic_e00_lab_130",
        "source_file": "metallic.e00",
        "source_report": "USGS OFR 98-038",
        "geometry_source": "ARC/INFO E00 LAB coordinate",
        "source_x_m": 65.0,
        "source_y_m": 0.0,
        "conversion_crs": "Polyconic lon_0=-67 lat_0=18 Clarke 1866 meters to EPSG:4326",
        "conversion_status": "derived_from_lab_coordinates_attributes_pending"
      },
      "geometry": {
        "type": "Point",
        "coordinates": [
          -66.99938625,
          18.0
        ]
      }
    },
    {
      "type": "Feature",
      "properties": {
        "source_id": "metallic_e00_lab_131",
        "source_file": "metallic.e00",
        "source_report": "USGS OFR 98-038",
        "geometry_source": "ARC/INFO E00 LAB coordinate",
        "source_x_m": 39528.07,
        "source_y_m": 20484.109,
        "conversion_crs": "Polyconic lon_0=-67 lat_0=18 Clarke 1866 meters to EPSG:4326",
        "conversion_status": "derived_from_lab_coordinates_attributes_pending"
      },
      "geometry": {
        "type": "Point",
        "coordinates": [
          -66.62637332,
          18.18471907
        ]
      }
    },
    {
      "type": "Feature",
      "properties": {
        "source_id": "metallic_e00_lab_132",
        "source_file": "metallic.e00",
        "source_report": "USGS OFR 98-038",
        "geometry_source": "ARC/INFO E00 LAB coordinate",
        "source_x_m": 66.0,
        "source_y_m": 0.0,
        "conversion_crs": "Polyconic lon_0=-67 lat_0=18 Clarke 1866 meters to EPSG:4326",
        "conversion_status": "derived_from_lab_coordinates_attributes_pending"
      },
      "geometry": {
        "type": "Point",
        "coordinates": [
          -66.99937681,
          18.0
        ]
      }
    },
    {
      "type": "Feature",
      "properties": {
        "source_id": "metallic_e00_lab_133",
        "source_file": "metallic.e00",
        "source_report": "USGS OFR 98-038",
        "geometry_source": "ARC/INFO E00 LAB coordinate",
        "source_x_m": 38233.578,
        "source_y_m": 20388.633,
        "conversion_crs": "Polyconic lon_0=-67 lat_0=18 Clarke 1866 meters to EPSG:4326",
        "conversion_status": "derived_from_lab_coordinates_attributes_pending"
      },
      "geometry": {
        "type": "Point",
        "coordinates": [
          -66.63861084,
          18.18387985
        ]
      }
    },
    {
      "type": "Feature",
      "properties": {
        "source_id": "metallic_e00_lab_134",
        "source_file": "metallic.e00",
        "source_report": "USGS OFR 98-038",
        "geometry_source": "ARC/INFO E00 LAB coordinate",
        "source_x_m": 67.0,
        "source_y_m": 0.0,
        "conversion_crs": "Polyconic lon_0=-67 lat_0=18 Clarke 1866 meters to EPSG:4326",
        "conversion_status": "derived_from_lab_coordinates_attributes_pending"
      },
      "geometry": {
        "type": "Point",
        "coordinates": [
          -66.99936737,
          18.0
        ]
      }
    },
    {
      "type": "Feature",
      "properties": {
        "source_id": "metallic_e00_lab_135",
        "source_file": "metallic.e00",
        "source_report": "USGS OFR 98-038",
        "geometry_source": "ARC/INFO E00 LAB coordinate",
        "source_x_m": 110638.14,
        "source_y_m": 27246.75,
        "conversion_crs": "Polyconic lon_0=-67 lat_0=18 Clarke 1866 meters to EPSG:4326",
        "conversion_status": "derived_from_lab_coordinates_attributes_pending"
      },
      "geometry": {
        "type": "Point",
        "coordinates": [
          -65.95387281,
          18.24332807
        ]
      }
    },
    {
      "type": "Feature",
      "properties": {
        "source_id": "metallic_e00_lab_136",
        "source_file": "metallic.e00",
        "source_report": "USGS OFR 98-038",
        "geometry_source": "ARC/INFO E00 LAB coordinate",
        "source_x_m": 68.0,
        "source_y_m": 0.0,
        "conversion_crs": "Polyconic lon_0=-67 lat_0=18 Clarke 1866 meters to EPSG:4326",
        "conversion_status": "derived_from_lab_coordinates_attributes_pending"
      },
      "geometry": {
        "type": "Point",
        "coordinates": [
          -66.99935792,
          18.0
        ]
      }
    },
    {
      "type": "Feature",
      "properties": {
        "source_id": "metallic_e00_lab_137",
        "source_file": "metallic.e00",
        "source_report": "USGS OFR 98-038",
        "geometry_source": "ARC/INFO E00 LAB coordinate",
        "source_x_m": 111080.97,
        "source_y_m": 26572.809,
        "conversion_crs": "Polyconic lon_0=-67 lat_0=18 Clarke 1866 meters to EPSG:4326",
        "conversion_status": "derived_from_lab_coordinates_attributes_pending"
      },
      "geometry": {
        "type": "Point",
        "coordinates": [
          -65.94972233,
          18.23721694
        ]
      }
    },
    {
      "type": "Feature",
      "properties": {
        "source_id": "metallic_e00_lab_138",
        "source_file": "metallic.e00",
        "source_report": "USGS OFR 98-038",
        "geometry_source": "ARC/INFO E00 LAB coordinate",
        "source_x_m": 69.0,
        "source_y_m": 0.0,
        "conversion_crs": "Polyconic lon_0=-67 lat_0=18 Clarke 1866 meters to EPSG:4326",
        "conversion_status": "derived_from_lab_coordinates_attributes_pending"
      },
      "geometry": {
        "type": "Point",
        "coordinates": [
          -66.99934848,
          18.0
        ]
      }
    },
    {
      "type": "Feature",
      "properties": {
        "source_id": "metallic_e00_lab_139",
        "source_file": "metallic.e00",
        "source_report": "USGS OFR 98-038",
        "geometry_source": "ARC/INFO E00 LAB coordinate",
        "source_x_m": 111638.98,
        "source_y_m": 26636.824,
        "conversion_crs": "Polyconic lon_0=-67 lat_0=18 Clarke 1866 meters to EPSG:4326",
        "conversion_status": "derived_from_lab_coordinates_attributes_pending"
      },
      "geometry": {
        "type": "Point",
        "coordinates": [
          -65.94444293,
          18.23776625
        ]
      }
    },
    {
      "type": "Feature",
      "properties": {
        "source_id": "metallic_e00_lab_140",
        "source_file": "metallic.e00",
        "source_report": "USGS OFR 98-038",
        "geometry_source": "ARC/INFO E00 LAB coordinate",
        "source_x_m": 70.0,
        "source_y_m": 0.0,
        "conversion_crs": "Polyconic lon_0=-67 lat_0=18 Clarke 1866 meters to EPSG:4326",
        "conversion_status": "derived_from_lab_coordinates_attributes_pending"
      },
      "geometry": {
        "type": "Point",
        "coordinates": [
          -66.99933904,
          18.0
        ]
      }
    },
    {
      "type": "Feature",
      "properties": {
        "source_id": "metallic_e00_lab_141",
        "source_file": "metallic.e00",
        "source_report": "USGS OFR 98-038",
        "geometry_source": "ARC/INFO E00 LAB coordinate",
        "source_x_m": 116518.84,
        "source_y_m": 26174.465,
        "conversion_crs": "Polyconic lon_0=-67 lat_0=18 Clarke 1866 meters to EPSG:4326",
        "conversion_status": "derived_from_lab_coordinates_attributes_pending"
      },
      "geometry": {
        "type": "Point",
        "coordinates": [
          -65.89833079,
          18.23332976
        ]
      }
    },
    {
      "type": "Feature",
      "properties": {
        "source_id": "metallic_e00_lab_142",
        "source_file": "metallic.e00",
        "source_report": "USGS OFR 98-038",
        "geometry_source": "ARC/INFO E00 LAB coordinate",
        "source_x_m": 71.0,
        "source_y_m": 0.0,
        "conversion_crs": "Polyconic lon_0=-67 lat_0=18 Clarke 1866 meters to EPSG:4326",
        "conversion_status": "derived_from_lab_coordinates_attributes_pending"
      },
      "geometry": {
        "type": "Point",
        "coordinates": [
          -66.9993296,
          18.0
        ]
      }
    },
    {
      "type": "Feature",
      "properties": {
        "source_id": "metallic_e00_lab_143",
        "source_file": "metallic.e00",
        "source_report": "USGS OFR 98-038",
        "geometry_source": "ARC/INFO E00 LAB coordinate",
        "source_x_m": 120634.31,
        "source_y_m": 26168.414,
        "conversion_crs": "Polyconic lon_0=-67 lat_0=18 Clarke 1866 meters to EPSG:4326",
        "conversion_status": "derived_from_lab_coordinates_attributes_pending"
      },
      "geometry": {
        "type": "Point",
        "coordinates": [
          -65.85942095,
          18.23304748
        ]
      }
    },
    {
      "type": "Feature",
      "properties": {
        "source_id": "metallic_e00_lab_144",
        "source_file": "metallic.e00",
        "source_report": "USGS OFR 98-038",
        "geometry_source": "ARC/INFO E00 LAB coordinate",
        "source_x_m": 72.0,
        "source_y_m": 0.0,
        "conversion_crs": "Polyconic lon_0=-67 lat_0=18 Clarke 1866 meters to EPSG:4326",
        "conversion_status": "derived_from_lab_coordinates_attributes_pending"
      },
      "geometry": {
        "type": "Point",
        "coordinates": [
          -66.99932016,
          18.0
        ]
      }
    },
    {
      "type": "Feature",
      "properties": {
        "source_id": "metallic_e00_lab_145",
        "source_file": "metallic.e00",
        "source_report": "USGS OFR 98-038",
        "geometry_source": "ARC/INFO E00 LAB coordinate",
        "source_x_m": 123854.59,
        "source_y_m": 23052.828,
        "conversion_crs": "Polyconic lon_0=-67 lat_0=18 Clarke 1866 meters to EPSG:4326",
        "conversion_status": "derived_from_lab_coordinates_attributes_pending"
      },
      "geometry": {
        "type": "Point",
        "coordinates": [
          -65.82916269,
          18.20471953
        ]
      }
    },
    {
      "type": "Feature",
      "properties": {
        "source_id": "metallic_e00_lab_146",
        "source_file": "metallic.e00",
        "source_report": "USGS OFR 98-038",
        "geometry_source": "ARC/INFO E00 LAB coordinate",
        "source_x_m": 73.0,
        "source_y_m": 0.0,
        "conversion_crs": "Polyconic lon_0=-67 lat_0=18 Clarke 1866 meters to EPSG:4326",
        "conversion_status": "derived_from_lab_coordinates_attributes_pending"
      },
      "geometry": {
        "type": "Point",
        "coordinates": [
          -66.99931071,
          18.0
        ]
      }
    },
    {
      "type": "Feature",
      "properties": {
        "source_id": "metallic_e00_lab_147",
        "source_file": "metallic.e00",
        "source_report": "USGS OFR 98-038",
        "geometry_source": "ARC/INFO E00 LAB coordinate",
        "source_x_m": 84984.313,
        "source_y_m": 8639.117,
        "conversion_crs": "Polyconic lon_0=-67 lat_0=18 Clarke 1866 meters to EPSG:4326",
        "conversion_status": "derived_from_lab_coordinates_attributes_pending"
      },
      "geometry": {
        "type": "Point",
        "coordinates": [
          -66.19720459,
          18.0763893
        ]
      }
    },
    {
      "type": "Feature",
      "properties": {
        "source_id": "metallic_e00_lab_148",
        "source_file": "metallic.e00",
        "source_report": "USGS OFR 98-038",
        "geometry_source": "ARC/INFO E00 LAB coordinate",
        "source_x_m": 74.0,
        "source_y_m": 0.0,
        "conversion_crs": "Polyconic lon_0=-67 lat_0=18 Clarke 1866 meters to EPSG:4326",
        "conversion_status": "derived_from_lab_coordinates_attributes_pending"
      },
      "geometry": {
        "type": "Point",
        "coordinates": [
          -66.99930127,
          18.0
        ]
      }
    },
    {
      "type": "Feature",
      "properties": {
        "source_id": "metallic_e00_lab_149",
        "source_file": "metallic.e00",
        "source_report": "USGS OFR 98-038",
        "geometry_source": "ARC/INFO E00 LAB coordinate",
        "source_x_m": 121829.53,
        "source_y_m": 22424.313,
        "conversion_crs": "Polyconic lon_0=-67 lat_0=18 Clarke 1866 meters to EPSG:4326",
        "conversion_status": "derived_from_lab_coordinates_attributes_pending"
      },
      "geometry": {
        "type": "Point",
        "coordinates": [
          -65.84834303,
          18.19915769
        ]
      }
    },
    {
      "type": "Feature",
      "properties": {
        "source_id": "metallic_e00_lab_150",
        "source_file": "metallic.e00",
        "source_report": "USGS OFR 98-038",
        "geometry_source": "ARC/INFO E00 LAB coordinate",
        "source_x_m": 75.0,
        "source_y_m": 0.0,
        "conversion_crs": "Polyconic lon_0=-67 lat_0=18 Clarke 1866 meters to EPSG:4326",
        "conversion_status": "derived_from_lab_coordinates_attributes_pending"
      },
      "geometry": {
        "type": "Point",
        "coordinates": [
          -66.99929183,
          18.0
        ]
      }
    },
    {
      "type": "Feature",
      "properties": {
        "source_id": "metallic_e00_lab_151",
        "source_file": "metallic.e00",
        "source_report": "USGS OFR 98-038",
        "geometry_source": "ARC/INFO E00 LAB coordinate",
        "source_x_m": 88678.734,
        "source_y_m": 4319.571,
        "conversion_crs": "Polyconic lon_0=-67 lat_0=18 Clarke 1866 meters to EPSG:4326",
        "conversion_status": "derived_from_lab_coordinates_attributes_pending"
      },
      "geometry": {
        "type": "Point",
        "coordinates": [
          -66.16249096,
          18.03721618
        ]
      }
    },
    {
      "type": "Feature",
      "properties": {
        "source_id": "metallic_e00_lab_152",
        "source_file": "metallic.e00",
        "source_report": "USGS OFR 98-038",
        "geometry_source": "ARC/INFO E00 LAB coordinate",
        "source_x_m": 76.0,
        "source_y_m": 0.0,
        "conversion_crs": "Polyconic lon_0=-67 lat_0=18 Clarke 1866 meters to EPSG:4326",
        "conversion_status": "derived_from_lab_coordinates_attributes_pending"
      },
      "geometry": {
        "type": "Point",
        "coordinates": [
          -66.99928239,
          18.0
        ]
      }
    },
    {
      "type": "Feature",
      "properties": {
        "source_id": "metallic_e00_lab_153",
        "source_file": "metallic.e00",
        "source_report": "USGS OFR 98-038",
        "geometry_source": "ARC/INFO E00 LAB coordinate",
        "source_x_m": 122479.72,
        "source_y_m": 21968.117,
        "conversion_crs": "Polyconic lon_0=-67 lat_0=18 Clarke 1866 meters to EPSG:4326",
        "conversion_status": "derived_from_lab_coordinates_attributes_pending"
      },
      "geometry": {
        "type": "Point",
        "coordinates": [
          -65.84222415,
          18.19499969
        ]
      }
    },
    {
      "type": "Feature",
      "properties": {
        "source_id": "metallic_e00_lab_154",
        "source_file": "metallic.e00",
        "source_report": "USGS OFR 98-038",
        "geometry_source": "ARC/INFO E00 LAB coordinate",
        "source_x_m": 77.0,
        "source_y_m": 0.0,
        "conversion_crs": "Polyconic lon_0=-67 lat_0=18 Clarke 1866 meters to EPSG:4326",
        "conversion_status": "derived_from_lab_coordinates_attributes_pending"
      },
      "geometry": {
        "type": "Point",
        "coordinates": [
          -66.99927294,
          18.0
        ]
      }
    },
    {
      "type": "Feature",
      "properties": {
        "source_id": "metallic_e00_lab_155",
        "source_file": "metallic.e00",
        "source_report": "USGS OFR 98-038",
        "geometry_source": "ARC/INFO E00 LAB coordinate",
        "source_x_m": 123364.78,
        "source_y_m": 21388.855,
        "conversion_crs": "Polyconic lon_0=-67 lat_0=18 Clarke 1866 meters to EPSG:4326",
        "conversion_status": "derived_from_lab_coordinates_attributes_pending"
      },
      "geometry": {
        "type": "Point",
        "coordinates": [
          -65.83389287,
          18.18971633
        ]
      }
    },
    {
      "type": "Feature",
      "properties": {
        "source_id": "metallic_e00_lab_156",
        "source_file": "metallic.e00",
        "source_report": "USGS OFR 98-038",
        "geometry_source": "ARC/INFO E00 LAB coordinate",
        "source_x_m": 78.0,
        "source_y_m": 0.0,
        "conversion_crs": "Polyconic lon_0=-67 lat_0=18 Clarke 1866 meters to EPSG:4326",
        "conversion_status": "derived_from_lab_coordinates_attributes_pending"
      },
      "geometry": {
        "type": "Point",
        "coordinates": [
          -66.9992635,
          18.0
        ]
      }
    },
    {
      "type": "Feature",
      "properties": {
        "source_id": "metallic_e00_lab_157",
        "source_file": "metallic.e00",
        "source_report": "USGS OFR 98-038",
        "geometry_source": "ARC/INFO E00 LAB coordinate",
        "source_x_m": 87592.375,
        "source_y_m": 4098.922,
        "conversion_crs": "Polyconic lon_0=-67 lat_0=18 Clarke 1866 meters to EPSG:4326",
        "conversion_status": "derived_from_lab_coordinates_attributes_pending"
      },
      "geometry": {
        "type": "Point",
        "coordinates": [
          -66.17276004,
          18.03526687
        ]
      }
    },
    {
      "type": "Feature",
      "properties": {
        "source_id": "metallic_e00_lab_158",
        "source_file": "metallic.e00",
        "source_report": "USGS OFR 98-038",
        "geometry_source": "ARC/INFO E00 LAB coordinate",
        "source_x_m": 79.0,
        "source_y_m": 0.0,
        "conversion_crs": "Polyconic lon_0=-67 lat_0=18 Clarke 1866 meters to EPSG:4326",
        "conversion_status": "derived_from_lab_coordinates_attributes_pending"
      },
      "geometry": {
        "type": "Point",
        "coordinates": [
          -66.99925406,
          18.0
        ]
      }
    },
    {
      "type": "Feature",
      "properties": {
        "source_id": "metallic_e00_lab_159",
        "source_file": "metallic.e00",
        "source_report": "USGS OFR 98-038",
        "geometry_source": "ARC/INFO E00 LAB coordinate",
        "source_x_m": 124366.78,
        "source_y_m": 21210.707,
        "conversion_crs": "Polyconic lon_0=-67 lat_0=18 Clarke 1866 meters to EPSG:4326",
        "conversion_status": "derived_from_lab_coordinates_attributes_pending"
      },
      "geometry": {
        "type": "Point",
        "coordinates": [
          -65.82443249,
          18.1880493
        ]
      }
    },
    {
      "type": "Feature",
      "properties": {
        "source_id": "metallic_e00_lab_160",
        "source_file": "metallic.e00",
        "source_report": "USGS OFR 98-038",
        "geometry_source": "ARC/INFO E00 LAB coordinate",
        "source_x_m": 80.0,
        "source_y_m": 0.0,
        "conversion_crs": "Polyconic lon_0=-67 lat_0=18 Clarke 1866 meters to EPSG:4326",
        "conversion_status": "derived_from_lab_coordinates_attributes_pending"
      },
      "geometry": {
        "type": "Point",
        "coordinates": [
          -66.99924462,
          18.0
        ]
      }
    },
    {
      "type": "Feature",
      "properties": {
        "source_id": "metallic_e00_lab_161",
        "source_file": "metallic.e00",
        "source_report": "USGS OFR 98-038",
        "geometry_source": "ARC/INFO E00 LAB coordinate",
        "source_x_m": 87801.281,
        "source_y_m": 3269.742,
        "conversion_crs": "Polyconic lon_0=-67 lat_0=18 Clarke 1866 meters to EPSG:4326",
        "conversion_status": "derived_from_lab_coordinates_attributes_pending"
      },
      "geometry": {
        "type": "Point",
        "coordinates": [
          -66.1708222,
          18.02776718
        ]
      }
    },
    {
      "type": "Feature",
      "properties": {
        "source_id": "metallic_e00_lab_162",
        "source_file": "metallic.e00",
        "source_report": "USGS OFR 98-038",
        "geometry_source": "ARC/INFO E00 LAB coordinate",
        "source_x_m": 81.0,
        "source_y_m": 0.0,
        "conversion_crs": "Polyconic lon_0=-67 lat_0=18 Clarke 1866 meters to EPSG:4326",
        "conversion_status": "derived_from_lab_coordinates_attributes_pending"
      },
      "geometry": {
        "type": "Point",
        "coordinates": [
          -66.99923517,
          18.0
        ]
      }
    },
    {
      "type": "Feature",
      "properties": {
        "source_id": "metallic_e00_lab_163",
        "source_file": "metallic.e00",
        "source_report": "USGS OFR 98-038",
        "geometry_source": "ARC/INFO E00 LAB coordinate",
        "source_x_m": 100094.03,
        "source_y_m": 3913.045,
        "conversion_crs": "Polyconic lon_0=-67 lat_0=18 Clarke 1866 meters to EPSG:4326",
        "conversion_status": "derived_from_lab_coordinates_attributes_pending"
      },
      "geometry": {
        "type": "Point",
        "coordinates": [
          -66.0547028,
          18.03304672
        ]
      }
    },
    {
      "type": "Feature",
      "properties": {
        "source_id": "metallic_e00_lab_164",
        "source_file": "metallic.e00",
        "source_report": "USGS OFR 98-038",
        "geometry_source": "ARC/INFO E00 LAB coordinate",
        "source_x_m": 82.0,
        "source_y_m": 0.0,
        "conversion_crs": "Polyconic lon_0=-67 lat_0=18 Clarke 1866 meters to EPSG:4326",
        "conversion_status": "derived_from_lab_coordinates_attributes_pending"
      },
      "geometry": {
        "type": "Point",
        "coordinates": [
          -66.99922573,
          18.0
        ]
      }
    },
    {
      "type": "Feature",
      "properties": {
        "source_id": "metallic_e00_lab_165",
        "source_file": "metallic.e00",
        "source_report": "USGS OFR 98-038",
        "geometry_source": "ARC/INFO E00 LAB coordinate",
        "source_x_m": 100684.47,
        "source_y_m": 3147.998,
        "conversion_crs": "Polyconic lon_0=-67 lat_0=18 Clarke 1866 meters to EPSG:4326",
        "conversion_status": "derived_from_lab_coordinates_attributes_pending"
      },
      "geometry": {
        "type": "Point",
        "coordinates": [
          -66.04916383,
          18.02610779
        ]
      }
    },
    {
      "type": "Feature",
      "properties": {
        "source_id": "metallic_e00_lab_166",
        "source_file": "metallic.e00",
        "source_report": "USGS OFR 98-038",
        "geometry_source": "ARC/INFO E00 LAB coordinate",
        "source_x_m": 83.0,
        "source_y_m": 0.0,
        "conversion_crs": "Polyconic lon_0=-67 lat_0=18 Clarke 1866 meters to EPSG:4326",
        "conversion_status": "derived_from_lab_coordinates_attributes_pending"
      },
      "geometry": {
        "type": "Point",
        "coordinates": [
          -66.99921629,
          18.0
        ]
      }
    },
    {
      "type": "Feature",
      "properties": {
        "source_id": "metallic_e00_lab_167",
        "source_file": "metallic.e00",
        "source_report": "USGS OFR 98-038",
        "geometry_source": "ARC/INFO E00 LAB coordinate",
        "source_x_m": 101779.36,
        "source_y_m": 1707.867,
        "conversion_crs": "Polyconic lon_0=-67 lat_0=18 Clarke 1866 meters to EPSG:4326",
        "conversion_status": "derived_from_lab_coordinates_attributes_pending"
      },
      "geometry": {
        "type": "Point",
        "coordinates": [
          -66.03889475,
          18.01304627
        ]
      }
    },
    {
      "type": "Feature",
      "properties": {
        "source_id": "metallic_e00_lab_168",
        "source_file": "metallic.e00",
        "source_report": "USGS OFR 98-038",
        "geometry_source": "ARC/INFO E00 LAB coordinate",
        "source_x_m": 84.0,
        "source_y_m": 0.0,
        "conversion_crs": "Polyconic lon_0=-67 lat_0=18 Clarke 1866 meters to EPSG:4326",
        "conversion_status": "derived_from_lab_coordinates_attributes_pending"
      },
      "geometry": {
        "type": "Point",
        "coordinates": [
          -66.99920685,
          18.0
        ]
      }
    },
    {
      "type": "Feature",
      "properties": {
        "source_id": "metallic_e00_lab_169",
        "source_file": "metallic.e00",
        "source_report": "USGS OFR 98-038",
        "geometry_source": "ARC/INFO E00 LAB coordinate",
        "source_x_m": 132194.31,
        "source_y_m": 28120.574,
        "conversion_crs": "Polyconic lon_0=-67 lat_0=18 Clarke 1866 meters to EPSG:4326",
        "conversion_status": "derived_from_lab_coordinates_attributes_pending"
      },
      "geometry": {
        "type": "Point",
        "coordinates": [
          -65.75000012,
          18.25
        ]
      }
    },
    {
      "type": "Feature",
      "properties": {
        "source_id": "metallic_e00_lab_170",
        "source_file": "metallic.e00",
        "source_report": "USGS OFR 98-038",
        "geometry_source": "ARC/INFO E00 LAB coordinate",
        "source_x_m": 85.0,
        "source_y_m": 0.0,
        "conversion_crs": "Polyconic lon_0=-67 lat_0=18 Clarke 1866 meters to EPSG:4326",
        "conversion_status": "derived_from_lab_coordinates_attributes_pending"
      },
      "geometry": {
        "type": "Point",
        "coordinates": [
          -66.99919741,
          18.0
        ]
      }
    },
    {
      "type": "Feature",
      "properties": {
        "source_id": "metallic_e00_lab_171",
        "source_file": "metallic.e00",
        "source_report": "USGS OFR 98-038",
        "geometry_source": "ARC/INFO E00 LAB coordinate",
        "source_x_m": 17015.703,
        "source_y_m": 54177.18,
        "conversion_crs": "Polyconic lon_0=-67 lat_0=18 Clarke 1866 meters to EPSG:4326",
        "conversion_status": "derived_from_lab_coordinates_attributes_pending"
      },
      "geometry": {
        "type": "Point",
        "coordinates": [
          -66.83888247,
          18.48943707
        ]
      }
    },
    {
      "type": "Feature",
      "properties": {
        "source_id": "metallic_e00_lab_172",
        "source_file": "metallic.e00",
        "source_report": "USGS OFR 98-038",
        "geometry_source": "ARC/INFO E00 LAB coordinate",
        "source_x_m": 86.0,
        "source_y_m": 0.0,
        "conversion_crs": "Polyconic lon_0=-67 lat_0=18 Clarke 1866 meters to EPSG:4326",
        "conversion_status": "derived_from_lab_coordinates_attributes_pending"
      },
      "geometry": {
        "type": "Point",
        "coordinates": [
          -66.99918796,
          18.0
        ]
      }
    },
    {
      "type": "Feature",
      "properties": {
        "source_id": "metallic_e00_lab_173",
        "source_file": "metallic.e00",
        "source_report": "USGS OFR 98-038",
        "geometry_source": "ARC/INFO E00 LAB coordinate",
        "source_x_m": 30572.535,
        "source_y_m": 52564.75,
        "conversion_crs": "Polyconic lon_0=-67 lat_0=18 Clarke 1866 meters to EPSG:4326",
        "conversion_status": "derived_from_lab_coordinates_attributes_pending"
      },
      "geometry": {
        "type": "Point",
        "coordinates": [
          -66.71054077,
          18.47471614
        ]
      }
    },
    {
      "type": "Feature",
      "properties": {
        "source_id": "metallic_e00_lab_174",
        "source_file": "metallic.e00",
        "source_report": "USGS OFR 98-038",
        "geometry_source": "ARC/INFO E00 LAB coordinate",
        "source_x_m": 87.0,
        "source_y_m": 0.0,
        "conversion_crs": "Polyconic lon_0=-67 lat_0=18 Clarke 1866 meters to EPSG:4326",
        "conversion_status": "derived_from_lab_coordinates_attributes_pending"
      },
      "geometry": {
        "type": "Point",
        "coordinates": [
          -66.99917852,
          18.0
        ]
      }
    },
    {
      "type": "Feature",
      "properties": {
        "source_id": "metallic_e00_lab_175",
        "source_file": "metallic.e00",
        "source_report": "USGS OFR 98-038",
        "geometry_source": "ARC/INFO E00 LAB coordinate",
        "source_x_m": 48229.586,
        "source_y_m": 53831.125,
        "conversion_crs": "Polyconic lon_0=-67 lat_0=18 Clarke 1866 meters to EPSG:4326",
        "conversion_status": "derived_from_lab_coordinates_attributes_pending"
      },
      "geometry": {
        "type": "Point",
        "coordinates": [
          -66.54333499,
          18.48582839
        ]
      }
    },
    {
      "type": "Feature",
      "properties": {
        "source_id": "metallic_e00_lab_176",
        "source_file": "metallic.e00",
        "source_report": "USGS OFR 98-038",
        "geometry_source": "ARC/INFO E00 LAB coordinate",
        "source_x_m": 88.0,
        "source_y_m": 0.0,
        "conversion_crs": "Polyconic lon_0=-67 lat_0=18 Clarke 1866 meters to EPSG:4326",
        "conversion_status": "derived_from_lab_coordinates_attributes_pending"
      },
      "geometry": {
        "type": "Point",
        "coordinates": [
          -66.99916908,
          18.0
        ]
      }
    },
    {
      "type": "Feature",
      "properties": {
        "source_id": "metallic_e00_lab_177",
        "source_file": "metallic.e00",
        "source_report": "USGS OFR 98-038",
        "geometry_source": "ARC/INFO E00 LAB coordinate",
        "source_x_m": 90784.969,
        "source_y_m": 32124.305,
        "conversion_crs": "Polyconic lon_0=-67 lat_0=18 Clarke 1866 meters to EPSG:4326",
        "conversion_status": "derived_from_lab_coordinates_attributes_pending"
      },
      "geometry": {
        "type": "Point",
        "coordinates": [
          -66.14137269,
          18.28832625
        ]
      }
    },
    {
      "type": "Feature",
      "properties": {
        "source_id": "metallic_e00_lab_178",
        "source_file": "metallic.e00",
        "source_report": "USGS OFR 98-038",
        "geometry_source": "ARC/INFO E00 LAB coordinate",
        "source_x_m": 89.0,
        "source_y_m": 0.0,
        "conversion_crs": "Polyconic lon_0=-67 lat_0=18 Clarke 1866 meters to EPSG:4326",
        "conversion_status": "derived_from_lab_coordinates_attributes_pending"
      },
      "geometry": {
        "type": "Point",
        "coordinates": [
          -66.99915964,
          18.0
        ]
      }
    },
    {
      "type": "Feature",
      "properties": {
        "source_id": "metallic_e00_lab_179",
        "source_file": "metallic.e00",
        "source_report": "USGS OFR 98-038",
        "geometry_source": "ARC/INFO E00 LAB coordinate",
        "source_x_m": 81536.016,
        "source_y_m": 52129.953,
        "conversion_crs": "Polyconic lon_0=-67 lat_0=18 Clarke 1866 meters to EPSG:4326",
        "conversion_status": "derived_from_lab_coordinates_attributes_pending"
      },
      "geometry": {
        "type": "Point",
        "coordinates": [
          -66.2280427,
          18.46943664
        ]
      }
    },
    {
      "type": "Feature",
      "properties": {
        "source_id": "metallic_e00_lab_180",
        "source_file": "metallic.e00",
        "source_report": "USGS OFR 98-038",
        "geometry_source": "ARC/INFO E00 LAB coordinate",
        "source_x_m": 90.0,
        "source_y_m": 0.0,
        "conversion_crs": "Polyconic lon_0=-67 lat_0=18 Clarke 1866 meters to EPSG:4326",
        "conversion_status": "derived_from_lab_coordinates_attributes_pending"
      },
      "geometry": {
        "type": "Point",
        "coordinates": [
          -66.99915019,
          18.0
        ]
      }
    },
    {
      "type": "Feature",
      "properties": {
        "source_id": "metallic_e00_lab_181",
        "source_file": "metallic.e00",
        "source_report": "USGS OFR 98-038",
        "geometry_source": "ARC/INFO E00 LAB coordinate",
        "source_x_m": 99533.625,
        "source_y_m": 38193.938,
        "conversion_crs": "Polyconic lon_0=-67 lat_0=18 Clarke 1866 meters to EPSG:4326",
        "conversion_status": "derived_from_lab_coordinates_attributes_pending"
      },
      "geometry": {
        "type": "Point",
        "coordinates": [
          -66.05833446,
          18.34276962
        ]
      }
    },
    {
      "type": "Feature",
      "properties": {
        "source_id": "metallic_e00_lab_182",
        "source_file": "metallic.e00",
        "source_report": "USGS OFR 98-038",
        "geometry_source": "ARC/INFO E00 LAB coordinate",
        "source_x_m": 91.0,
        "source_y_m": 0.0,
        "conversion_crs": "Polyconic lon_0=-67 lat_0=18 Clarke 1866 meters to EPSG:4326",
        "conversion_status": "derived_from_lab_coordinates_attributes_pending"
      },
      "geometry": {
        "type": "Point",
        "coordinates": [
          -66.99914075,
          18.0
        ]
      }
    },
    {
      "type": "Feature",
      "properties": {
        "source_id": "metallic_e00_lab_183",
        "source_file": "metallic.e00",
        "source_report": "USGS OFR 98-038",
        "geometry_source": "ARC/INFO E00 LAB coordinate",
        "source_x_m": 93636.266,
        "source_y_m": 37672.828,
        "conversion_crs": "Polyconic lon_0=-67 lat_0=18 Clarke 1866 meters to EPSG:4326",
        "conversion_status": "derived_from_lab_coordinates_attributes_pending"
      },
      "geometry": {
        "type": "Point",
        "coordinates": [
          -66.11415114,
          18.33832926
        ]
      }
    },
    {
      "type": "Feature",
      "properties": {
        "source_id": "metallic_e00_lab_184",
        "source_file": "metallic.e00",
        "source_report": "USGS OFR 98-038",
        "geometry_source": "ARC/INFO E00 LAB coordinate",
        "source_x_m": 92.0,
        "source_y_m": 0.0,
        "conversion_crs": "Polyconic lon_0=-67 lat_0=18 Clarke 1866 meters to EPSG:4326",
        "conversion_status": "derived_from_lab_coordinates_attributes_pending"
      },
      "geometry": {
        "type": "Point",
        "coordinates": [
          -66.99913131,
          18.0
        ]
      }
    },
    {
      "type": "Feature",
      "properties": {
        "source_id": "metallic_e00_lab_185",
        "source_file": "metallic.e00",
        "source_report": "USGS OFR 98-038",
        "geometry_source": "ARC/INFO E00 LAB coordinate",
        "source_x_m": -18200.605,
        "source_y_m": 40128.797,
        "conversion_crs": "Polyconic lon_0=-67 lat_0=18 Clarke 1866 meters to EPSG:4326",
        "conversion_status": "derived_from_lab_coordinates_attributes_pending"
      },
      "geometry": {
        "type": "Point",
        "coordinates": [
          -67.17221069,
          18.36249922
        ]
      }
    },
    {
      "type": "Feature",
      "properties": {
        "source_id": "metallic_e00_lab_186",
        "source_file": "metallic.e00",
        "source_report": "USGS OFR 98-038",
        "geometry_source": "ARC/INFO E00 LAB coordinate",
        "source_x_m": 93.0,
        "source_y_m": 0.0,
        "conversion_crs": "Polyconic lon_0=-67 lat_0=18 Clarke 1866 meters to EPSG:4326",
        "conversion_status": "derived_from_lab_coordinates_attributes_pending"
      },
      "geometry": {
        "type": "Point",
        "coordinates": [
          -66.99912187,
          18.0
        ]
      }
    },
    {
      "type": "Feature",
      "properties": {
        "source_id": "metallic_e00_lab_187",
        "source_file": "metallic.e00",
        "source_report": "USGS OFR 98-038",
        "geometry_source": "ARC/INFO E00 LAB coordinate",
        "source_x_m": 95194.578,
        "source_y_m": 36973.195,
        "conversion_crs": "Polyconic lon_0=-67 lat_0=18 Clarke 1866 meters to EPSG:4326",
        "conversion_status": "derived_from_lab_coordinates_attributes_pending"
      },
      "geometry": {
        "type": "Point",
        "coordinates": [
          -66.09944165,
          18.33193967
        ]
      }
    },
    {
      "type": "Feature",
      "properties": {
        "source_id": "metallic_e00_lab_188",
        "source_file": "metallic.e00",
        "source_report": "USGS OFR 98-038",
        "geometry_source": "ARC/INFO E00 LAB coordinate",
        "source_x_m": 94.0,
        "source_y_m": 0.0,
        "conversion_crs": "Polyconic lon_0=-67 lat_0=18 Clarke 1866 meters to EPSG:4326",
        "conversion_status": "derived_from_lab_coordinates_attributes_pending"
      },
      "geometry": {
        "type": "Point",
        "coordinates": [
          -66.99911242,
          18.0
        ]
      }
    },
    {
      "type": "Feature",
      "properties": {
        "source_id": "metallic_e00_lab_189",
        "source_file": "metallic.e00",
        "source_report": "USGS OFR 98-038",
        "geometry_source": "ARC/INFO E00 LAB coordinate",
        "source_x_m": 96606.844,
        "source_y_m": 36149.648,
        "conversion_crs": "Polyconic lon_0=-67 lat_0=18 Clarke 1866 meters to EPSG:4326",
        "conversion_status": "derived_from_lab_coordinates_attributes_pending"
      },
      "geometry": {
        "type": "Point",
        "coordinates": [
          -66.08612065,
          18.32443618
        ]
      }
    },
    {
      "type": "Feature",
      "properties": {
        "source_id": "metallic_e00_lab_190",
        "source_file": "metallic.e00",
        "source_report": "USGS OFR 98-038",
        "geometry_source": "ARC/INFO E00 LAB coordinate",
        "source_x_m": 95.0,
        "source_y_m": 0.0,
        "conversion_crs": "Polyconic lon_0=-67 lat_0=18 Clarke 1866 meters to EPSG:4326",
        "conversion_status": "derived_from_lab_coordinates_attributes_pending"
      },
      "geometry": {
        "type": "Point",
        "coordinates": [
          -66.99910298,
          18.0
        ]
      }
    },
    {
      "type": "Feature",
      "properties": {
        "source_id": "metallic_e00_lab_191",
        "source_file": "metallic.e00",
        "source_report": "USGS OFR 98-038",
        "geometry_source": "ARC/INFO E00 LAB coordinate",
        "source_x_m": 37237.047,
        "source_y_m": 19803.207,
        "conversion_crs": "Polyconic lon_0=-67 lat_0=18 Clarke 1866 meters to EPSG:4326",
        "conversion_status": "derived_from_lab_coordinates_attributes_pending"
      },
      "geometry": {
        "type": "Point",
        "coordinates": [
          -66.64804078,
          18.17860792
        ]
      }
    },
    {
      "type": "Feature",
      "properties": {
        "source_id": "metallic_e00_lab_192",
        "source_file": "metallic.e00",
        "source_report": "USGS OFR 98-038",
        "geometry_source": "ARC/INFO E00 LAB coordinate",
        "source_x_m": 96.0,
        "source_y_m": 0.0,
        "conversion_crs": "Polyconic lon_0=-67 lat_0=18 Clarke 1866 meters to EPSG:4326",
        "conversion_status": "derived_from_lab_coordinates_attributes_pending"
      },
      "geometry": {
        "type": "Point",
        "coordinates": [
          -66.99909354,
          18.0
        ]
      }
    },
    {
      "type": "Feature",
      "properties": {
        "source_id": "metallic_e00_lab_193",
        "source_file": "metallic.e00",
        "source_report": "USGS OFR 98-038",
        "geometry_source": "ARC/INFO E00 LAB coordinate",
        "source_x_m": 97632.453,
        "source_y_m": 36523.445,
        "conversion_crs": "Polyconic lon_0=-67 lat_0=18 Clarke 1866 meters to EPSG:4326",
        "conversion_status": "derived_from_lab_coordinates_attributes_pending"
      },
      "geometry": {
        "type": "Point",
        "coordinates": [
          -66.07640086,
          18.32776636
        ]
      }
    },
    {
      "type": "Feature",
      "properties": {
        "source_id": "metallic_e00_lab_194",
        "source_file": "metallic.e00",
        "source_report": "USGS OFR 98-038",
        "geometry_source": "ARC/INFO E00 LAB coordinate",
        "source_x_m": 97.0,
        "source_y_m": 0.0,
        "conversion_crs": "Polyconic lon_0=-67 lat_0=18 Clarke 1866 meters to EPSG:4326",
        "conversion_status": "derived_from_lab_coordinates_attributes_pending"
      },
      "geometry": {
        "type": "Point",
        "coordinates": [
          -66.9990841,
          18.0
        ]
      }
    },
    {
      "type": "Feature",
      "properties": {
        "source_id": "metallic_e00_lab_195",
        "source_file": "metallic.e00",
        "source_report": "USGS OFR 98-038",
        "geometry_source": "ARC/INFO E00 LAB coordinate",
        "source_x_m": 39442.719,
        "source_y_m": 18792.574,
        "conversion_crs": "Polyconic lon_0=-67 lat_0=18 Clarke 1866 meters to EPSG:4326",
        "conversion_status": "derived_from_lab_coordinates_attributes_pending"
      },
      "geometry": {
        "type": "Point",
        "coordinates": [
          -66.62721252,
          18.16943738
        ]
      }
    },
    {
      "type": "Feature",
      "properties": {
        "source_id": "metallic_e00_lab_196",
        "source_file": "metallic.e00",
        "source_report": "USGS OFR 98-038",
        "geometry_source": "ARC/INFO E00 LAB coordinate",
        "source_x_m": 98.0,
        "source_y_m": 0.0,
        "conversion_crs": "Polyconic lon_0=-67 lat_0=18 Clarke 1866 meters to EPSG:4326",
        "conversion_status": "derived_from_lab_coordinates_attributes_pending"
      },
      "geometry": {
        "type": "Point",
        "coordinates": [
          -66.99907466,
          18.0
        ]
      }
    },
    {
      "type": "Feature",
      "properties": {
        "source_id": "metallic_e00_lab_197",
        "source_file": "metallic.e00",
        "source_report": "USGS OFR 98-038",
        "geometry_source": "ARC/INFO E00 LAB coordinate",
        "source_x_m": 100876.11,
        "source_y_m": 34388.313,
        "conversion_crs": "Polyconic lon_0=-67 lat_0=18 Clarke 1866 meters to EPSG:4326",
        "conversion_status": "derived_from_lab_coordinates_attributes_pending"
      },
      "geometry": {
        "type": "Point",
        "coordinates": [
          -66.04582226,
          18.30832669
        ]
      }
    },
    {
      "type": "Feature",
      "properties": {
        "source_id": "metallic_e00_lab_198",
        "source_file": "metallic.e00",
        "source_report": "USGS OFR 98-038",
        "geometry_source": "ARC/INFO E00 LAB coordinate",
        "source_x_m": 99.0,
        "source_y_m": 0.0,
        "conversion_crs": "Polyconic lon_0=-67 lat_0=18 Clarke 1866 meters to EPSG:4326",
        "conversion_status": "derived_from_lab_coordinates_attributes_pending"
      },
      "geometry": {
        "type": "Point",
        "coordinates": [
          -66.99906521,
          18.0
        ]
      }
    },
    {
      "type": "Feature",
      "properties": {
        "source_id": "metallic_e00_lab_199",
        "source_file": "metallic.e00",
        "source_report": "USGS OFR 98-038",
        "geometry_source": "ARC/INFO E00 LAB coordinate",
        "source_x_m": 33102.008,
        "source_y_m": 15429.301,
        "conversion_crs": "Polyconic lon_0=-67 lat_0=18 Clarke 1866 meters to EPSG:4326",
        "conversion_status": "derived_from_lab_coordinates_attributes_pending"
      },
      "geometry": {
        "type": "Point",
        "coordinates": [
          -66.68719483,
          18.13915634
        ]
      }
    },
    {
      "type": "Feature",
      "properties": {
        "source_id": "metallic_e00_lab_200",
        "source_file": "metallic.e00",
        "source_report": "USGS OFR 98-038",
        "geometry_source": "ARC/INFO E00 LAB coordinate",
        "source_x_m": 100.0,
        "source_y_m": 0.0,
        "conversion_crs": "Polyconic lon_0=-67 lat_0=18 Clarke 1866 meters to EPSG:4326",
        "conversion_status": "derived_from_lab_coordinates_attributes_pending"
      },
      "geometry": {
        "type": "Point",
        "coordinates": [
          -66.99905577,
          18.0
        ]
      }
    },
    {
      "type": "Feature",
      "properties": {
        "source_id": "metallic_e00_lab_201",
        "source_file": "metallic.e00",
        "source_report": "USGS OFR 98-038",
        "geometry_source": "ARC/INFO E00 LAB coordinate",
        "source_x_m": 96051.984,
        "source_y_m": 29659.328,
        "conversion_crs": "Polyconic lon_0=-67 lat_0=18 Clarke 1866 meters to EPSG:4326",
        "conversion_status": "derived_from_lab_coordinates_attributes_pending"
      },
      "geometry": {
        "type": "Point",
        "coordinates": [
          -66.09167494,
          18.26582715
        ]
      }
    },
    {
      "type": "Feature",
      "properties": {
        "source_id": "metallic_e00_lab_202",
        "source_file": "metallic.e00",
        "source_report": "USGS OFR 98-038",
        "geometry_source": "ARC/INFO E00 LAB coordinate",
        "source_x_m": 101.0,
        "source_y_m": 0.0,
        "conversion_crs": "Polyconic lon_0=-67 lat_0=18 Clarke 1866 meters to EPSG:4326",
        "conversion_status": "derived_from_lab_coordinates_attributes_pending"
      },
      "geometry": {
        "type": "Point",
        "coordinates": [
          -66.99904633,
          18.0
        ]
      }
    },
    {
      "type": "Feature",
      "properties": {
        "source_id": "metallic_e00_lab_203",
        "source_file": "metallic.e00",
        "source_report": "USGS OFR 98-038",
        "geometry_source": "ARC/INFO E00 LAB coordinate",
        "source_x_m": 34658.25,
        "source_y_m": 14724.818,
        "conversion_crs": "Polyconic lon_0=-67 lat_0=18 Clarke 1866 meters to EPSG:4326",
        "conversion_status": "derived_from_lab_coordinates_attributes_pending"
      },
      "geometry": {
        "type": "Point",
        "coordinates": [
          -66.67250063,
          18.13276671
        ]
      }
    },
    {
      "type": "Feature",
      "properties": {
        "source_id": "metallic_e00_lab_204",
        "source_file": "metallic.e00",
        "source_report": "USGS OFR 98-038",
        "geometry_source": "ARC/INFO E00 LAB coordinate",
        "source_x_m": 102.0,
        "source_y_m": 0.0,
        "conversion_crs": "Polyconic lon_0=-67 lat_0=18 Clarke 1866 meters to EPSG:4326",
        "conversion_status": "derived_from_lab_coordinates_attributes_pending"
      },
      "geometry": {
        "type": "Point",
        "coordinates": [
          -66.99903689,
          18.0
        ]
      }
    },
    {
      "type": "Feature",
      "properties": {
        "source_id": "metallic_e00_lab_205",
        "source_file": "metallic.e00",
        "source_report": "USGS OFR 98-038",
        "geometry_source": "ARC/INFO E00 LAB coordinate",
        "source_x_m": 129742.75,
        "source_y_m": 34407.219,
        "conversion_crs": "Polyconic lon_0=-67 lat_0=18 Clarke 1866 meters to EPSG:4326",
        "conversion_status": "derived_from_lab_coordinates_attributes_pending"
      },
      "geometry": {
        "type": "Point",
        "coordinates": [
          -65.77278151,
          18.30693816
        ]
      }
    },
    {
      "type": "Feature",
      "properties": {
        "source_id": "metallic_e00_lab_206",
        "source_file": "metallic.e00",
        "source_report": "USGS OFR 98-038",
        "geometry_source": "ARC/INFO E00 LAB coordinate",
        "source_x_m": 103.0,
        "source_y_m": 0.0,
        "conversion_crs": "Polyconic lon_0=-67 lat_0=18 Clarke 1866 meters to EPSG:4326",
        "conversion_status": "derived_from_lab_coordinates_attributes_pending"
      },
      "geometry": {
        "type": "Point",
        "coordinates": [
          -66.99902744,
          18.0
        ]
      }
    },
    {
      "type": "Feature",
      "properties": {
        "source_id": "metallic_e00_lab_207",
        "source_file": "metallic.e00",
        "source_report": "USGS OFR 98-038",
        "geometry_source": "ARC/INFO E00 LAB coordinate",
        "source_x_m": 28660.695,
        "source_y_m": 14869.176,
        "conversion_crs": "Polyconic lon_0=-67 lat_0=18 Clarke 1866 meters to EPSG:4326",
        "conversion_status": "derived_from_lab_coordinates_attributes_pending"
      },
      "geometry": {
        "type": "Point",
        "coordinates": [
          -66.72917178,
          18.13415909
        ]
      }
    },
    {
      "type": "Feature",
      "properties": {
        "source_id": "metallic_e00_lab_208",
        "source_file": "metallic.e00",
        "source_report": "USGS OFR 98-038",
        "geometry_source": "ARC/INFO E00 LAB coordinate",
        "source_x_m": 104.0,
        "source_y_m": 0.0,
        "conversion_crs": "Polyconic lon_0=-67 lat_0=18 Clarke 1866 meters to EPSG:4326",
        "conversion_status": "derived_from_lab_coordinates_attributes_pending"
      },
      "geometry": {
        "type": "Point",
        "coordinates": [
          -66.999018,
          18.0
        ]
      }
    },
    {
      "type": "Feature",
      "properties": {
        "source_id": "metallic_e00_lab_209",
        "source_file": "metallic.e00",
        "source_report": "USGS OFR 98-038",
        "geometry_source": "ARC/INFO E00 LAB coordinate",
        "source_x_m": 28105.832,
        "source_y_m": 14438.988,
        "conversion_crs": "Polyconic lon_0=-67 lat_0=18 Clarke 1866 meters to EPSG:4326",
        "conversion_status": "derived_from_lab_coordinates_attributes_pending"
      },
      "geometry": {
        "type": "Point",
        "coordinates": [
          -66.7344208,
          18.13027952
        ]
      }
    },
    {
      "type": "Feature",
      "properties": {
        "source_id": "metallic_e00_lab_210",
        "source_file": "metallic.e00",
        "source_report": "USGS OFR 98-038",
        "geometry_source": "ARC/INFO E00 LAB coordinate",
        "source_x_m": 105.0,
        "source_y_m": 0.0,
        "conversion_crs": "Polyconic lon_0=-67 lat_0=18 Clarke 1866 meters to EPSG:4326",
        "conversion_status": "derived_from_lab_coordinates_attributes_pending"
      },
      "geometry": {
        "type": "Point",
        "coordinates": [
          -66.99900856,
          18.0
        ]
      }
    },
    {
      "type": "Feature",
      "properties": {
        "source_id": "metallic_e00_lab_211",
        "source_file": "metallic.e00",
        "source_report": "USGS OFR 98-038",
        "geometry_source": "ARC/INFO E00 LAB coordinate",
        "source_x_m": 86449.203,
        "source_y_m": 9413.59,
        "conversion_crs": "Polyconic lon_0=-67 lat_0=18 Clarke 1866 meters to EPSG:4326",
        "conversion_status": "derived_from_lab_coordinates_attributes_pending"
      },
      "geometry": {
        "type": "Point",
        "coordinates": [
          -66.18333447,
          18.08332825
        ]
      }
    },
    {
      "type": "Feature",
      "properties": {
        "source_id": "metallic_e00_lab_212",
        "source_file": "metallic.e00",
        "source_report": "USGS OFR 98-038",
        "geometry_source": "ARC/INFO E00 LAB coordinate",
        "source_x_m": 106.0,
        "source_y_m": 0.0,
        "conversion_crs": "Polyconic lon_0=-67 lat_0=18 Clarke 1866 meters to EPSG:4326",
        "conversion_status": "derived_from_lab_coordinates_attributes_pending"
      },
      "geometry": {
        "type": "Point",
        "coordinates": [
          -66.99899912,
          18.0
        ]
      }
    },
    {
      "type": "Feature",
      "properties": {
        "source_id": "metallic_e00_lab_213",
        "source_file": "metallic.e00",
        "source_report": "USGS OFR 98-038",
        "geometry_source": "ARC/INFO E00 LAB coordinate",
        "source_x_m": 42689.961,
        "source_y_m": 25871.016,
        "conversion_crs": "Polyconic lon_0=-67 lat_0=18 Clarke 1866 meters to EPSG:4326",
        "conversion_status": "derived_from_lab_coordinates_attributes_pending"
      },
      "geometry": {
        "type": "Point",
        "coordinates": [
          -66.59637454,
          18.23332976
        ]
      }
    },
    {
      "type": "Feature",
      "properties": {
        "source_id": "metallic_e00_lab_214",
        "source_file": "metallic.e00",
        "source_report": "USGS OFR 98-038",
        "geometry_source": "ARC/INFO E00 LAB coordinate",
        "source_x_m": 107.0,
        "source_y_m": 0.0,
        "conversion_crs": "Polyconic lon_0=-67 lat_0=18 Clarke 1866 meters to EPSG:4326",
        "conversion_status": "derived_from_lab_coordinates_attributes_pending"
      },
      "geometry": {
        "type": "Point",
        "coordinates": [
          -66.99898967,
          18.0
        ]
      }
    },
    {
      "type": "Feature",
      "properties": {
        "source_id": "metallic_e00_lab_215",
        "source_file": "metallic.e00",
        "source_report": "USGS OFR 98-038",
        "geometry_source": "ARC/INFO E00 LAB coordinate",
        "source_x_m": 46782.438,
        "source_y_m": 22651.813,
        "conversion_crs": "Polyconic lon_0=-67 lat_0=18 Clarke 1866 meters to EPSG:4326",
        "conversion_status": "derived_from_lab_coordinates_attributes_pending"
      },
      "geometry": {
        "type": "Point",
        "coordinates": [
          -66.55775455,
          18.20415876
        ]
      }
    },
    {
      "type": "Feature",
      "properties": {
        "source_id": "metallic_e00_lab_216",
        "source_file": "metallic.e00",
        "source_report": "USGS OFR 98-038",
        "geometry_source": "ARC/INFO E00 LAB coordinate",
        "source_x_m": 108.0,
        "source_y_m": 0.0,
        "conversion_crs": "Polyconic lon_0=-67 lat_0=18 Clarke 1866 meters to EPSG:4326",
        "conversion_status": "derived_from_lab_coordinates_attributes_pending"
      },
      "geometry": {
        "type": "Point",
        "coordinates": [
          -66.99898023,
          18.0
        ]
      }
    },
    {
      "type": "Feature",
      "properties": {
        "source_id": "metallic_e00_lab_217",
        "source_file": "metallic.e00",
        "source_report": "USGS OFR 98-038",
        "geometry_source": "ARC/INFO E00 LAB coordinate",
        "source_x_m": 44665.547,
        "source_y_m": 22278.234,
        "conversion_crs": "Polyconic lon_0=-67 lat_0=18 Clarke 1866 meters to EPSG:4326",
        "conversion_status": "derived_from_lab_coordinates_attributes_pending"
      },
      "geometry": {
        "type": "Point",
        "coordinates": [
          -66.57777407,
          18.20082853
        ]
      }
    },
    {
      "type": "Feature",
      "properties": {
        "source_id": "metallic_e00_lab_218",
        "source_file": "metallic.e00",
        "source_report": "USGS OFR 98-038",
        "geometry_source": "ARC/INFO E00 LAB coordinate",
        "source_x_m": 109.0,
        "source_y_m": 0.0,
        "conversion_crs": "Polyconic lon_0=-67 lat_0=18 Clarke 1866 meters to EPSG:4326",
        "conversion_status": "derived_from_lab_coordinates_attributes_pending"
      },
      "geometry": {
        "type": "Point",
        "coordinates": [
          -66.99897079,
          18.0
        ]
      }
    },
    {
      "type": "Feature",
      "properties": {
        "source_id": "metallic_e00_lab_219",
        "source_file": "metallic.e00",
        "source_report": "USGS OFR 98-038",
        "geometry_source": "ARC/INFO E00 LAB coordinate",
        "source_x_m": 46722.281,
        "source_y_m": 22160.215,
        "conversion_crs": "Polyconic lon_0=-67 lat_0=18 Clarke 1866 meters to EPSG:4326",
        "conversion_status": "derived_from_lab_coordinates_attributes_pending"
      },
      "geometry": {
        "type": "Point",
        "coordinates": [
          -66.55833441,
          18.19971846
        ]
      }
    },
    {
      "type": "Feature",
      "properties": {
        "source_id": "metallic_e00_lab_220",
        "source_file": "metallic.e00",
        "source_report": "USGS OFR 98-038",
        "geometry_source": "ARC/INFO E00 LAB coordinate",
        "source_x_m": 110.0,
        "source_y_m": 0.0,
        "conversion_crs": "Polyconic lon_0=-67 lat_0=18 Clarke 1866 meters to EPSG:4326",
        "conversion_status": "derived_from_lab_coordinates_attributes_pending"
      },
      "geometry": {
        "type": "Point",
        "coordinates": [
          -66.99896135,
          18.0
        ]
      }
    },
    {
      "type": "Feature",
      "properties": {
        "source_id": "metallic_e00_lab_221",
        "source_file": "metallic.e00",
        "source_report": "USGS OFR 98-038",
        "geometry_source": "ARC/INFO E00 LAB coordinate",
        "source_x_m": 123465.81,
        "source_y_m": 14624.918,
        "conversion_crs": "Polyconic lon_0=-67 lat_0=18 Clarke 1866 meters to EPSG:4326",
        "conversion_status": "derived_from_lab_coordinates_attributes_pending"
      },
      "geometry": {
        "type": "Point",
        "coordinates": [
          -65.83334361,
          18.1286087
        ]
      }
    },
    {
      "type": "Feature",
      "properties": {
        "source_id": "metallic_e00_lab_222",
        "source_file": "metallic.e00",
        "source_report": "USGS OFR 98-038",
        "geometry_source": "ARC/INFO E00 LAB coordinate",
        "source_x_m": 111.0,
        "source_y_m": 0.0,
        "conversion_crs": "Polyconic lon_0=-67 lat_0=18 Clarke 1866 meters to EPSG:4326",
        "conversion_status": "derived_from_lab_coordinates_attributes_pending"
      },
      "geometry": {
        "type": "Point",
        "coordinates": [
          -66.99895191,
          18.0
        ]
      }
    },
    {
      "type": "Feature",
      "properties": {
        "source_id": "metallic_e00_lab_223",
        "source_file": "metallic.e00",
        "source_report": "USGS OFR 98-038",
        "geometry_source": "ARC/INFO E00 LAB coordinate",
        "source_x_m": -8704.676,
        "source_y_m": 5319.849,
        "conversion_crs": "Polyconic lon_0=-67 lat_0=18 Clarke 1866 meters to EPSG:4326",
        "conversion_status": "derived_from_lab_coordinates_attributes_pending"
      },
      "geometry": {
        "type": "Point",
        "coordinates": [
          -67.08221437,
          18.04804992
        ]
      }
    },
    {
      "type": "Feature",
      "properties": {
        "source_id": "metallic_e00_lab_224",
        "source_file": "metallic.e00",
        "source_report": "USGS OFR 98-038",
        "geometry_source": "ARC/INFO E00 LAB coordinate",
        "source_x_m": 112.0,
        "source_y_m": 0.0,
        "conversion_crs": "Polyconic lon_0=-67 lat_0=18 Clarke 1866 meters to EPSG:4326",
        "conversion_status": "derived_from_lab_coordinates_attributes_pending"
      },
      "geometry": {
        "type": "Point",
        "coordinates": [
          -66.99894246,
          18.0
        ]
      }
    },
    {
      "type": "Feature",
      "properties": {
        "source_id": "metallic_e00_lab_225",
        "source_file": "metallic.e00",
        "source_report": "USGS OFR 98-038",
        "geometry_source": "ARC/INFO E00 LAB coordinate",
        "source_x_m": -9708.717,
        "source_y_m": 493.407,
        "conversion_crs": "Polyconic lon_0=-67 lat_0=18 Clarke 1866 meters to EPSG:4326",
        "conversion_status": "derived_from_lab_coordinates_attributes_pending"
      },
      "geometry": {
        "type": "Point",
        "coordinates": [
          -67.09167482,
          18.00443649
        ]
      }
    },
    {
      "type": "Feature",
      "properties": {
        "source_id": "metallic_e00_lab_226",
        "source_file": "metallic.e00",
        "source_report": "USGS OFR 98-038",
        "geometry_source": "ARC/INFO E00 LAB coordinate",
        "source_x_m": 113.0,
        "source_y_m": 0.0,
        "conversion_crs": "Polyconic lon_0=-67 lat_0=18 Clarke 1866 meters to EPSG:4326",
        "conversion_status": "derived_from_lab_coordinates_attributes_pending"
      },
      "geometry": {
        "type": "Point",
        "coordinates": [
          -66.99893302,
          18.0
        ]
      }
    },
    {
      "type": "Feature",
      "properties": {
        "source_id": "metallic_e00_lab_227",
        "source_file": "metallic.e00",
        "source_report": "USGS OFR 98-038",
        "geometry_source": "ARC/INFO E00 LAB coordinate",
        "source_x_m": 294.014,
        "source_y_m": 6609.402,
        "conversion_crs": "Polyconic lon_0=-67 lat_0=18 Clarke 1866 meters to EPSG:4326",
        "conversion_status": "derived_from_lab_coordinates_attributes_pending"
      },
      "geometry": {
        "type": "Point",
        "coordinates": [
          -66.9972229,
          18.05971908
        ]
      }
    },
    {
      "type": "Feature",
      "properties": {
        "source_id": "metallic_e00_lab_228",
        "source_file": "metallic.e00",
        "source_report": "USGS OFR 98-038",
        "geometry_source": "ARC/INFO E00 LAB coordinate",
        "source_x_m": 114.0,
        "source_y_m": 0.0,
        "conversion_crs": "Polyconic lon_0=-67 lat_0=18 Clarke 1866 meters to EPSG:4326",
        "conversion_status": "derived_from_lab_coordinates_attributes_pending"
      },
      "geometry": {
        "type": "Point",
        "coordinates": [
          -66.99892358,
          18.0
        ]
      }
    },
    {
      "type": "Feature",
      "properties": {
        "source_id": "metallic_e00_lab_229",
        "source_file": "metallic.e00",
        "source_report": "USGS OFR 98-038",
        "geometry_source": "ARC/INFO E00 LAB coordinate",
        "source_x_m": 4705.613,
        "source_y_m": 7531.612,
        "conversion_crs": "Polyconic lon_0=-67 lat_0=18 Clarke 1866 meters to EPSG:4326",
        "conversion_status": "derived_from_lab_coordinates_attributes_pending"
      },
      "geometry": {
        "type": "Point",
        "coordinates": [
          -66.95555116,
          18.06804657
        ]
      }
    },
    {
      "type": "Feature",
      "properties": {
        "source_id": "metallic_e00_lab_230",
        "source_file": "metallic.e00",
        "source_report": "USGS OFR 98-038",
        "geometry_source": "ARC/INFO E00 LAB coordinate",
        "source_x_m": 115.0,
        "source_y_m": 0.0,
        "conversion_crs": "Polyconic lon_0=-67 lat_0=18 Clarke 1866 meters to EPSG:4326",
        "conversion_status": "derived_from_lab_coordinates_attributes_pending"
      },
      "geometry": {
        "type": "Point",
        "coordinates": [
          -66.99891414,
          18.0
        ]
      }
    },
    {
      "type": "Feature",
      "properties": {
        "source_id": "metallic_e00_lab_231",
        "source_file": "metallic.e00",
        "source_report": "USGS OFR 98-038",
        "geometry_source": "ARC/INFO E00 LAB coordinate",
        "source_x_m": 5000.046,
        "source_y_m": 5841.648,
        "conversion_crs": "Polyconic lon_0=-67 lat_0=18 Clarke 1866 meters to EPSG:4326",
        "conversion_status": "derived_from_lab_coordinates_attributes_pending"
      },
      "geometry": {
        "type": "Point",
        "coordinates": [
          -66.95277405,
          18.05277633
        ]
      }
    },
    {
      "type": "Feature",
      "properties": {
        "source_id": "metallic_e00_lab_232",
        "source_file": "metallic.e00",
        "source_report": "USGS OFR 98-038",
        "geometry_source": "ARC/INFO E00 LAB coordinate",
        "source_x_m": 116.0,
        "source_y_m": 0.0,
        "conversion_crs": "Polyconic lon_0=-67 lat_0=18 Clarke 1866 meters to EPSG:4326",
        "conversion_status": "derived_from_lab_coordinates_attributes_pending"
      },
      "geometry": {
        "type": "Point",
        "coordinates": [
          -66.99890469,
          18.0
        ]
      }
    },
    {
      "type": "Feature",
      "properties": {
        "source_id": "metallic_e00_lab_233",
        "source_file": "metallic.e00",
        "source_report": "USGS OFR 98-038",
        "geometry_source": "ARC/INFO E00 LAB coordinate",
        "source_x_m": 161514.25,
        "source_y_m": 13826.992,
        "conversion_crs": "Polyconic lon_0=-67 lat_0=18 Clarke 1866 meters to EPSG:4326",
        "conversion_status": "derived_from_lab_coordinates_attributes_pending"
      },
      "geometry": {
        "type": "Point",
        "coordinates": [
          -65.47389227,
          18.11888885
        ]
      }
    },
    {
      "type": "Feature",
      "properties": {
        "source_id": "metallic_e00_lab_234",
        "source_file": "metallic.e00",
        "source_report": "USGS OFR 98-038",
        "geometry_source": "ARC/INFO E00 LAB coordinate",
        "source_x_m": 117.0,
        "source_y_m": 0.0,
        "conversion_crs": "Polyconic lon_0=-67 lat_0=18 Clarke 1866 meters to EPSG:4326",
        "conversion_status": "derived_from_lab_coordinates_attributes_pending"
      },
      "geometry": {
        "type": "Point",
        "coordinates": [
          -66.99889525,
          18.0
        ]
      }
    },
    {
      "type": "Feature",
      "properties": {
        "source_id": "metallic_e00_lab_235",
        "source_file": "metallic.e00",
        "source_report": "USGS OFR 98-038",
        "geometry_source": "ARC/INFO E00 LAB coordinate",
        "source_x_m": 38814.297,
        "source_y_m": 9260.902,
        "conversion_crs": "Polyconic lon_0=-67 lat_0=18 Clarke 1866 meters to EPSG:4326",
        "conversion_status": "derived_from_lab_coordinates_attributes_pending"
      },
      "geometry": {
        "type": "Point",
        "coordinates": [
          -66.63333131,
          18.08332824
        ]
      }
    },
    {
      "type": "Feature",
      "properties": {
        "source_id": "metallic_e00_lab_236",
        "source_file": "metallic.e00",
        "source_report": "USGS OFR 98-038",
        "geometry_source": "ARC/INFO E00 LAB coordinate",
        "source_x_m": 118.0,
        "source_y_m": 0.0,
        "conversion_crs": "Polyconic lon_0=-67 lat_0=18 Clarke 1866 meters to EPSG:4326",
        "conversion_status": "derived_from_lab_coordinates_attributes_pending"
      },
      "geometry": {
        "type": "Point",
        "coordinates": [
          -66.99888581,
          18.0
        ]
      }
    },
    {
      "type": "Feature",
      "properties": {
        "source_id": "metallic_e00_lab_237",
        "source_file": "metallic.e00",
        "source_report": "USGS OFR 98-038",
        "geometry_source": "ARC/INFO E00 LAB coordinate",
        "source_x_m": 35585.789,
        "source_y_m": 5503.932,
        "conversion_crs": "Polyconic lon_0=-67 lat_0=18 Clarke 1866 meters to EPSG:4326",
        "conversion_status": "derived_from_lab_coordinates_attributes_pending"
      },
      "geometry": {
        "type": "Point",
        "coordinates": [
          -66.66389469,
          18.04943847
        ]
      }
    },
    {
      "type": "Feature",
      "properties": {
        "source_id": "metallic_e00_lab_238",
        "source_file": "metallic.e00",
        "source_report": "USGS OFR 98-038",
        "geometry_source": "ARC/INFO E00 LAB coordinate",
        "source_x_m": 119.0,
        "source_y_m": 0.0,
        "conversion_crs": "Polyconic lon_0=-67 lat_0=18 Clarke 1866 meters to EPSG:4326",
        "conversion_status": "derived_from_lab_coordinates_attributes_pending"
      },
      "geometry": {
        "type": "Point",
        "coordinates": [
          -66.99887637,
          18.0
        ]
      }
    },
    {
      "type": "Feature",
      "properties": {
        "source_id": "metallic_e00_lab_239",
        "source_file": "metallic.e00",
        "source_report": "USGS OFR 98-038",
        "geometry_source": "ARC/INFO E00 LAB coordinate",
        "source_x_m": -18643.223,
        "source_y_m": 39359.953,
        "conversion_crs": "Polyconic lon_0=-67 lat_0=18 Clarke 1866 meters to EPSG:4326",
        "conversion_status": "derived_from_lab_coordinates_attributes_pending"
      },
      "geometry": {
        "type": "Point",
        "coordinates": [
          -67.1763916,
          18.35554879
        ]
      }
    },
    {
      "type": "Feature",
      "properties": {
        "source_id": "metallic_e00_lab_240",
        "source_file": "metallic.e00",
        "source_report": "USGS OFR 98-038",
        "geometry_source": "ARC/INFO E00 LAB coordinate",
        "source_x_m": 120.0,
        "source_y_m": 0.0,
        "conversion_crs": "Polyconic lon_0=-67 lat_0=18 Clarke 1866 meters to EPSG:4326",
        "conversion_status": "derived_from_lab_coordinates_attributes_pending"
      },
      "geometry": {
        "type": "Point",
        "coordinates": [
          -66.99886693,
          18.0
        ]
      }
    },
    {
      "type": "Feature",
      "properties": {
        "source_id": "metallic_e00_lab_241",
        "source_file": "metallic.e00",
        "source_report": "USGS OFR 98-038",
        "geometry_source": "ARC/INFO E00 LAB coordinate",
        "source_x_m": -7637.798,
        "source_y_m": 31512.949,
        "conversion_crs": "Polyconic lon_0=-67 lat_0=18 Clarke 1866 meters to EPSG:4326",
        "conversion_status": "derived_from_lab_coordinates_attributes_pending"
      },
      "geometry": {
        "type": "Point",
        "coordinates": [
          -67.07223511,
          18.28471753
        ]
      }
    },
    {
      "type": "Feature",
      "properties": {
        "source_id": "metallic_e00_lab_242",
        "source_file": "metallic.e00",
        "source_report": "USGS OFR 98-038",
        "geometry_source": "ARC/INFO E00 LAB coordinate",
        "source_x_m": 121.0,
        "source_y_m": 0.0,
        "conversion_crs": "Polyconic lon_0=-67 lat_0=18 Clarke 1866 meters to EPSG:4326",
        "conversion_status": "derived_from_lab_coordinates_attributes_pending"
      },
      "geometry": {
        "type": "Point",
        "coordinates": [
          -66.99885748,
          18.0
        ]
      }
    },
    {
      "type": "Feature",
      "properties": {
        "source_id": "metallic_e00_lab_243",
        "source_file": "metallic.e00",
        "source_report": "USGS OFR 98-038",
        "geometry_source": "ARC/INFO E00 LAB coordinate",
        "source_x_m": 17035.395,
        "source_y_m": 31980.422,
        "conversion_crs": "Polyconic lon_0=-67 lat_0=18 Clarke 1866 meters to EPSG:4326",
        "conversion_status": "derived_from_lab_coordinates_attributes_pending"
      },
      "geometry": {
        "type": "Point",
        "coordinates": [
          -66.83888246,
          18.28888699
        ]
      }
    },
    {
      "type": "Feature",
      "properties": {
        "source_id": "metallic_e00_lab_244",
        "source_file": "metallic.e00",
        "source_report": "USGS OFR 98-038",
        "geometry_source": "ARC/INFO E00 LAB coordinate",
        "source_x_m": 122.0,
        "source_y_m": 0.0,
        "conversion_crs": "Polyconic lon_0=-67 lat_0=18 Clarke 1866 meters to EPSG:4326",
        "conversion_status": "derived_from_lab_coordinates_attributes_pending"
      },
      "geometry": {
        "type": "Point",
        "coordinates": [
          -66.99884804,
          18.0
        ]
      }
    },
    {
      "type": "Feature",
      "properties": {
        "source_id": "metallic_e00_lab_245",
        "source_file": "metallic.e00",
        "source_report": "USGS OFR 98-038",
        "geometry_source": "ARC/INFO E00 LAB coordinate",
        "source_x_m": 18945.953,
        "source_y_m": 29983.488,
        "conversion_crs": "Polyconic lon_0=-67 lat_0=18 Clarke 1866 meters to EPSG:4326",
        "conversion_status": "derived_from_lab_coordinates_attributes_pending"
      },
      "geometry": {
        "type": "Point",
        "coordinates": [
          -66.82083131,
          18.27082822
        ]
      }
    },
    {
      "type": "Feature",
      "properties": {
        "source_id": "metallic_e00_lab_246",
        "source_file": "metallic.e00",
        "source_report": "USGS OFR 98-038",
        "geometry_source": "ARC/INFO E00 LAB coordinate",
        "source_x_m": 123.0,
        "source_y_m": 0.0,
        "conversion_crs": "Polyconic lon_0=-67 lat_0=18 Clarke 1866 meters to EPSG:4326",
        "conversion_status": "derived_from_lab_coordinates_attributes_pending"
      },
      "geometry": {
        "type": "Point",
        "coordinates": [
          -66.9988386,
          18.0
        ]
      }
    },
    {
      "type": "Feature",
      "properties": {
        "source_id": "metallic_e00_lab_247",
        "source_file": "metallic.e00",
        "source_report": "USGS OFR 98-038",
        "geometry_source": "ARC/INFO E00 LAB coordinate",
        "source_x_m": 86223.531,
        "source_y_m": 27153.422,
        "conversion_crs": "Polyconic lon_0=-67 lat_0=18 Clarke 1866 meters to EPSG:4326",
        "conversion_status": "derived_from_lab_coordinates_attributes_pending"
      },
      "geometry": {
        "type": "Point",
        "coordinates": [
          -66.184723,
          18.24360656
        ]
      }
    },
    {
      "type": "Feature",
      "properties": {
        "source_id": "metallic_e00_lab_248",
        "source_file": "metallic.e00",
        "source_report": "USGS OFR 98-038",
        "geometry_source": "ARC/INFO E00 LAB coordinate",
        "source_x_m": 124.0,
        "source_y_m": 0.0,
        "conversion_crs": "Polyconic lon_0=-67 lat_0=18 Clarke 1866 meters to EPSG:4326",
        "conversion_status": "derived_from_lab_coordinates_attributes_pending"
      },
      "geometry": {
        "type": "Point",
        "coordinates": [
          -66.99882916,
          18.0
        ]
      }
    },
    {
      "type": "Feature",
      "properties": {
        "source_id": "metallic_e00_lab_249",
        "source_file": "metallic.e00",
        "source_report": "USGS OFR 98-038",
        "geometry_source": "ARC/INFO E00 LAB coordinate",
        "source_x_m": 22177.805,
        "source_y_m": 28603.363,
        "conversion_crs": "Polyconic lon_0=-67 lat_0=18 Clarke 1866 meters to EPSG:4326",
        "conversion_status": "derived_from_lab_coordinates_attributes_pending"
      },
      "geometry": {
        "type": "Point",
        "coordinates": [
          -66.79028322,
          18.25832745
        ]
      }
    },
    {
      "type": "Feature",
      "properties": {
        "source_id": "metallic_e00_lab_250",
        "source_file": "metallic.e00",
        "source_report": "USGS OFR 98-038",
        "geometry_source": "ARC/INFO E00 LAB coordinate",
        "source_x_m": 125.0,
        "source_y_m": 0.0,
        "conversion_crs": "Polyconic lon_0=-67 lat_0=18 Clarke 1866 meters to EPSG:4326",
        "conversion_status": "derived_from_lab_coordinates_attributes_pending"
      },
      "geometry": {
        "type": "Point",
        "coordinates": [
          -66.99881971,
          18.0
        ]
      }
    },
    {
      "type": "Feature",
      "properties": {
        "source_id": "metallic_e00_lab_251",
        "source_file": "metallic.e00",
        "source_report": "USGS OFR 98-038",
        "geometry_source": "ARC/INFO E00 LAB coordinate",
        "source_x_m": 13954.389,
        "source_y_m": 29057.148,
        "conversion_crs": "Polyconic lon_0=-67 lat_0=18 Clarke 1866 meters to EPSG:4326",
        "conversion_status": "derived_from_lab_coordinates_attributes_pending"
      },
      "geometry": {
        "type": "Point",
        "coordinates": [
          -66.86804199,
          18.26249691
        ]
      }
    },
    {
      "type": "Feature",
      "properties": {
        "source_id": "metallic_e00_lab_252",
        "source_file": "metallic.e00",
        "source_report": "USGS OFR 98-038",
        "geometry_source": "ARC/INFO E00 LAB coordinate",
        "source_x_m": 126.0,
        "source_y_m": 0.0,
        "conversion_crs": "Polyconic lon_0=-67 lat_0=18 Clarke 1866 meters to EPSG:4326",
        "conversion_status": "derived_from_lab_coordinates_attributes_pending"
      },
      "geometry": {
        "type": "Point",
        "coordinates": [
          -66.99881027,
          18.0
        ]
      }
    },
    {
      "type": "Feature",
      "properties": {
        "source_id": "metallic_e00_lab_253",
        "source_file": "metallic.e00",
        "source_report": "USGS OFR 98-038",
        "geometry_source": "ARC/INFO E00 LAB coordinate",
        "source_x_m": 27879.75,
        "source_y_m": 27934.371,
        "conversion_crs": "Polyconic lon_0=-67 lat_0=18 Clarke 1866 meters to EPSG:4326",
        "conversion_status": "derived_from_lab_coordinates_attributes_pending"
      },
      "geometry": {
        "type": "Point",
        "coordinates": [
          -66.73637393,
          18.25221632
        ]
      }
    },
    {
      "type": "Feature",
      "properties": {
        "source_id": "metallic_e00_lab_254",
        "source_file": "metallic.e00",
        "source_report": "USGS OFR 98-038",
        "geometry_source": "ARC/INFO E00 LAB coordinate",
        "source_x_m": 127.0,
        "source_y_m": 0.0,
        "conversion_crs": "Polyconic lon_0=-67 lat_0=18 Clarke 1866 meters to EPSG:4326",
        "conversion_status": "derived_from_lab_coordinates_attributes_pending"
      },
      "geometry": {
        "type": "Point",
        "coordinates": [
          -66.99880083,
          18.0
        ]
      }
    },
    {
      "type": "Feature",
      "properties": {
        "source_id": "metallic_e00_lab_255",
        "source_file": "metallic.e00",
        "source_report": "USGS OFR 98-038",
        "geometry_source": "ARC/INFO E00 LAB coordinate",
        "source_x_m": 125842.95,
        "source_y_m": 29307.938,
        "conversion_crs": "Polyconic lon_0=-67 lat_0=18 Clarke 1866 meters to EPSG:4326",
        "conversion_status": "derived_from_lab_coordinates_attributes_pending"
      },
      "geometry": {
        "type": "Point",
        "coordinates": [
          -65.80998238,
          18.26110839
        ]
      }
    },
    {
      "type": "Feature",
      "properties": {
        "source_id": "metallic_e00_lab_256",
        "source_file": "metallic.e00",
        "source_report": "USGS OFR 98-038",
        "geometry_source": "ARC/INFO E00 LAB coordinate",
        "source_x_m": 128.0,
        "source_y_m": 0.0,
        "conversion_crs": "Polyconic lon_0=-67 lat_0=18 Clarke 1866 meters to EPSG:4326",
        "conversion_status": "derived_from_lab_coordinates_attributes_pending"
      },
      "geometry": {
        "type": "Point",
        "coordinates": [
          -66.99879139,
          18.0
        ]
      }
    },
    {
      "type": "Feature",
      "properties": {
        "source_id": "metallic_e00_lab_257",
        "source_file": "metallic.e00",
        "source_report": "USGS OFR 98-038",
        "geometry_source": "ARC/INFO E00 LAB coordinate",
        "source_x_m": -18721.809,
        "source_y_m": 18146.434,
        "conversion_crs": "Polyconic lon_0=-67 lat_0=18 Clarke 1866 meters to EPSG:4326",
        "conversion_status": "derived_from_lab_coordinates_attributes_pending"
      },
      "geometry": {
        "type": "Point",
        "coordinates": [
          -67.17694093,
          18.16387937
        ]
      }
    },
    {
      "type": "Feature",
      "properties": {
        "source_id": "metallic_e00_lab_258",
        "source_file": "metallic.e00",
        "source_report": "USGS OFR 98-038",
        "geometry_source": "ARC/INFO E00 LAB coordinate",
        "source_x_m": 129.0,
        "source_y_m": 0.0,
        "conversion_crs": "Polyconic lon_0=-67 lat_0=18 Clarke 1866 meters to EPSG:4326",
        "conversion_status": "derived_from_lab_coordinates_attributes_pending"
      },
      "geometry": {
        "type": "Point",
        "coordinates": [
          -66.99878194,
          18.0
        ]
      }
    },
    {
      "type": "Feature",
      "properties": {
        "source_id": "metallic_e00_lab_259",
        "source_file": "metallic.e00",
        "source_report": "USGS OFR 98-038",
        "geometry_source": "ARC/INFO E00 LAB coordinate",
        "source_x_m": -11020.838,
        "source_y_m": 20600.695,
        "conversion_crs": "Polyconic lon_0=-67 lat_0=18 Clarke 1866 meters to EPSG:4326",
        "conversion_status": "derived_from_lab_coordinates_attributes_pending"
      },
      "geometry": {
        "type": "Point",
        "coordinates": [
          -67.10417177,
          18.18610763
        ]
      }
    },
    {
      "type": "Feature",
      "properties": {
        "source_id": "metallic_e00_lab_260",
        "source_file": "metallic.e00",
        "source_report": "USGS OFR 98-038",
        "geometry_source": "ARC/INFO E00 LAB coordinate",
        "source_x_m": 130.0,
        "source_y_m": 0.0,
        "conversion_crs": "Polyconic lon_0=-67 lat_0=18 Clarke 1866 meters to EPSG:4326",
        "conversion_status": "derived_from_lab_coordinates_attributes_pending"
      },
      "geometry": {
        "type": "Point",
        "coordinates": [
          -66.9987725,
          18.0
        ]
      }
    },
    {
      "type": "Feature",
      "properties": {
        "source_id": "metallic_e00_lab_261",
        "source_file": "metallic.e00",
        "source_report": "USGS OFR 98-038",
        "geometry_source": "ARC/INFO E00 LAB coordinate",
        "source_x_m": -3086.96,
        "source_y_m": 17983.566,
        "conversion_crs": "Polyconic lon_0=-67 lat_0=18 Clarke 1866 meters to EPSG:4326",
        "conversion_status": "derived_from_lab_coordinates_attributes_pending"
      },
      "geometry": {
        "type": "Point",
        "coordinates": [
          -67.02917481,
          18.16248702
        ]
      }
    },
    {
      "type": "Feature",
      "properties": {
        "source_id": "metallic_e00_lab_262",
        "source_file": "metallic.e00",
        "source_report": "USGS OFR 98-038",
        "geometry_source": "ARC/INFO E00 LAB coordinate",
        "source_x_m": 131.0,
        "source_y_m": 0.0,
        "conversion_crs": "Polyconic lon_0=-67 lat_0=18 Clarke 1866 meters to EPSG:4326",
        "conversion_status": "derived_from_lab_coordinates_attributes_pending"
      },
      "geometry": {
        "type": "Point",
        "coordinates": [
          -66.99876306,
          18.0
        ]
      }
    },
    {
      "type": "Feature",
      "properties": {
        "source_id": "metallic_e00_lab_263",
        "source_file": "metallic.e00",
        "source_report": "USGS OFR 98-038",
        "geometry_source": "ARC/INFO E00 LAB coordinate",
        "source_x_m": -1998.932,
        "source_y_m": 16447.473,
        "conversion_crs": "Polyconic lon_0=-67 lat_0=18 Clarke 1866 meters to EPSG:4326",
        "conversion_status": "derived_from_lab_coordinates_attributes_pending"
      },
      "geometry": {
        "type": "Point",
        "coordinates": [
          -67.01889038,
          18.14860915
        ]
      }
    },
    {
      "type": "Feature",
      "properties": {
        "source_id": "metallic_e00_lab_264",
        "source_file": "metallic.e00",
        "source_report": "USGS OFR 98-038",
        "geometry_source": "ARC/INFO E00 LAB coordinate",
        "source_x_m": 132.0,
        "source_y_m": 0.0,
        "conversion_crs": "Polyconic lon_0=-67 lat_0=18 Clarke 1866 meters to EPSG:4326",
        "conversion_status": "derived_from_lab_coordinates_attributes_pending"
      },
      "geometry": {
        "type": "Point",
        "coordinates": [
          -66.99875362,
          18.0
        ]
      }
    },
    {
      "type": "Feature",
      "properties": {
        "source_id": "metallic_e00_lab_265",
        "source_file": "metallic.e00",
        "source_report": "USGS OFR 98-038",
        "geometry_source": "ARC/INFO E00 LAB coordinate",
        "source_x_m": 8814.582,
        "source_y_m": 23058.875,
        "conversion_crs": "Polyconic lon_0=-67 lat_0=18 Clarke 1866 meters to EPSG:4326",
        "conversion_status": "derived_from_lab_coordinates_attributes_pending"
      },
      "geometry": {
        "type": "Point",
        "coordinates": [
          -66.91667177,
          18.20832822
        ]
      }
    },
    {
      "type": "Feature",
      "properties": {
        "source_id": "metallic_e00_lab_266",
        "source_file": "metallic.e00",
        "source_report": "USGS OFR 98-038",
        "geometry_source": "ARC/INFO E00 LAB coordinate",
        "source_x_m": 133.0,
        "source_y_m": 0.0,
        "conversion_crs": "Polyconic lon_0=-67 lat_0=18 Clarke 1866 meters to EPSG:4326",
        "conversion_status": "derived_from_lab_coordinates_attributes_pending"
      },
      "geometry": {
        "type": "Point",
        "coordinates": [
          -66.99874418,
          18.0
        ]
      }
    },
    {
      "type": "Feature",
      "properties": {
        "source_id": "metallic_e00_lab_267",
        "source_file": "metallic.e00",
        "source_report": "USGS OFR 98-038",
        "geometry_source": "ARC/INFO E00 LAB coordinate",
        "source_x_m": 47341.977,
        "source_y_m": 22222.516,
        "conversion_crs": "Polyconic lon_0=-67 lat_0=18 Clarke 1866 meters to EPSG:4326",
        "conversion_status": "derived_from_lab_coordinates_attributes_pending"
      },
      "geometry": {
        "type": "Point",
        "coordinates": [
          -66.55247501,
          18.20026778
        ]
      }
    },
    {
      "type": "Feature",
      "properties": {
        "source_id": "metallic_e00_lab_268",
        "source_file": "metallic.e00",
        "source_report": "USGS OFR 98-038",
        "geometry_source": "ARC/INFO E00 LAB coordinate",
        "source_x_m": 134.0,
        "source_y_m": 0.0,
        "conversion_crs": "Polyconic lon_0=-67 lat_0=18 Clarke 1866 meters to EPSG:4326",
        "conversion_status": "derived_from_lab_coordinates_attributes_pending"
      },
      "geometry": {
        "type": "Point",
        "coordinates": [
          -66.99873473,
          18.0
        ]
      }
    },
    {
      "type": "Feature",
      "properties": {
        "source_id": "metallic_e00_lab_269",
        "source_file": "metallic.e00",
        "source_report": "USGS OFR 98-038",
        "geometry_source": "ARC/INFO E00 LAB coordinate",
        "source_x_m": 2057.075,
        "source_y_m": 16293.377,
        "conversion_crs": "Polyconic lon_0=-67 lat_0=18 Clarke 1866 meters to EPSG:4326",
        "conversion_status": "derived_from_lab_coordinates_attributes_pending"
      },
      "geometry": {
        "type": "Point",
        "coordinates": [
          -66.98056031,
          18.14721678
        ]
      }
    },
    {
      "type": "Feature",
      "properties": {
        "source_id": "metallic_e00_lab_270",
        "source_file": "metallic.e00",
        "source_report": "USGS OFR 98-038",
        "geometry_source": "ARC/INFO E00 LAB coordinate",
        "source_x_m": 135.0,
        "source_y_m": 0.0,
        "conversion_crs": "Polyconic lon_0=-67 lat_0=18 Clarke 1866 meters to EPSG:4326",
        "conversion_status": "derived_from_lab_coordinates_attributes_pending"
      },
      "geometry": {
        "type": "Point",
        "coordinates": [
          -66.99872529,
          18.0
        ]
      }
    },
    {
      "type": "Feature",
      "properties": {
        "source_id": "metallic_e00_lab_271",
        "source_file": "metallic.e00",
        "source_report": "USGS OFR 98-038",
        "geometry_source": "ARC/INFO E00 LAB coordinate",
        "source_x_m": 49808.547,
        "source_y_m": 21552.305,
        "conversion_crs": "Polyconic lon_0=-67 lat_0=18 Clarke 1866 meters to EPSG:4326",
        "conversion_status": "derived_from_lab_coordinates_attributes_pending"
      },
      "geometry": {
        "type": "Point",
        "coordinates": [
          -66.52917482,
          18.19415664
        ]
      }
    },
    {
      "type": "Feature",
      "properties": {
        "source_id": "metallic_e00_lab_272",
        "source_file": "metallic.e00",
        "source_report": "USGS OFR 98-038",
        "geometry_source": "ARC/INFO E00 LAB coordinate",
        "source_x_m": 136.0,
        "source_y_m": 0.0,
        "conversion_crs": "Polyconic lon_0=-67 lat_0=18 Clarke 1866 meters to EPSG:4326",
        "conversion_status": "derived_from_lab_coordinates_attributes_pending"
      },
      "geometry": {
        "type": "Point",
        "coordinates": [
          -66.99871585,
          18.0
        ]
      }
    },
    {
      "type": "Feature",
      "properties": {
        "source_id": "metallic_e00_lab_273",
        "source_file": "metallic.e00",
        "source_report": "USGS OFR 98-038",
        "geometry_source": "ARC/INFO E00 LAB coordinate",
        "source_x_m": 3644.486,
        "source_y_m": 15217.855,
        "conversion_crs": "Polyconic lon_0=-67 lat_0=18 Clarke 1866 meters to EPSG:4326",
        "conversion_status": "derived_from_lab_coordinates_attributes_pending"
      },
      "geometry": {
        "type": "Point",
        "coordinates": [
          -66.96556092,
          18.13749694
        ]
      }
    },
    {
      "type": "Feature",
      "properties": {
        "source_id": "metallic_e00_lab_274",
        "source_file": "metallic.e00",
        "source_report": "USGS OFR 98-038",
        "geometry_source": "ARC/INFO E00 LAB coordinate",
        "source_x_m": 137.0,
        "source_y_m": 0.0,
        "conversion_crs": "Polyconic lon_0=-67 lat_0=18 Clarke 1866 meters to EPSG:4326",
        "conversion_status": "derived_from_lab_coordinates_attributes_pending"
      },
      "geometry": {
        "type": "Point",
        "coordinates": [
          -66.99870641,
          18.0
        ]
      }
    },
    {
      "type": "Feature",
      "properties": {
        "source_id": "metallic_e00_lab_275",
        "source_file": "metallic.e00",
        "source_report": "USGS OFR 98-038",
        "geometry_source": "ARC/INFO E00 LAB coordinate",
        "source_x_m": 41056.563,
        "source_y_m": 20610.141,
        "conversion_crs": "Polyconic lon_0=-67 lat_0=18 Clarke 1866 meters to EPSG:4326",
        "conversion_status": "derived_from_lab_coordinates_attributes_pending"
      },
      "geometry": {
        "type": "Point",
        "coordinates": [
          -66.61192324,
          18.18582914
        ]
      }
    },
    {
      "type": "Feature",
      "properties": {
        "source_id": "metallic_e00_lab_276",
        "source_file": "metallic.e00",
        "source_report": "USGS OFR 98-038",
        "geometry_source": "ARC/INFO E00 LAB coordinate",
        "source_x_m": 138.0,
        "source_y_m": 0.0,
        "conversion_crs": "Polyconic lon_0=-67 lat_0=18 Clarke 1866 meters to EPSG:4326",
        "conversion_status": "derived_from_lab_coordinates_attributes_pending"
      },
      "geometry": {
        "type": "Point",
        "coordinates": [
          -66.99869696,
          18.0
        ]
      }
    },
    {
      "type": "Feature",
      "properties": {
        "source_id": "metallic_e00_lab_277",
        "source_file": "metallic.e00",
        "source_report": "USGS OFR 98-038",
        "geometry_source": "ARC/INFO E00 LAB coordinate",
        "source_x_m": 21151.668,
        "source_y_m": 27004.176,
        "conversion_crs": "Polyconic lon_0=-67 lat_0=18 Clarke 1866 meters to EPSG:4326",
        "conversion_status": "derived_from_lab_coordinates_attributes_pending"
      },
      "geometry": {
        "type": "Point",
        "coordinates": [
          -66.80000306,
          18.24388884
        ]
      }
    },
    {
      "type": "Feature",
      "properties": {
        "source_id": "metallic_e00_lab_278",
        "source_file": "metallic.e00",
        "source_report": "USGS OFR 98-038",
        "geometry_source": "ARC/INFO E00 LAB coordinate",
        "source_x_m": 139.0,
        "source_y_m": 0.0,
        "conversion_crs": "Polyconic lon_0=-67 lat_0=18 Clarke 1866 meters to EPSG:4326",
        "conversion_status": "derived_from_lab_coordinates_attributes_pending"
      },
      "geometry": {
        "type": "Point",
        "coordinates": [
          -66.99868752,
          18.0
        ]
      }
    },
    {
      "type": "Feature",
      "properties": {
        "source_id": "metallic_e00_lab_279",
        "source_file": "metallic.e00",
        "source_report": "USGS OFR 98-038",
        "geometry_source": "ARC/INFO E00 LAB coordinate",
        "source_x_m": 42261.164,
        "source_y_m": 20458.621,
        "conversion_crs": "Polyconic lon_0=-67 lat_0=18 Clarke 1866 meters to EPSG:4326",
        "conversion_status": "derived_from_lab_coordinates_attributes_pending"
      },
      "geometry": {
        "type": "Point",
        "coordinates": [
          -66.60054021,
          18.18443679
        ]
      }
    },
    {
      "type": "Feature",
      "properties": {
        "source_id": "metallic_e00_lab_280",
        "source_file": "metallic.e00",
        "source_report": "USGS OFR 98-038",
        "geometry_source": "ARC/INFO E00 LAB coordinate",
        "source_x_m": 140.0,
        "source_y_m": 0.0,
        "conversion_crs": "Polyconic lon_0=-67 lat_0=18 Clarke 1866 meters to EPSG:4326",
        "conversion_status": "derived_from_lab_coordinates_attributes_pending"
      },
      "geometry": {
        "type": "Point",
        "coordinates": [
          -66.99867808,
          18.0
        ]
      }
    },
    {
      "type": "Feature",
      "properties": {
        "source_id": "metallic_e00_lab_281",
        "source_file": "metallic.e00",
        "source_report": "USGS OFR 98-038",
        "geometry_source": "ARC/INFO E00 LAB coordinate",
        "source_x_m": 51310.844,
        "source_y_m": 19927.32,
        "conversion_crs": "Polyconic lon_0=-67 lat_0=18 Clarke 1866 meters to EPSG:4326",
        "conversion_status": "derived_from_lab_coordinates_attributes_pending"
      },
      "geometry": {
        "type": "Point",
        "coordinates": [
          -66.5150147,
          18.17943954
        ]
      }
    },
    {
      "type": "Feature",
      "properties": {
        "source_id": "metallic_e00_lab_282",
        "source_file": "metallic.e00",
        "source_report": "USGS OFR 98-038",
        "geometry_source": "ARC/INFO E00 LAB coordinate",
        "source_x_m": 141.0,
        "source_y_m": 0.0,
        "conversion_crs": "Polyconic lon_0=-67 lat_0=18 Clarke 1866 meters to EPSG:4326",
        "conversion_status": "derived_from_lab_coordinates_attributes_pending"
      },
      "geometry": {
        "type": "Point",
        "coordinates": [
          -66.99866864,
          18.0
        ]
      }
    },
    {
      "type": "Feature",
      "properties": {
        "source_id": "metallic_e00_lab_283",
        "source_file": "metallic.e00",
        "source_report": "USGS OFR 98-038",
        "geometry_source": "ARC/INFO E00 LAB coordinate",
        "source_x_m": 44203.242,
        "source_y_m": 19017.723,
        "conversion_crs": "Polyconic lon_0=-67 lat_0=18 Clarke 1866 meters to EPSG:4326",
        "conversion_status": "derived_from_lab_coordinates_attributes_pending"
      },
      "geometry": {
        "type": "Point",
        "coordinates": [
          -66.5822144,
          18.17137909
        ]
      }
    },
    {
      "type": "Feature",
      "properties": {
        "source_id": "metallic_e00_lab_284",
        "source_file": "metallic.e00",
        "source_report": "USGS OFR 98-038",
        "geometry_source": "ARC/INFO E00 LAB coordinate",
        "source_x_m": 142.0,
        "source_y_m": 0.0,
        "conversion_crs": "Polyconic lon_0=-67 lat_0=18 Clarke 1866 meters to EPSG:4326",
        "conversion_status": "derived_from_lab_coordinates_attributes_pending"
      },
      "geometry": {
        "type": "Point",
        "coordinates": [
          -66.99865919,
          18.0
        ]
      }
    },
    {
      "type": "Feature",
      "properties": {
        "source_id": "metallic_e00_lab_285",
        "source_file": "metallic.e00",
        "source_report": "USGS OFR 98-038",
        "geometry_source": "ARC/INFO E00 LAB coordinate",
        "source_x_m": 41442.516,
        "source_y_m": 18274.465,
        "conversion_crs": "Polyconic lon_0=-67 lat_0=18 Clarke 1866 meters to EPSG:4326",
        "conversion_status": "derived_from_lab_coordinates_attributes_pending"
      },
      "geometry": {
        "type": "Point",
        "coordinates": [
          -66.60832221,
          18.1647186
        ]
      }
    },
    {
      "type": "Feature",
      "properties": {
        "source_id": "metallic_e00_lab_286",
        "source_file": "metallic.e00",
        "source_report": "USGS OFR 98-038",
        "geometry_source": "ARC/INFO E00 LAB coordinate",
        "source_x_m": 143.0,
        "source_y_m": 0.0,
        "conversion_crs": "Polyconic lon_0=-67 lat_0=18 Clarke 1866 meters to EPSG:4326",
        "conversion_status": "derived_from_lab_coordinates_attributes_pending"
      },
      "geometry": {
        "type": "Point",
        "coordinates": [
          -66.99864975,
          18.0
        ]
      }
    },
    {
      "type": "Feature",
      "properties": {
        "source_id": "metallic_e00_lab_287",
        "source_file": "metallic.e00",
        "source_report": "USGS OFR 98-038",
        "geometry_source": "ARC/INFO E00 LAB coordinate",
        "source_x_m": 44767.492,
        "source_y_m": 16559.648,
        "conversion_crs": "Polyconic lon_0=-67 lat_0=18 Clarke 1866 meters to EPSG:4326",
        "conversion_status": "derived_from_lab_coordinates_attributes_pending"
      },
      "geometry": {
        "type": "Point",
        "coordinates": [
          -66.57693489,
          18.14915845
        ]
      }
    },
    {
      "type": "Feature",
      "properties": {
        "source_id": "metallic_e00_lab_288",
        "source_file": "metallic.e00",
        "source_report": "USGS OFR 98-038",
        "geometry_source": "ARC/INFO E00 LAB coordinate",
        "source_x_m": 144.0,
        "source_y_m": 0.0,
        "conversion_crs": "Polyconic lon_0=-67 lat_0=18 Clarke 1866 meters to EPSG:4326",
        "conversion_status": "derived_from_lab_coordinates_attributes_pending"
      },
      "geometry": {
        "type": "Point",
        "coordinates": [
          -66.99864031,
          18.0
        ]
      }
    },
    {
      "type": "Feature",
      "properties": {
        "source_id": "metallic_e00_lab_289",
        "source_file": "metallic.e00",
        "source_report": "USGS OFR 98-038",
        "geometry_source": "ARC/INFO E00 LAB coordinate",
        "source_x_m": 46649.938,
        "source_y_m": 16656.957,
        "conversion_crs": "Polyconic lon_0=-67 lat_0=18 Clarke 1866 meters to EPSG:4326",
        "conversion_status": "derived_from_lab_coordinates_attributes_pending"
      },
      "geometry": {
        "type": "Point",
        "coordinates": [
          -66.55914312,
          18.14999771
        ]
      }
    },
    {
      "type": "Feature",
      "properties": {
        "source_id": "metallic_e00_lab_290",
        "source_file": "metallic.e00",
        "source_report": "USGS OFR 98-038",
        "geometry_source": "ARC/INFO E00 LAB coordinate",
        "source_x_m": 145.0,
        "source_y_m": 0.0,
        "conversion_crs": "Polyconic lon_0=-67 lat_0=18 Clarke 1866 meters to EPSG:4326",
        "conversion_status": "derived_from_lab_coordinates_attributes_pending"
      },
      "geometry": {
        "type": "Point",
        "coordinates": [
          -66.99863087,
          18.0
        ]
      }
    },
    {
      "type": "Feature",
      "properties": {
        "source_id": "metallic_e00_lab_291",
        "source_file": "metallic.e00",
        "source_report": "USGS OFR 98-038",
        "geometry_source": "ARC/INFO E00 LAB coordinate",
        "source_x_m": 48357.406,
        "source_y_m": 14385.416,
        "conversion_crs": "Polyconic lon_0=-67 lat_0=18 Clarke 1866 meters to EPSG:4326",
        "conversion_status": "derived_from_lab_coordinates_attributes_pending"
      },
      "geometry": {
        "type": "Point",
        "coordinates": [
          -66.54306036,
          18.12943649
        ]
      }
    },
    {
      "type": "Feature",
      "properties": {
        "source_id": "metallic_e00_lab_292",
        "source_file": "metallic.e00",
        "source_report": "USGS OFR 98-038",
        "geometry_source": "ARC/INFO E00 LAB coordinate",
        "source_x_m": 146.0,
        "source_y_m": 0.0,
        "conversion_crs": "Polyconic lon_0=-67 lat_0=18 Clarke 1866 meters to EPSG:4326",
        "conversion_status": "derived_from_lab_coordinates_attributes_pending"
      },
      "geometry": {
        "type": "Point",
        "coordinates": [
          -66.99862143,
          18.0
        ]
      }
    },
    {
      "type": "Feature",
      "properties": {
        "source_id": "metallic_e00_lab_293",
        "source_file": "metallic.e00",
        "source_report": "USGS OFR 98-038",
        "geometry_source": "ARC/INFO E00 LAB coordinate",
        "source_x_m": 7050.31,
        "source_y_m": 27670.27,
        "conversion_crs": "Polyconic lon_0=-67 lat_0=18 Clarke 1866 meters to EPSG:4326",
        "conversion_status": "derived_from_lab_coordinates_attributes_pending"
      },
      "geometry": {
        "type": "Point",
        "coordinates": [
          -66.93333435,
          18.25
        ]
      }
    },
    {
      "type": "Feature",
      "properties": {
        "source_id": "metallic_e00_lab_294",
        "source_file": "metallic.e00",
        "source_report": "USGS OFR 98-038",
        "geometry_source": "ARC/INFO E00 LAB coordinate",
        "source_x_m": 147.0,
        "source_y_m": 0.0,
        "conversion_crs": "Polyconic lon_0=-67 lat_0=18 Clarke 1866 meters to EPSG:4326",
        "conversion_status": "derived_from_lab_coordinates_attributes_pending"
      },
      "geometry": {
        "type": "Point",
        "coordinates": [
          -66.99861198,
          18.0
        ]
      }
    },
    {
      "type": "Feature",
      "properties": {
        "source_id": "metallic_e00_lab_295",
        "source_file": "metallic.e00",
        "source_report": "USGS OFR 98-038",
        "geometry_source": "ARC/INFO E00 LAB coordinate",
        "source_x_m": 133996.31,
        "source_y_m": 22597.414,
        "conversion_crs": "Polyconic lon_0=-67 lat_0=18 Clarke 1866 meters to EPSG:4326",
        "conversion_status": "derived_from_lab_coordinates_attributes_pending"
      },
      "geometry": {
        "type": "Point",
        "coordinates": [
          -65.73332241,
          18.19999692
        ]
      }
    },
    {
      "type": "Feature",
      "properties": {
        "source_id": "metallic_e00_lab_296",
        "source_file": "metallic.e00",
        "source_report": "USGS OFR 98-038",
        "geometry_source": "ARC/INFO E00 LAB coordinate",
        "source_x_m": 148.0,
        "source_y_m": 0.0,
        "conversion_crs": "Polyconic lon_0=-67 lat_0=18 Clarke 1866 meters to EPSG:4326",
        "conversion_status": "derived_from_lab_coordinates_attributes_pending"
      },
      "geometry": {
        "type": "Point",
        "coordinates": [
          -66.99860254,
          17.99999999
        ]
      }
    },
    {
      "type": "Feature",
      "properties": {
        "source_id": "metallic_e00_lab_297",
        "source_file": "metallic.e00",
        "source_report": "USGS OFR 98-038",
        "geometry_source": "ARC/INFO E00 LAB coordinate",
        "source_x_m": 119903.37,
        "source_y_m": 20659.852,
        "conversion_crs": "Polyconic lon_0=-67 lat_0=18 Clarke 1866 meters to EPSG:4326",
        "conversion_status": "derived_from_lab_coordinates_attributes_pending"
      },
      "geometry": {
        "type": "Point",
        "coordinates": [
          -65.86665359,
          18.18332672
        ]
      }
    },
    {
      "type": "Feature",
      "properties": {
        "source_id": "metallic_e00_lab_298",
        "source_file": "metallic.e00",
        "source_report": "USGS OFR 98-038",
        "geometry_source": "ARC/INFO E00 LAB coordinate",
        "source_x_m": 149.0,
        "source_y_m": 0.0,
        "conversion_crs": "Polyconic lon_0=-67 lat_0=18 Clarke 1866 meters to EPSG:4326",
        "conversion_status": "derived_from_lab_coordinates_attributes_pending"
      },
      "geometry": {
        "type": "Point",
        "coordinates": [
          -66.9985931,
          17.99999999
        ]
      }
    },
    {
      "type": "Feature",
      "properties": {
        "source_id": "metallic_e00_lab_299",
        "source_file": "metallic.e00",
        "source_report": "USGS OFR 98-038",
        "geometry_source": "ARC/INFO E00 LAB coordinate",
        "source_x_m": 56545.93,
        "source_y_m": 18926.844,
        "conversion_crs": "Polyconic lon_0=-67 lat_0=18 Clarke 1866 meters to EPSG:4326",
        "conversion_status": "derived_from_lab_coordinates_attributes_pending"
      },
      "geometry": {
        "type": "Point",
        "coordinates": [
          -66.46556094,
          18.17026901
        ]
      }
    },
    {
      "type": "Feature",
      "properties": {
        "source_id": "metallic_e00_lab_300",
        "source_file": "metallic.e00",
        "source_report": "USGS OFR 98-038",
        "geometry_source": "ARC/INFO E00 LAB coordinate",
        "source_x_m": 150.0,
        "source_y_m": 0.0,
        "conversion_crs": "Polyconic lon_0=-67 lat_0=18 Clarke 1866 meters to EPSG:4326",
        "conversion_status": "derived_from_lab_coordinates_attributes_pending"
      },
      "geometry": {
        "type": "Point",
        "coordinates": [
          -66.99858366,
          17.99999999
        ]
      }
    },
    {
      "type": "Feature",
      "properties": {
        "source_id": "metallic_e00_lab_301",
        "source_file": "metallic.e00",
        "source_report": "USGS OFR 98-038",
        "geometry_source": "ARC/INFO E00 LAB coordinate",
        "source_x_m": 76831.906,
        "source_y_m": 24561.457,
        "conversion_crs": "Polyconic lon_0=-67 lat_0=18 Clarke 1866 meters to EPSG:4326",
        "conversion_status": "derived_from_lab_coordinates_attributes_pending"
      },
      "geometry": {
        "type": "Point",
        "coordinates": [
          -66.27362068,
          18.2205467
        ]
      }
    },
    {
      "type": "Feature",
      "properties": {
        "source_id": "metallic_e00_lab_302",
        "source_file": "metallic.e00",
        "source_report": "USGS OFR 98-038",
        "geometry_source": "ARC/INFO E00 LAB coordinate",
        "source_x_m": 151.0,
        "source_y_m": 0.0,
        "conversion_crs": "Polyconic lon_0=-67 lat_0=18 Clarke 1866 meters to EPSG:4326",
        "conversion_status": "derived_from_lab_coordinates_attributes_pending"
      },
      "geometry": {
        "type": "Point",
        "coordinates": [
          -66.99857421,
          17.99999999
        ]
      }
    },
    {
      "type": "Feature",
      "properties": {
        "source_id": "metallic_e00_lab_303",
        "source_file": "metallic.e00",
        "source_report": "USGS OFR 98-038",
        "geometry_source": "ARC/INFO E00 LAB coordinate",
        "source_x_m": 77213.313,
        "source_y_m": 24839.961,
        "conversion_crs": "Polyconic lon_0=-67 lat_0=18 Clarke 1866 meters to EPSG:4326",
        "conversion_status": "derived_from_lab_coordinates_attributes_pending"
      },
      "geometry": {
        "type": "Point",
        "coordinates": [
          -66.27000435,
          18.22304916
        ]
      }
    },
    {
      "type": "Feature",
      "properties": {
        "source_id": "metallic_e00_lab_304",
        "source_file": "metallic.e00",
        "source_report": "USGS OFR 98-038",
        "geometry_source": "ARC/INFO E00 LAB coordinate",
        "source_x_m": 152.0,
        "source_y_m": 0.0,
        "conversion_crs": "Polyconic lon_0=-67 lat_0=18 Clarke 1866 meters to EPSG:4326",
        "conversion_status": "derived_from_lab_coordinates_attributes_pending"
      },
      "geometry": {
        "type": "Point",
        "coordinates": [
          -66.99856477,
          17.99999999
        ]
      }
    },
    {
      "type": "Feature",
      "properties": {
        "source_id": "metallic_e00_lab_305",
        "source_file": "metallic.e00",
        "source_report": "USGS OFR 98-038",
        "geometry_source": "ARC/INFO E00 LAB coordinate",
        "source_x_m": 77715.109,
        "source_y_m": 24473.355,
        "conversion_crs": "Polyconic lon_0=-67 lat_0=18 Clarke 1866 meters to EPSG:4326",
        "conversion_status": "derived_from_lab_coordinates_attributes_pending"
      },
      "geometry": {
        "type": "Point",
        "coordinates": [
          -66.26527419,
          18.21971892
        ]
      }
    },
    {
      "type": "Feature",
      "properties": {
        "source_id": "metallic_e00_lab_306",
        "source_file": "metallic.e00",
        "source_report": "USGS OFR 98-038",
        "geometry_source": "ARC/INFO E00 LAB coordinate",
        "source_x_m": 153.0,
        "source_y_m": 0.0,
        "conversion_crs": "Polyconic lon_0=-67 lat_0=18 Clarke 1866 meters to EPSG:4326",
        "conversion_status": "derived_from_lab_coordinates_attributes_pending"
      },
      "geometry": {
        "type": "Point",
        "coordinates": [
          -66.99855533,
          17.99999999
        ]
      }
    },
    {
      "type": "Feature",
      "properties": {
        "source_id": "metallic_e00_lab_307",
        "source_file": "metallic.e00",
        "source_report": "USGS OFR 98-038",
        "geometry_source": "ARC/INFO E00 LAB coordinate",
        "source_x_m": 78331.781,
        "source_y_m": 24444.59,
        "conversion_crs": "Polyconic lon_0=-67 lat_0=18 Clarke 1866 meters to EPSG:4326",
        "conversion_status": "derived_from_lab_coordinates_attributes_pending"
      },
      "geometry": {
        "type": "Point",
        "coordinates": [
          -66.25944527,
          18.21943662
        ]
      }
    },
    {
      "type": "Feature",
      "properties": {
        "source_id": "metallic_e00_lab_308",
        "source_file": "metallic.e00",
        "source_report": "USGS OFR 98-038",
        "geometry_source": "ARC/INFO E00 LAB coordinate",
        "source_x_m": 154.0,
        "source_y_m": 0.0,
        "conversion_crs": "Polyconic lon_0=-67 lat_0=18 Clarke 1866 meters to EPSG:4326",
        "conversion_status": "derived_from_lab_coordinates_attributes_pending"
      },
      "geometry": {
        "type": "Point",
        "coordinates": [
          -66.99854589,
          17.99999999
        ]
      }
    },
    {
      "type": "Feature",
      "properties": {
        "source_id": "metallic_e00_lab_309",
        "source_file": "metallic.e00",
        "source_report": "USGS OFR 98-038",
        "geometry_source": "ARC/INFO E00 LAB coordinate",
        "source_x_m": 79153.281,
        "source_y_m": 24847.785,
        "conversion_crs": "Polyconic lon_0=-67 lat_0=18 Clarke 1866 meters to EPSG:4326",
        "conversion_status": "derived_from_lab_coordinates_attributes_pending"
      },
      "geometry": {
        "type": "Point",
        "coordinates": [
          -66.25166327,
          18.22304914
        ]
      }
    },
    {
      "type": "Feature",
      "properties": {
        "source_id": "metallic_e00_lab_310",
        "source_file": "metallic.e00",
        "source_report": "USGS OFR 98-038",
        "geometry_source": "ARC/INFO E00 LAB coordinate",
        "source_x_m": 155.0,
        "source_y_m": 0.0,
        "conversion_crs": "Polyconic lon_0=-67 lat_0=18 Clarke 1866 meters to EPSG:4326",
        "conversion_status": "derived_from_lab_coordinates_attributes_pending"
      },
      "geometry": {
        "type": "Point",
        "coordinates": [
          -66.99853645,
          17.99999999
        ]
      }
    },
    {
      "type": "Feature",
      "properties": {
        "source_id": "metallic_e00_lab_311",
        "source_file": "metallic.e00",
        "source_report": "USGS OFR 98-038",
        "geometry_source": "ARC/INFO E00 LAB coordinate",
        "source_x_m": 79183.234,
        "source_y_m": 24232.289,
        "conversion_crs": "Polyconic lon_0=-67 lat_0=18 Clarke 1866 meters to EPSG:4326",
        "conversion_status": "derived_from_lab_coordinates_attributes_pending"
      },
      "geometry": {
        "type": "Point",
        "coordinates": [
          -66.25140386,
          18.21748732
        ]
      }
    },
    {
      "type": "Feature",
      "properties": {
        "source_id": "metallic_e00_lab_312",
        "source_file": "metallic.e00",
        "source_report": "USGS OFR 98-038",
        "geometry_source": "ARC/INFO E00 LAB coordinate",
        "source_x_m": 156.0,
        "source_y_m": 0.0,
        "conversion_crs": "Polyconic lon_0=-67 lat_0=18 Clarke 1866 meters to EPSG:4326",
        "conversion_status": "derived_from_lab_coordinates_attributes_pending"
      },
      "geometry": {
        "type": "Point",
        "coordinates": [
          -66.998527,
          17.99999999
        ]
      }
    },
    {
      "type": "Feature",
      "properties": {
        "source_id": "metallic_e00_lab_313",
        "source_file": "metallic.e00",
        "source_report": "USGS OFR 98-038",
        "geometry_source": "ARC/INFO E00 LAB coordinate",
        "source_x_m": 40139.07,
        "source_y_m": 8341.488,
        "conversion_crs": "Polyconic lon_0=-67 lat_0=18 Clarke 1866 meters to EPSG:4326",
        "conversion_status": "derived_from_lab_coordinates_attributes_pending"
      },
      "geometry": {
        "type": "Point",
        "coordinates": [
          -66.6208344,
          18.07499694
        ]
      }
    },
    {
      "type": "Feature",
      "properties": {
        "source_id": "metallic_e00_lab_314",
        "source_file": "metallic.e00",
        "source_report": "USGS OFR 98-038",
        "geometry_source": "ARC/INFO E00 LAB coordinate",
        "source_x_m": 157.0,
        "source_y_m": 0.0,
        "conversion_crs": "Polyconic lon_0=-67 lat_0=18 Clarke 1866 meters to EPSG:4326",
        "conversion_status": "derived_from_lab_coordinates_attributes_pending"
      },
      "geometry": {
        "type": "Point",
        "coordinates": [
          -66.99851756,
          17.99999999
        ]
      }
    },
    {
      "type": "Feature",
      "properties": {
        "source_id": "metallic_e00_lab_315",
        "source_file": "metallic.e00",
        "source_report": "USGS OFR 98-038",
        "geometry_source": "ARC/INFO E00 LAB coordinate",
        "source_x_m": 69873.938,
        "source_y_m": 23674.203,
        "conversion_crs": "Polyconic lon_0=-67 lat_0=18 Clarke 1866 meters to EPSG:4326",
        "conversion_status": "derived_from_lab_coordinates_attributes_pending"
      },
      "geometry": {
        "type": "Point",
        "coordinates": [
          -66.33943189,
          18.21276853
        ]
      }
    },
    {
      "type": "Feature",
      "properties": {
        "source_id": "metallic_e00_lab_316",
        "source_file": "metallic.e00",
        "source_report": "USGS OFR 98-038",
        "geometry_source": "ARC/INFO E00 LAB coordinate",
        "source_x_m": 158.0,
        "source_y_m": 0.0,
        "conversion_crs": "Polyconic lon_0=-67 lat_0=18 Clarke 1866 meters to EPSG:4326",
        "conversion_status": "derived_from_lab_coordinates_attributes_pending"
      },
      "geometry": {
        "type": "Point",
        "coordinates": [
          -66.99850812,
          17.99999999
        ]
      }
    },
    {
      "type": "Feature",
      "properties": {
        "source_id": "metallic_e00_lab_317",
        "source_file": "metallic.e00",
        "source_report": "USGS OFR 98-038",
        "geometry_source": "ARC/INFO E00 LAB coordinate",
        "source_x_m": 74191.641,
        "source_y_m": 23658.996,
        "conversion_crs": "Polyconic lon_0=-67 lat_0=18 Clarke 1866 meters to EPSG:4326",
        "conversion_status": "derived_from_lab_coordinates_attributes_pending"
      },
      "geometry": {
        "type": "Point",
        "coordinates": [
          -66.29861451,
          18.21248624
        ]
      }
    },
    {
      "type": "Feature",
      "properties": {
        "source_id": "metallic_e00_lab_318",
        "source_file": "metallic.e00",
        "source_report": "USGS OFR 98-038",
        "geometry_source": "ARC/INFO E00 LAB coordinate",
        "source_x_m": 159.0,
        "source_y_m": 0.0,
        "conversion_crs": "Polyconic lon_0=-67 lat_0=18 Clarke 1866 meters to EPSG:4326",
        "conversion_status": "derived_from_lab_coordinates_attributes_pending"
      },
      "geometry": {
        "type": "Point",
        "coordinates": [
          -66.99849868,
          17.99999999
        ]
      }
    },
    {
      "type": "Feature",
      "properties": {
        "source_id": "metallic_e00_lab_319",
        "source_file": "metallic.e00",
        "source_report": "USGS OFR 98-038",
        "geometry_source": "ARC/INFO E00 LAB coordinate",
        "source_x_m": 73051.906,
        "source_y_m": 22426.402,
        "conversion_crs": "Polyconic lon_0=-67 lat_0=18 Clarke 1866 meters to EPSG:4326",
        "conversion_status": "derived_from_lab_coordinates_attributes_pending"
      },
      "geometry": {
        "type": "Point",
        "coordinates": [
          -66.309433,
          18.20138927
        ]
      }
    },
    {
      "type": "Feature",
      "properties": {
        "source_id": "metallic_e00_lab_320",
        "source_file": "metallic.e00",
        "source_report": "USGS OFR 98-038",
        "geometry_source": "ARC/INFO E00 LAB coordinate",
        "source_x_m": 160.0,
        "source_y_m": 0.0,
        "conversion_crs": "Polyconic lon_0=-67 lat_0=18 Clarke 1866 meters to EPSG:4326",
        "conversion_status": "derived_from_lab_coordinates_attributes_pending"
      },
      "geometry": {
        "type": "Point",
        "coordinates": [
          -66.99848923,
          17.99999999
        ]
      }
    },
    {
      "type": "Feature",
      "properties": {
        "source_id": "metallic_e00_lab_321",
        "source_file": "metallic.e00",
        "source_report": "USGS OFR 98-038",
        "geometry_source": "ARC/INFO E00 LAB coordinate",
        "source_x_m": 53255.688,
        "source_y_m": 8281.199,
        "conversion_crs": "Polyconic lon_0=-67 lat_0=18 Clarke 1866 meters to EPSG:4326",
        "conversion_status": "derived_from_lab_coordinates_attributes_pending"
      },
      "geometry": {
        "type": "Point",
        "coordinates": [
          -66.49693301,
          18.07416914
        ]
      }
    },
    {
      "type": "Feature",
      "properties": {
        "source_id": "metallic_e00_lab_322",
        "source_file": "metallic.e00",
        "source_report": "USGS OFR 98-038",
        "geometry_source": "ARC/INFO E00 LAB coordinate",
        "source_x_m": 161.0,
        "source_y_m": 0.0,
        "conversion_crs": "Polyconic lon_0=-67 lat_0=18 Clarke 1866 meters to EPSG:4326",
        "conversion_status": "derived_from_lab_coordinates_attributes_pending"
      },
      "geometry": {
        "type": "Point",
        "coordinates": [
          -66.99847979,
          17.99999999
        ]
      }
    },
    {
      "type": "Feature",
      "properties": {
        "source_id": "metallic_e00_lab_323",
        "source_file": "metallic.e00",
        "source_report": "USGS OFR 98-038",
        "geometry_source": "ARC/INFO E00 LAB coordinate",
        "source_x_m": -26401.004,
        "source_y_m": 55356.977,
        "conversion_crs": "Polyconic lon_0=-67 lat_0=18 Clarke 1866 meters to EPSG:4326",
        "conversion_status": "derived_from_lab_coordinates_attributes_pending"
      },
      "geometry": {
        "type": "Point",
        "coordinates": [
          -67.25000001,
          18.5
        ]
      }
    },
    {
      "type": "Feature",
      "properties": {
        "source_id": "metallic_e00_lab_324",
        "source_file": "metallic.e00",
        "source_report": "USGS OFR 98-038",
        "geometry_source": "ARC/INFO E00 LAB coordinate",
        "source_x_m": 162.0,
        "source_y_m": 0.0,
        "conversion_crs": "Polyconic lon_0=-67 lat_0=18 Clarke 1866 meters to EPSG:4326",
        "conversion_status": "derived_from_lab_coordinates_attributes_pending"
      },
      "geometry": {
        "type": "Point",
        "coordinates": [
          -66.99847035,
          17.99999999
        ]
      }
    },
    {
      "type": "Feature",
      "properties": {
        "source_id": "metallic_e00_lab_325",
        "source_file": "metallic.e00",
        "source_report": "USGS OFR 98-038",
        "geometry_source": "ARC/INFO E00 LAB coordinate",
        "source_x_m": 52801.953,
        "source_y_m": 55411.805,
        "conversion_crs": "Polyconic lon_0=-67 lat_0=18 Clarke 1866 meters to EPSG:4326",
        "conversion_status": "derived_from_lab_coordinates_attributes_pending"
      },
      "geometry": {
        "type": "Point",
        "coordinates": [
          -66.50000002,
          18.5
        ]
      }
    },
    {
      "type": "Feature",
      "properties": {
        "source_id": "metallic_e00_lab_326",
        "source_file": "metallic.e00",
        "source_report": "USGS OFR 98-038",
        "geometry_source": "ARC/INFO E00 LAB coordinate",
        "source_x_m": 163.0,
        "source_y_m": 0.0,
        "conversion_crs": "Polyconic lon_0=-67 lat_0=18 Clarke 1866 meters to EPSG:4326",
        "conversion_status": "derived_from_lab_coordinates_attributes_pending"
      },
      "geometry": {
        "type": "Point",
        "coordinates": [
          -66.99846091,
          17.99999999
        ]
      }
    },
    {
      "type": "Feature",
      "properties": {
        "source_id": "metallic_e00_lab_327",
        "source_file": "metallic.e00",
        "source_report": "USGS OFR 98-038",
        "geometry_source": "ARC/INFO E00 LAB coordinate",
        "source_x_m": -79202.813,
        "source_y_m": 55503.18,
        "conversion_crs": "Polyconic lon_0=-67 lat_0=18 Clarke 1866 meters to EPSG:4326",
        "conversion_status": "derived_from_lab_coordinates_attributes_pending"
      },
      "geometry": {
        "type": "Point",
        "coordinates": [
          -67.75000007,
          18.49999995
        ]
      }
    },
    {
      "type": "Feature",
      "properties": {
        "source_id": "metallic_e00_lab_328",
        "source_file": "metallic.e00",
        "source_report": "USGS OFR 98-038",
        "geometry_source": "ARC/INFO E00 LAB coordinate",
        "source_x_m": 164.0,
        "source_y_m": 0.0,
        "conversion_crs": "Polyconic lon_0=-67 lat_0=18 Clarke 1866 meters to EPSG:4326",
        "conversion_status": "derived_from_lab_coordinates_attributes_pending"
      },
      "geometry": {
        "type": "Point",
        "coordinates": [
          -66.99845146,
          17.99999999
        ]
      }
    },
    {
      "type": "Feature",
      "properties": {
        "source_id": "metallic_e00_lab_329",
        "source_file": "metallic.e00",
        "source_report": "USGS OFR 98-038",
        "geometry_source": "ARC/INFO E00 LAB coordinate",
        "source_x_m": -26476.621,
        "source_y_m": 17.85,
        "conversion_crs": "Polyconic lon_0=-67 lat_0=18 Clarke 1866 meters to EPSG:4326",
        "conversion_status": "derived_from_lab_coordinates_attributes_pending"
      },
      "geometry": {
        "type": "Point",
        "coordinates": [
          -67.25000001,
          18.0
        ]
      }
    },
    {
      "type": "Feature",
      "properties": {
        "source_id": "metallic_e00_lab_330",
        "source_file": "metallic.e00",
        "source_report": "USGS OFR 98-038",
        "geometry_source": "ARC/INFO E00 LAB coordinate",
        "source_x_m": 165.0,
        "source_y_m": 0.0,
        "conversion_crs": "Polyconic lon_0=-67 lat_0=18 Clarke 1866 meters to EPSG:4326",
        "conversion_status": "derived_from_lab_coordinates_attributes_pending"
      },
      "geometry": {
        "type": "Point",
        "coordinates": [
          -66.99844202,
          17.99999999
        ]
      }
    },
    {
      "type": "Feature",
      "properties": {
        "source_id": "metallic_e00_lab_331",
        "source_file": "metallic.e00",
        "source_report": "USGS OFR 98-038",
        "geometry_source": "ARC/INFO E00 LAB coordinate",
        "source_x_m": 52953.188,
        "source_y_m": 71.399,
        "conversion_crs": "Polyconic lon_0=-67 lat_0=18 Clarke 1866 meters to EPSG:4326",
        "conversion_status": "derived_from_lab_coordinates_attributes_pending"
      },
      "geometry": {
        "type": "Point",
        "coordinates": [
          -66.50000003,
          18.0
        ]
      }
    },
    {
      "type": "Feature",
      "properties": {
        "source_id": "metallic_e00_lab_332",
        "source_file": "metallic.e00",
        "source_report": "USGS OFR 98-038",
        "geometry_source": "ARC/INFO E00 LAB coordinate",
        "source_x_m": 166.0,
        "source_y_m": 0.0,
        "conversion_crs": "Polyconic lon_0=-67 lat_0=18 Clarke 1866 meters to EPSG:4326",
        "conversion_status": "derived_from_lab_coordinates_attributes_pending"
      },
      "geometry": {
        "type": "Point",
        "coordinates": [
          -66.99843258,
          17.99999999
        ]
      }
    },
    {
      "type": "Feature",
      "properties": {
        "source_id": "metallic_e00_lab_333",
        "source_file": "metallic.e00",
        "source_report": "USGS OFR 98-038",
        "geometry_source": "ARC/INFO E00 LAB coordinate",
        "source_x_m": -79373.516,
        "source_y_m": 13996.014,
        "conversion_crs": "Polyconic lon_0=-67 lat_0=18 Clarke 1866 meters to EPSG:4326",
        "conversion_status": "derived_from_lab_coordinates_attributes_pending"
      },
      "geometry": {
        "type": "Point",
        "coordinates": [
          -67.75,
          18.125
        ]
      }
    },
    {
      "type": "Feature",
      "properties": {
        "source_id": "metallic_e00_lab_334",
        "source_file": "metallic.e00",
        "source_report": "USGS OFR 98-038",
        "geometry_source": "ARC/INFO E00 LAB coordinate",
        "source_x_m": 167.0,
        "source_y_m": 0.0,
        "conversion_crs": "Polyconic lon_0=-67 lat_0=18 Clarke 1866 meters to EPSG:4326",
        "conversion_status": "derived_from_lab_coordinates_attributes_pending"
      },
      "geometry": {
        "type": "Point",
        "coordinates": [
          -66.99842314,
          17.99999999
        ]
      }
    },
    {
      "type": "Feature",
      "properties": {
        "source_id": "metallic_e00_lab_335",
        "source_file": "metallic.e00",
        "source_report": "USGS OFR 98-038",
        "geometry_source": "ARC/INFO E00 LAB coordinate",
        "source_x_m": 132004.0,
        "source_y_m": 55795.602,
        "conversion_crs": "Polyconic lon_0=-67 lat_0=18 Clarke 1866 meters to EPSG:4326",
        "conversion_status": "derived_from_lab_coordinates_attributes_pending"
      },
      "geometry": {
        "type": "Point",
        "coordinates": [
          -65.75000002,
          18.5
        ]
      }
    },
    {
      "type": "Feature",
      "properties": {
        "source_id": "metallic_e00_lab_336",
        "source_file": "metallic.e00",
        "source_report": "USGS OFR 98-038",
        "geometry_source": "ARC/INFO E00 LAB coordinate",
        "source_x_m": 168.0,
        "source_y_m": 0.0,
        "conversion_crs": "Polyconic lon_0=-67 lat_0=18 Clarke 1866 meters to EPSG:4326",
        "conversion_status": "derived_from_lab_coordinates_attributes_pending"
      },
      "geometry": {
        "type": "Point",
        "coordinates": [
          -66.9984137,
          17.99999999
        ]
      }
    },
    {
      "type": "Feature",
      "properties": {
        "source_id": "metallic_e00_lab_337",
        "source_file": "metallic.e00",
        "source_report": "USGS OFR 98-038",
        "geometry_source": "ARC/INFO E00 LAB coordinate",
        "source_x_m": 132288.53,
        "source_y_m": 14283.32,
        "conversion_crs": "Polyconic lon_0=-67 lat_0=18 Clarke 1866 meters to EPSG:4326",
        "conversion_status": "derived_from_lab_coordinates_attributes_pending"
      },
      "geometry": {
        "type": "Point",
        "coordinates": [
          -65.75000012,
          18.12499998
        ]
      }
    },
    {
      "type": "Feature",
      "properties": {
        "source_id": "metallic_e00_lab_338",
        "source_file": "metallic.e00",
        "source_report": "USGS OFR 98-038",
        "geometry_source": "ARC/INFO E00 LAB coordinate",
        "source_x_m": 169.0,
        "source_y_m": 0.0,
        "conversion_crs": "Polyconic lon_0=-67 lat_0=18 Clarke 1866 meters to EPSG:4326",
        "conversion_status": "derived_from_lab_coordinates_attributes_pending"
      },
      "geometry": {
        "type": "Point",
        "coordinates": [
          -66.99840425,
          17.99999999
        ]
      }
    },
    {
      "type": "Feature",
      "properties": {
        "source_id": "metallic_e00_lab_339",
        "source_file": "metallic.e00",
        "source_report": "USGS OFR 98-038",
        "geometry_source": "ARC/INFO E00 LAB coordinate",
        "source_x_m": -14193.051,
        "source_y_m": -11954.971,
        "conversion_crs": "Polyconic lon_0=-67 lat_0=18 Clarke 1866 meters to EPSG:4326",
        "conversion_status": "derived_from_lab_coordinates_attributes_pending"
      },
      "geometry": {
        "type": "Point",
        "coordinates": [
          -67.13393358,
          17.89193414
        ]
      }
    },
    {
      "type": "Feature",
      "properties": {
        "source_id": "metallic_e00_lab_340",
        "source_file": "metallic.e00",
        "source_report": "USGS OFR 98-038",
        "geometry_source": "ARC/INFO E00 LAB coordinate",
        "source_x_m": 170.0,
        "source_y_m": 0.0,
        "conversion_crs": "Polyconic lon_0=-67 lat_0=18 Clarke 1866 meters to EPSG:4326",
        "conversion_status": "derived_from_lab_coordinates_attributes_pending"
      },
      "geometry": {
        "type": "Point",
        "coordinates": [
          -66.99839481,
          17.99999999
        ]
      }
    },
    {
      "type": "Feature",
      "properties": {
        "source_id": "metallic_e00_lab_341",
        "source_file": "metallic.e00",
        "source_report": "USGS OFR 98-038",
        "geometry_source": "ARC/INFO E00 LAB coordinate",
        "source_x_m": -14212.518,
        "source_y_m": -16176.82,
        "conversion_crs": "Polyconic lon_0=-67 lat_0=18 Clarke 1866 meters to EPSG:4326",
        "conversion_status": "derived_from_lab_coordinates_attributes_pending"
      },
      "geometry": {
        "type": "Point",
        "coordinates": [
          -67.13408866,
          17.85378707
        ]
      }
    },
    {
      "type": "Feature",
      "properties": {
        "source_id": "metallic_e00_lab_342",
        "source_file": "metallic.e00",
        "source_report": "USGS OFR 98-038",
        "geometry_source": "ARC/INFO E00 LAB coordinate",
        "source_x_m": 174.0,
        "source_y_m": 0.0,
        "conversion_crs": "Polyconic lon_0=-67 lat_0=18 Clarke 1866 meters to EPSG:4326",
        "conversion_status": "derived_from_lab_coordinates_attributes_pending"
      },
      "geometry": {
        "type": "Point",
        "coordinates": [
          -66.99835704,
          17.99999999
        ]
      }
    },
    {
      "type": "Feature",
      "properties": {
        "source_id": "metallic_e00_lab_343",
        "source_file": "metallic.e00",
        "source_report": "USGS OFR 98-038",
        "geometry_source": "ARC/INFO E00 LAB coordinate",
        "source_x_m": 53238.063,
        "source_y_m": -12034.844,
        "conversion_crs": "Polyconic lon_0=-67 lat_0=18 Clarke 1866 meters to EPSG:4326",
        "conversion_status": "derived_from_lab_coordinates_attributes_pending"
      },
      "geometry": {
        "type": "Point",
        "coordinates": [
          -66.49761898,
          17.89061062
        ]
      }
    },
    {
      "type": "Feature",
      "properties": {
        "source_id": "metallic_e00_lab_344",
        "source_file": "metallic.e00",
        "source_report": "USGS OFR 98-038",
        "geometry_source": "ARC/INFO E00 LAB coordinate",
        "source_x_m": 175.0,
        "source_y_m": 0.0,
        "conversion_crs": "Polyconic lon_0=-67 lat_0=18 Clarke 1866 meters to EPSG:4326",
        "conversion_status": "derived_from_lab_coordinates_attributes_pending"
      },
      "geometry": {
        "type": "Point",
        "coordinates": [
          -66.9983476,
          17.99999999
        ]
      }
    },
    {
      "type": "Feature",
      "properties": {
        "source_id": "metallic_e00_lab_345",
        "source_file": "metallic.e00",
        "source_report": "USGS OFR 98-038",
        "geometry_source": "ARC/INFO E00 LAB coordinate",
        "source_x_m": 53279.602,
        "source_y_m": -16311.965,
        "conversion_crs": "Polyconic lon_0=-67 lat_0=18 Clarke 1866 meters to EPSG:4326",
        "conversion_status": "derived_from_lab_coordinates_attributes_pending"
      },
      "geometry": {
        "type": "Point",
        "coordinates": [
          -66.49733566,
          17.85196464
        ]
      }
    },
    {
      "type": "Feature",
      "properties": {
        "source_id": "metallic_e00_lab_346",
        "source_file": "metallic.e00",
        "source_report": "USGS OFR 98-038",
        "geometry_source": "ARC/INFO E00 LAB coordinate",
        "source_x_m": 176.0,
        "source_y_m": 0.0,
        "conversion_crs": "Polyconic lon_0=-67 lat_0=18 Clarke 1866 meters to EPSG:4326",
        "conversion_status": "derived_from_lab_coordinates_attributes_pending"
      },
      "geometry": {
        "type": "Point",
        "coordinates": [
          -66.99833816,
          17.99999999
        ]
      }
    },
    {
      "type": "Feature",
      "properties": {
        "source_id": "metallic_e00_lab_347",
        "source_file": "metallic.e00",
        "source_report": "USGS OFR 98-038",
        "geometry_source": "ARC/INFO E00 LAB coordinate",
        "source_x_m": 53372.133,
        "source_y_m": -25587.734,
        "conversion_crs": "Polyconic lon_0=-67 lat_0=18 Clarke 1866 meters to EPSG:4326",
        "conversion_status": "derived_from_lab_coordinates_attributes_pending"
      },
      "geometry": {
        "type": "Point",
        "coordinates": [
          -66.49669781,
          17.76815273
        ]
      }
    },
    {
      "type": "Feature",
      "properties": {
        "source_id": "metallic_e00_lab_348",
        "source_file": "metallic.e00",
        "source_report": "USGS OFR 98-038",
        "geometry_source": "ARC/INFO E00 LAB coordinate",
        "source_x_m": 179.0,
        "source_y_m": 0.0,
        "conversion_crs": "Polyconic lon_0=-67 lat_0=18 Clarke 1866 meters to EPSG:4326",
        "conversion_status": "derived_from_lab_coordinates_attributes_pending"
      },
      "geometry": {
        "type": "Point",
        "coordinates": [
          -66.99830983,
          17.99999999
        ]
      }
    },
    {
      "type": "Feature",
      "properties": {
        "source_id": "metallic_e00_lab_349",
        "source_file": "metallic.e00",
        "source_report": "USGS OFR 98-038",
        "geometry_source": "ARC/INFO E00 LAB coordinate",
        "source_x_m": 53133.563,
        "source_y_m": -20995.449,
        "conversion_crs": "Polyconic lon_0=-67 lat_0=18 Clarke 1866 meters to EPSG:4326",
        "conversion_status": "derived_from_lab_coordinates_attributes_pending"
      },
      "geometry": {
        "type": "Point",
        "coordinates": [
          -66.4988318,
          17.80965143
        ]
      }
    },
    {
      "type": "Feature",
      "properties": {
        "source_id": "metallic_e00_lab_350",
        "source_file": "metallic.e00",
        "source_report": "USGS OFR 98-038",
        "geometry_source": "ARC/INFO E00 LAB coordinate",
        "source_x_m": 181.0,
        "source_y_m": 0.0,
        "conversion_crs": "Polyconic lon_0=-67 lat_0=18 Clarke 1866 meters to EPSG:4326",
        "conversion_status": "derived_from_lab_coordinates_attributes_pending"
      },
      "geometry": {
        "type": "Point",
        "coordinates": [
          -66.99829095,
          17.99999999
        ]
      }
    },
    {
      "type": "Feature",
      "properties": {
        "source_id": "metallic_e00_lab_351",
        "source_file": "metallic.e00",
        "source_report": "USGS OFR 98-038",
        "geometry_source": "ARC/INFO E00 LAB coordinate",
        "source_x_m": -15407.479,
        "source_y_m": 13748.965,
        "conversion_crs": "Polyconic lon_0=-67 lat_0=18 Clarke 1866 meters to EPSG:4326",
        "conversion_status": "derived_from_lab_coordinates_attributes_pending"
      },
      "geometry": {
        "type": "Point",
        "coordinates": [
          -67.14558413,
          18.12417302
        ]
      }
    },
    {
      "type": "Feature",
      "properties": {
        "source_id": "metallic_e00_lab_352",
        "source_file": "metallic.e00",
        "source_report": "USGS OFR 98-038",
        "geometry_source": "ARC/INFO E00 LAB coordinate",
        "source_x_m": 183.0,
        "source_y_m": 0.0,
        "conversion_crs": "Polyconic lon_0=-67 lat_0=18 Clarke 1866 meters to EPSG:4326",
        "conversion_status": "derived_from_lab_coordinates_attributes_pending"
      },
      "geometry": {
        "type": "Point",
        "coordinates": [
          -66.99827206,
          17.99999999
        ]
      }
    },
    {
      "type": "Feature",
      "properties": {
        "source_id": "metallic_e00_lab_353",
        "source_file": "metallic.e00",
        "source_report": "USGS OFR 98-038",
        "geometry_source": "ARC/INFO E00 LAB coordinate",
        "source_x_m": -40425.57,
        "source_y_m": 90426.578,
        "conversion_crs": "Polyconic lon_0=-67 lat_0=18 Clarke 1866 meters to EPSG:4326",
        "conversion_status": "derived_from_lab_coordinates_attributes_pending"
      },
      "geometry": {
        "type": "Point",
        "coordinates": [
          -67.38351416,
          18.81662034
        ]
      }
    },
    {
      "type": "Feature",
      "properties": {
        "source_id": "metallic_e00_lab_354",
        "source_file": "metallic.e00",
        "source_report": "USGS OFR 98-038",
        "geometry_source": "ARC/INFO E00 LAB coordinate",
        "source_x_m": 177.0,
        "source_y_m": 0.0,
        "conversion_crs": "Polyconic lon_0=-67 lat_0=18 Clarke 1866 meters to EPSG:4326",
        "conversion_status": "derived_from_lab_coordinates_attributes_pending"
      },
      "geometry": {
        "type": "Point",
        "coordinates": [
          -66.99832871,
          17.99999999
        ]
      }
    },
    {
      "type": "Feature",
      "properties": {
        "source_id": "metallic_e00_lab_355",
        "source_file": "metallic.e00",
        "source_report": "USGS OFR 98-038",
        "geometry_source": "ARC/INFO E00 LAB coordinate",
        "source_x_m": 103291.18,
        "source_y_m": -12730.619,
        "conversion_crs": "Polyconic lon_0=-67 lat_0=18 Clarke 1866 meters to EPSG:4326",
        "conversion_status": "derived_from_lab_coordinates_attributes_pending"
      },
      "geometry": {
        "type": "Point",
        "coordinates": [
          -66.02533352,
          17.88253416
        ]
      }
    },
    {
      "type": "Feature",
      "properties": {
        "source_id": "metallic_e00_lab_356",
        "source_file": "metallic.e00",
        "source_report": "USGS OFR 98-038",
        "geometry_source": "ARC/INFO E00 LAB coordinate",
        "source_x_m": 180.0,
        "source_y_m": 0.0,
        "conversion_crs": "Polyconic lon_0=-67 lat_0=18 Clarke 1866 meters to EPSG:4326",
        "conversion_status": "derived_from_lab_coordinates_attributes_pending"
      },
      "geometry": {
        "type": "Point",
        "coordinates": [
          -66.99830039,
          17.99999999
        ]
      }
    },
    {
      "type": "Feature",
      "properties": {
        "source_id": "metallic_e00_lab_357",
        "source_file": "metallic.e00",
        "source_report": "USGS OFR 98-038",
        "geometry_source": "ARC/INFO E00 LAB coordinate",
        "source_x_m": 103651.7,
        "source_y_m": -18602.146,
        "conversion_crs": "Polyconic lon_0=-67 lat_0=18 Clarke 1866 meters to EPSG:4326",
        "conversion_status": "derived_from_lab_coordinates_attributes_pending"
      },
      "geometry": {
        "type": "Point",
        "coordinates": [
          -66.02222158,
          17.82947188
        ]
      }
    },
    {
      "type": "Feature",
      "properties": {
        "source_id": "metallic_e00_lab_358",
        "source_file": "metallic.e00",
        "source_report": "USGS OFR 98-038",
        "geometry_source": "ARC/INFO E00 LAB coordinate",
        "source_x_m": 182.0,
        "source_y_m": 0.0,
        "conversion_crs": "Polyconic lon_0=-67 lat_0=18 Clarke 1866 meters to EPSG:4326",
        "conversion_status": "derived_from_lab_coordinates_attributes_pending"
      },
      "geometry": {
        "type": "Point",
        "coordinates": [
          -66.9982815,
          17.99999999
        ]
      }
    },
    {
      "type": "Feature",
      "properties": {
        "source_id": "metallic_e00_lab_359",
        "source_file": "metallic.e00",
        "source_report": "USGS OFR 98-038",
        "geometry_source": "ARC/INFO E00 LAB coordinate",
        "source_x_m": 104100.85,
        "source_y_m": -25424.311,
        "conversion_crs": "Polyconic lon_0=-67 lat_0=18 Clarke 1866 meters to EPSG:4326",
        "conversion_status": "derived_from_lab_coordinates_attributes_pending"
      },
      "geometry": {
        "type": "Point",
        "coordinates": [
          -66.01832172,
          17.76781673
        ]
      }
    },
    {
      "type": "Feature",
      "properties": {
        "source_id": "metallic_e00_lab_360",
        "source_file": "metallic.e00",
        "source_report": "USGS OFR 98-038",
        "geometry_source": "ARC/INFO E00 LAB coordinate",
        "source_x_m": 172.0,
        "source_y_m": 0.0,
        "conversion_crs": "Polyconic lon_0=-67 lat_0=18 Clarke 1866 meters to EPSG:4326",
        "conversion_status": "derived_from_lab_coordinates_attributes_pending"
      },
      "geometry": {
        "type": "Point",
        "coordinates": [
          -66.99837593,
          17.99999999
        ]
      }
    },
    {
      "type": "Feature",
      "properties": {
        "source_id": "metallic_e00_lab_361",
        "source_file": "metallic.e00",
        "source_report": "USGS OFR 98-038",
        "geometry_source": "ARC/INFO E00 LAB coordinate",
        "source_x_m": -14078.389,
        "source_y_m": -20992.779,
        "conversion_crs": "Polyconic lon_0=-67 lat_0=18 Clarke 1866 meters to EPSG:4326",
        "conversion_status": "derived_from_lab_coordinates_attributes_pending"
      },
      "geometry": {
        "type": "Point",
        "coordinates": [
          -67.13279097,
          17.81027267
        ]
      }
    },
    {
      "type": "Feature",
      "properties": {
        "source_id": "metallic_e00_lab_362",
        "source_file": "metallic.e00",
        "source_report": "USGS OFR 98-038",
        "geometry_source": "ARC/INFO E00 LAB coordinate",
        "source_x_m": 173.0,
        "source_y_m": 0.0,
        "conversion_crs": "Polyconic lon_0=-67 lat_0=18 Clarke 1866 meters to EPSG:4326",
        "conversion_status": "derived_from_lab_coordinates_attributes_pending"
      },
      "geometry": {
        "type": "Point",
        "coordinates": [
          -66.99836648,
          17.99999999
        ]
      }
    },
    {
      "type": "Feature",
      "properties": {
        "source_id": "metallic_e00_lab_363",
        "source_file": "metallic.e00",
        "source_report": "USGS OFR 98-038",
        "geometry_source": "ARC/INFO E00 LAB coordinate",
        "source_x_m": -14251.828,
        "source_y_m": -26341.295,
        "conversion_crs": "Polyconic lon_0=-67 lat_0=18 Clarke 1866 meters to EPSG:4326",
        "conversion_status": "derived_from_lab_coordinates_attributes_pending"
      },
      "geometry": {
        "type": "Point",
        "coordinates": [
          -67.13439075,
          17.76194407
        ]
      }
    },
    {
      "type": "Feature",
      "properties": {
        "source_id": "metallic_e00_lab_364",
        "source_file": "metallic.e00",
        "source_report": "USGS OFR 98-038",
        "geometry_source": "ARC/INFO E00 LAB coordinate",
        "source_x_m": -1.0,
        "source_y_m": 0.0,
        "conversion_crs": "Polyconic lon_0=-67 lat_0=18 Clarke 1866 meters to EPSG:4326",
        "conversion_status": "derived_from_lab_coordinates_attributes_pending"
      },
      "geometry": {
        "type": "Point",
        "coordinates": [
          -67.00000944,
          18.0
        ]
      }
    }
  ]
}